phone_id,brand,model_name,weight,ram,front_camera,back_camera,processor,battery,screen,price_pkr,price_inr,price_cny,price_usd,price_aed,launched_year,weight_g,ram_gb,front_mp,back_mp,battery_mah,screen_in,storage_gb,base_model,pdb_title,pdb_url,image_url,pdb_price,pdb_currency,pdb_released,pdb_os,pdb_cpu,display_type,refresh_rate,resolution,has_image,description
1,Apple,iPhone 16 128GB,174g,6GB,12MP,48MP,A17 Bionic,"3,600mAh",6.1 inches,224999.0,79999.0,5799.0,799.0,2799.0,2024,174.0,6.0,12.0,48.0,3600.0,6.1,128.0,iPhone 16,"Apple iPhone 16 5G A3287 Global Dual SIM TD-LTE 512GB  (Apple iPhone 17,3)","https://phonedb.net/index.php?m=device&id=23876&c=apple_iphone_16_5g_a3287_global_dual_sim_td-lte_512gb__apple_iphone_17,3",https://phonedb.net/img/apple_iphone16_4.jpg,1329.0,EUR,2024 Sep 21,Apple iOS 18,"Apple A18 APL1V08 T8142 (Tupai), 2024, 64 bit, hexa-core, 192 Kbyte I-Cache, 128 Kbyte D-Cache, 12288 Kbyte L2, 12288 Kbyte L3, 3 nm, Apple G17P GPU",AM-OLED,60 Hz,1179x2556,True,"iPhone 16 128GB by Apple is a smartphone launched in 2024. It has 6 GB RAM and 128 GB storage. Processor: A17 Bionic. The screen is 6.1 inches (AM-OLED 60 Hz). Battery: 3600 mAh. Cameras: rear 48MP, front 12MP. Weight: 174 g. Launch price: INR 79,999."
2,Apple,iPhone 16 256GB,174g,6GB,12MP,48MP,A17 Bionic,"3,600mAh",6.1 inches,234999.0,84999.0,6099.0,849.0,2999.0,2024,174.0,6.0,12.0,48.0,3600.0,6.1,256.0,iPhone 16,"Apple iPhone 16 5G A3287 Global Dual SIM TD-LTE 512GB  (Apple iPhone 17,3)","https://phonedb.net/index.php?m=device&id=23876&c=apple_iphone_16_5g_a3287_global_dual_sim_td-lte_512gb__apple_iphone_17,3",https://phonedb.net/img/apple_iphone16_4.jpg,1329.0,EUR,2024 Sep 21,Apple iOS 18,"Apple A18 APL1V08 T8142 (Tupai), 2024, 64 bit, hexa-core, 192 Kbyte I-Cache, 128 Kbyte D-Cache, 12288 Kbyte L2, 12288 Kbyte L3, 3 nm, Apple G17P GPU",AM-OLED,60 Hz,1179x2556,True,"iPhone 16 256GB by Apple is a smartphone launched in 2024. It has 6 GB RAM and 256 GB storage. Processor: A17 Bionic. The screen is 6.1 inches (AM-OLED 60 Hz). Battery: 3600 mAh. Cameras: rear 48MP, front 12MP. Weight: 174 g. Launch price: INR 84,999."
3,Apple,iPhone 16 512GB,174g,6GB,12MP,48MP,A17 Bionic,"3,600mAh",6.1 inches,244999.0,89999.0,6499.0,899.0,3199.0,2024,174.0,6.0,12.0,48.0,3600.0,6.1,512.0,iPhone 16,"Apple iPhone 16 5G A3287 Global Dual SIM TD-LTE 512GB  (Apple iPhone 17,3)","https://phonedb.net/index.php?m=device&id=23876&c=apple_iphone_16_5g_a3287_global_dual_sim_td-lte_512gb__apple_iphone_17,3",https://phonedb.net/img/apple_iphone16_4.jpg,1329.0,EUR,2024 Sep 21,Apple iOS 18,"Apple A18 APL1V08 T8142 (Tupai), 2024, 64 bit, hexa-core, 192 Kbyte I-Cache, 128 Kbyte D-Cache, 12288 Kbyte L2, 12288 Kbyte L3, 3 nm, Apple G17P GPU",AM-OLED,60 Hz,1179x2556,True,"iPhone 16 512GB by Apple is a smartphone launched in 2024. It has 6 GB RAM and 512 GB storage. Processor: A17 Bionic. The screen is 6.1 inches (AM-OLED 60 Hz). Battery: 3600 mAh. Cameras: rear 48MP, front 12MP. Weight: 174 g. Launch price: INR 89,999."
4,Apple,iPhone 16 Plus 128GB,203g,6GB,12MP,48MP,A17 Bionic,"4,200mAh",6.7 inches,249999.0,89999.0,6199.0,899.0,3199.0,2024,203.0,6.0,12.0,48.0,4200.0,6.7,128.0,iPhone 16 Plus,"Apple iPhone 16 Plus 5G A3290 Global Dual SIM TD-LTE 512GB  (Apple iPhone 17,4)","https://phonedb.net/index.php?m=device&id=23886&c=apple_iphone_16_plus_5g_a3290_global_dual_sim_td-lte_512gb__apple_iphone_17,4",https://phonedb.net/img/apple_iphone16_plus.jpg,119900.0,INR,2024 Sep 21,Apple iOS 18,"Apple A18 APL1V08 T8142 (Tupai), 2024, 64 bit, hexa-core, 192 Kbyte I-Cache, 128 Kbyte D-Cache, 12288 Kbyte L2, 12288 Kbyte L3, 3 nm, Apple G17P GPU",AM-OLED,60 Hz,1290x2796,True,"iPhone 16 Plus 128GB by Apple is a smartphone launched in 2024. It has 6 GB RAM and 128 GB storage. Processor: A17 Bionic. The screen is 6.7 inches (AM-OLED 60 Hz). Battery: 4200 mAh. Cameras: rear 48MP, front 12MP. Weight: 203 g. Launch price: INR 89,999."
5,Apple,iPhone 16 Plus 256GB,203g,6GB,12MP,48MP,A17 Bionic,"4,200mAh",6.7 inches,259999.0,94999.0,6499.0,949.0,3399.0,2024,203.0,6.0,12.0,48.0,4200.0,6.7,256.0,iPhone 16 Plus,"Apple iPhone 16 Plus 5G A3290 Global Dual SIM TD-LTE 512GB  (Apple iPhone 17,4)","https://phonedb.net/index.php?m=device&id=23886&c=apple_iphone_16_plus_5g_a3290_global_dual_sim_td-lte_512gb__apple_iphone_17,4",https://phonedb.net/img/apple_iphone16_plus.jpg,119900.0,INR,2024 Sep 21,Apple iOS 18,"Apple A18 APL1V08 T8142 (Tupai), 2024, 64 bit, hexa-core, 192 Kbyte I-Cache, 128 Kbyte D-Cache, 12288 Kbyte L2, 12288 Kbyte L3, 3 nm, Apple G17P GPU",AM-OLED,60 Hz,1290x2796,True,"iPhone 16 Plus 256GB by Apple is a smartphone launched in 2024. It has 6 GB RAM and 256 GB storage. Processor: A17 Bionic. The screen is 6.7 inches (AM-OLED 60 Hz). Battery: 4200 mAh. Cameras: rear 48MP, front 12MP. Weight: 203 g. Launch price: INR 94,999."
6,Apple,iPhone 16 Plus 512GB,203g,6GB,12MP,48MP,A17 Bionic,"4,200mAh",6.7 inches,274999.0,104999.0,6999.0,999.0,3599.0,2024,203.0,6.0,12.0,48.0,4200.0,6.7,512.0,iPhone 16 Plus,"Apple iPhone 16 Plus 5G A3290 Global Dual SIM TD-LTE 512GB  (Apple iPhone 17,4)","https://phonedb.net/index.php?m=device&id=23886&c=apple_iphone_16_plus_5g_a3290_global_dual_sim_td-lte_512gb__apple_iphone_17,4",https://phonedb.net/img/apple_iphone16_plus.jpg,119900.0,INR,2024 Sep 21,Apple iOS 18,"Apple A18 APL1V08 T8142 (Tupai), 2024, 64 bit, hexa-core, 192 Kbyte I-Cache, 128 Kbyte D-Cache, 12288 Kbyte L2, 12288 Kbyte L3, 3 nm, Apple G17P GPU",AM-OLED,60 Hz,1290x2796,True,"iPhone 16 Plus 512GB by Apple is a smartphone launched in 2024. It has 6 GB RAM and 512 GB storage. Processor: A17 Bionic. The screen is 6.7 inches (AM-OLED 60 Hz). Battery: 4200 mAh. Cameras: rear 48MP, front 12MP. Weight: 203 g. Launch price: INR 104,999."
7,Apple,iPhone 16 Pro 128GB,206g,6GB,12MP / 4K,50MP + 12MP,A17 Pro,"4,400mAh",6.1 inches,284999.0,99999.0,6999.0,999.0,3499.0,2024,206.0,6.0,12.0,50.0,4400.0,6.1,128.0,iPhone 16 Pro,"Apple iPhone 16 Pro 5G A3293 Global Dual SIM TD-LTE 1TB  (Apple iPhone 17,1)","https://phonedb.net/index.php?m=device&id=23860&c=apple_iphone_16_pro_5g_a3293_global_dual_sim_td-lte_1tb__apple_iphone_17,1",https://phonedb.net/img/apple_iphone16_pro_5.jpg,1829.0,EUR,2024 Sep 21,Apple iOS 18,"Apple A18 Pro APL1V07 T8140 (Tahiti), 2024, 64 bit, hexa-core, 192 Kbyte I-Cache, 128 Kbyte D-Cache, 20480 Kbyte L2, 24576 Kbyte L3, 3 nm, Apple G17P GPU",AM-OLED,120 Hz,1206x2622,True,"iPhone 16 Pro 128GB by Apple is a smartphone launched in 2024. It has 6 GB RAM and 128 GB storage. Processor: A17 Pro. The screen is 6.1 inches (AM-OLED 120 Hz). Battery: 4400 mAh. Cameras: rear 50MP + 12MP, front 12MP / 4K. Weight: 206 g. Launch price: INR 99,999."
8,Apple,iPhone 16 Pro 256GB,206g,8GB,12MP / 4K,50MP + 12MP,A17 Pro,"4,400mAh",6.1 inches,294999.0,104999.0,7099.0,1049.0,3699.0,2024,206.0,8.0,12.0,50.0,4400.0,6.1,256.0,iPhone 16 Pro,"Apple iPhone 16 Pro 5G A3293 Global Dual SIM TD-LTE 1TB  (Apple iPhone 17,1)","https://phonedb.net/index.php?m=device&id=23860&c=apple_iphone_16_pro_5g_a3293_global_dual_sim_td-lte_1tb__apple_iphone_17,1",https://phonedb.net/img/apple_iphone16_pro_5.jpg,1829.0,EUR,2024 Sep 21,Apple iOS 18,"Apple A18 Pro APL1V07 T8140 (Tahiti), 2024, 64 bit, hexa-core, 192 Kbyte I-Cache, 128 Kbyte D-Cache, 20480 Kbyte L2, 24576 Kbyte L3, 3 nm, Apple G17P GPU",AM-OLED,120 Hz,1206x2622,True,"iPhone 16 Pro 256GB by Apple is a smartphone launched in 2024. It has 8 GB RAM and 256 GB storage. Processor: A17 Pro. The screen is 6.1 inches (AM-OLED 120 Hz). Battery: 4400 mAh. Cameras: rear 50MP + 12MP, front 12MP / 4K. Weight: 206 g. Launch price: INR 104,999."
9,Apple,iPhone 16 Pro 512GB,206g,8GB,12MP / 4K,50MP + 12MP,A17 Pro,"4,400mAh",6.1 inches,314999.0,114999.0,7499.0,1099.0,3899.0,2024,206.0,8.0,12.0,50.0,4400.0,6.1,512.0,iPhone 16 Pro,"Apple iPhone 16 Pro 5G A3293 Global Dual SIM TD-LTE 1TB  (Apple iPhone 17,1)","https://phonedb.net/index.php?m=device&id=23860&c=apple_iphone_16_pro_5g_a3293_global_dual_sim_td-lte_1tb__apple_iphone_17,1",https://phonedb.net/img/apple_iphone16_pro_5.jpg,1829.0,EUR,2024 Sep 21,Apple iOS 18,"Apple A18 Pro APL1V07 T8140 (Tahiti), 2024, 64 bit, hexa-core, 192 Kbyte I-Cache, 128 Kbyte D-Cache, 20480 Kbyte L2, 24576 Kbyte L3, 3 nm, Apple G17P GPU",AM-OLED,120 Hz,1206x2622,True,"iPhone 16 Pro 512GB by Apple is a smartphone launched in 2024. It has 8 GB RAM and 512 GB storage. Processor: A17 Pro. The screen is 6.1 inches (AM-OLED 120 Hz). Battery: 4400 mAh. Cameras: rear 50MP + 12MP, front 12MP / 4K. Weight: 206 g. Launch price: INR 114,999."
10,Apple,iPhone 16 Pro Max 128GB,221g,6GB,12MP / 4K,48MP + 12MP,A17 Pro,"4,500mAh",6.7 inches,314999.0,109999.0,7499.0,1099.0,3799.0,2024,221.0,6.0,12.0,48.0,4500.0,6.7,128.0,iPhone 16 Pro Max,"Apple iPhone 16 Pro Max 5G A3296 Global Dual SIM TD-LTE 1TB  (Apple iPhone 17,2)","https://phonedb.net/index.php?m=device&id=23848&c=apple_iphone_16_pro_max_5g_a3296_global_dual_sim_td-lte_1tb__apple_iphone_17,2",https://phonedb.net/img/apple_iphone16_pro_max_5.jpg,1949.0,GBP,2024 Sep 21,Apple iOS 18,"Apple A18 Pro APL1V07 T8140 (Tahiti), 2024, 64 bit, hexa-core, 192 Kbyte I-Cache, 128 Kbyte D-Cache, 20480 Kbyte L2, 24576 Kbyte L3, 3 nm, Apple G17P GPU",AM-OLED,120 Hz,1320x2868,True,"iPhone 16 Pro Max 128GB by Apple is a smartphone launched in 2024. It has 6 GB RAM and 128 GB storage. Processor: A17 Pro. The screen is 6.7 inches (AM-OLED 120 Hz). Battery: 4500 mAh. Cameras: rear 48MP + 12MP, front 12MP / 4K. Weight: 221 g. Launch price: INR 109,999."
11,Apple,iPhone 16 Pro Max 256GB,221g,8GB,12MP / 4K,48MP + 12MP,A17 Pro,"4,500mAh",6.7 inches,324999.0,114999.0,7799.0,1199.0,3999.0,2024,221.0,8.0,12.0,48.0,4500.0,6.7,256.0,iPhone 16 Pro Max,"Apple iPhone 16 Pro Max 5G A3296 Global Dual SIM TD-LTE 1TB  (Apple iPhone 17,2)","https://phonedb.net/index.php?m=device&id=23848&c=apple_iphone_16_pro_max_5g_a3296_global_dual_sim_td-lte_1tb__apple_iphone_17,2",https://phonedb.net/img/apple_iphone16_pro_max_5.jpg,1949.0,GBP,2024 Sep 21,Apple iOS 18,"Apple A18 Pro APL1V07 T8140 (Tahiti), 2024, 64 bit, hexa-core, 192 Kbyte I-Cache, 128 Kbyte D-Cache, 20480 Kbyte L2, 24576 Kbyte L3, 3 nm, Apple G17P GPU",AM-OLED,120 Hz,1320x2868,True,"iPhone 16 Pro Max 256GB by Apple is a smartphone launched in 2024. It has 8 GB RAM and 256 GB storage. Processor: A17 Pro. The screen is 6.7 inches (AM-OLED 120 Hz). Battery: 4500 mAh. Cameras: rear 48MP + 12MP, front 12MP / 4K. Weight: 221 g. Launch price: INR 114,999."
12,Apple,iPhone 16 Pro Max 512GB,221g,8GB,12MP / 4K,48MP + 12MP,A17 Pro,"4,500mAh",6.7 inches,344999.0,124999.0,8199.0,1299.0,4199.0,2024,221.0,8.0,12.0,48.0,4500.0,6.7,512.0,iPhone 16 Pro Max,"Apple iPhone 16 Pro Max 5G A3296 Global Dual SIM TD-LTE 1TB  (Apple iPhone 17,2)","https://phonedb.net/index.php?m=device&id=23848&c=apple_iphone_16_pro_max_5g_a3296_global_dual_sim_td-lte_1tb__apple_iphone_17,2",https://phonedb.net/img/apple_iphone16_pro_max_5.jpg,1949.0,GBP,2024 Sep 21,Apple iOS 18,"Apple A18 Pro APL1V07 T8140 (Tahiti), 2024, 64 bit, hexa-core, 192 Kbyte I-Cache, 128 Kbyte D-Cache, 20480 Kbyte L2, 24576 Kbyte L3, 3 nm, Apple G17P GPU",AM-OLED,120 Hz,1320x2868,True,"iPhone 16 Pro Max 512GB by Apple is a smartphone launched in 2024. It has 8 GB RAM and 512 GB storage. Processor: A17 Pro. The screen is 6.7 inches (AM-OLED 120 Hz). Battery: 4500 mAh. Cameras: rear 48MP + 12MP, front 12MP / 4K. Weight: 221 g. Launch price: INR 124,999."
13,Samsung,Galaxy S24 Ultra 128GB,234g,12GB,12MP,200MP + 12MP,Exynos 2400,5000mAh,6.8 inches,450000.0,104900.0,7499.0,1199.0,4899.0,2024,234.0,12.0,12.0,200.0,5000.0,6.8,128.0,Galaxy S24 Ultra,Samsung SM-S928B Galaxy S24 Ultra 5G Global TD-LTE 256GB  (Samsung Muse 3),https://phonedb.net/index.php?m=device&id=22839&c=samsung_sm-s928b_galaxy_s24_ultra_5g_global_td-lte_256gb__samsung_muse_3,https://phonedb.net/img/samsung_galaxy_s24_ultra_5g.jpg,2199.0,AUD,2024 Jan 24,Google Android 14 (Upside Down Cake),"Qualcomm Snapdragon 8 Gen 3 for Galaxy SM8650-AC (Lanai), 2024, 64 bit, octa-core, 12288 Kbyte L3, 4 nm, Qualcomm Adreno 750 GPU",AM-OLED,120 Hz,1440x3120,True,"Galaxy S24 Ultra 128GB by Samsung is a smartphone launched in 2024. It has 12 GB RAM and 128 GB storage. Processor: Exynos 2400. The screen is 6.8 inches (AM-OLED 120 Hz). Battery: 5000 mAh. Cameras: rear 200MP + 12MP, front 12MP. Weight: 234 g. Launch price: INR 104,900."
14,Samsung,Galaxy S24 Ultra 256GB,234g,12GB,12MP,200MP + 12MP,Exynos 2400,5000mAh,6.8 inches,480000.0,114900.0,7999.0,1299.0,5099.0,2024,234.0,12.0,12.0,200.0,5000.0,6.8,256.0,Galaxy S24 Ultra,Samsung SM-S928B Galaxy S24 Ultra 5G Global TD-LTE 256GB  (Samsung Muse 3),https://phonedb.net/index.php?m=device&id=22839&c=samsung_sm-s928b_galaxy_s24_ultra_5g_global_td-lte_256gb__samsung_muse_3,https://phonedb.net/img/samsung_galaxy_s24_ultra_5g.jpg,2199.0,AUD,2024 Jan 24,Google Android 14 (Upside Down Cake),"Qualcomm Snapdragon 8 Gen 3 for Galaxy SM8650-AC (Lanai), 2024, 64 bit, octa-core, 12288 Kbyte L3, 4 nm, Qualcomm Adreno 750 GPU",AM-OLED,120 Hz,1440x3120,True,"Galaxy S24 Ultra 256GB by Samsung is a smartphone launched in 2024. It has 12 GB RAM and 256 GB storage. Processor: Exynos 2400. The screen is 6.8 inches (AM-OLED 120 Hz). Battery: 5000 mAh. Cameras: rear 200MP + 12MP, front 12MP. Weight: 234 g. Launch price: INR 114,900."
15,Samsung,Galaxy S24+ 128GB,196g,8GB,12MP,50MP + 12MP,Exynos 2400,4800mAh,6.6 inches,400000.0,89900.0,6199.0,899.0,3599.0,2024,196.0,8.0,12.0,50.0,4800.0,6.6,128.0,Galaxy S24+,Samsung SM-S926B Galaxy S24+ 5G Global TD-LTE 512GB  (Samsung Muse 2),https://phonedb.net/index.php?m=device&id=22860&c=samsung_sm-s926b_galaxy_s24plus_5g_global_td-lte_512gb__samsung_muse_2,https://phonedb.net/img/samsung_galaxy_s24_plus_5g_4.jpg,26999.0,MXN,2024 Jan 24,Google Android 14 (Upside Down Cake),"Samsung Exynos 2400 5G S5E9945, 2023, 64 bit, deca-core, 4 nm, Samsung Xclipse 940 GPU",AM-OLED,120 Hz,1440x3120,True,"Galaxy S24+ 128GB by Samsung is a smartphone launched in 2024. It has 8 GB RAM and 128 GB storage. Processor: Exynos 2400. The screen is 6.6 inches (AM-OLED 120 Hz). Battery: 4800 mAh. Cameras: rear 50MP + 12MP, front 12MP. Weight: 196 g. Launch price: INR 89,900."
16,Samsung,Galaxy S24+ 256GB,196g,8GB,12MP,50MP + 12MP,Exynos 2400,4800mAh,6.6 inches,430000.0,99900.0,6999.0,999.0,3799.0,2024,196.0,8.0,12.0,50.0,4800.0,6.6,256.0,Galaxy S24+,Samsung SM-S926B Galaxy S24+ 5G Global TD-LTE 512GB  (Samsung Muse 2),https://phonedb.net/index.php?m=device&id=22860&c=samsung_sm-s926b_galaxy_s24plus_5g_global_td-lte_512gb__samsung_muse_2,https://phonedb.net/img/samsung_galaxy_s24_plus_5g_4.jpg,26999.0,MXN,2024 Jan 24,Google Android 14 (Upside Down Cake),"Samsung Exynos 2400 5G S5E9945, 2023, 64 bit, deca-core, 4 nm, Samsung Xclipse 940 GPU",AM-OLED,120 Hz,1440x3120,True,"Galaxy S24+ 256GB by Samsung is a smartphone launched in 2024. It has 8 GB RAM and 256 GB storage. Processor: Exynos 2400. The screen is 6.6 inches (AM-OLED 120 Hz). Battery: 4800 mAh. Cameras: rear 50MP + 12MP, front 12MP. Weight: 196 g. Launch price: INR 99,900."
17,Samsung,Galaxy S24 128GB,168g,8GB,12MP,50MP + 12MP,Exynos 2400,4000mAh,6.1 inches,350000.0,79900.0,5799.0,799.0,3299.0,2024,168.0,8.0,12.0,50.0,4000.0,6.1,128.0,Galaxy S24,Samsung SM-S921Q Galaxy S24 5G Dual SIM TD-LTE JP 512GB  (Samsung Muse 1),https://phonedb.net/index.php?m=device&id=23114&c=samsung_sm-s921q_galaxy_s24_5g_dual_sim_td-lte_jp_512gb__samsung_muse_1,https://phonedb.net/img/samsung_galaxy_s24_5g_7.jpg,139000.0,JPY,2024 Apr 12,Google Android 14 (Upside Down Cake),"Qualcomm Snapdragon 8 Gen 3 for Galaxy SM8650-AC (Lanai), 2024, 64 bit, octa-core, 12288 Kbyte L3, 4 nm, Qualcomm Adreno 750 GPU",AM-OLED,120 Hz,1080x2340,True,"Galaxy S24 128GB by Samsung is a smartphone launched in 2024. It has 8 GB RAM and 128 GB storage. Processor: Exynos 2400. The screen is 6.1 inches (AM-OLED 120 Hz). Battery: 4000 mAh. Cameras: rear 50MP + 12MP, front 12MP. Weight: 168 g. Launch price: INR 79,900."
18,Samsung,Galaxy S24 256GB,168g,8GB,12MP,50MP + 12MP,Exynos 2400,4000mAh,6.1 inches,380000.0,89900.0,6199.0,899.0,3499.0,2024,168.0,8.0,12.0,50.0,4000.0,6.1,256.0,Galaxy S24,Samsung SM-S921Q Galaxy S24 5G Dual SIM TD-LTE JP 512GB  (Samsung Muse 1),https://phonedb.net/index.php?m=device&id=23114&c=samsung_sm-s921q_galaxy_s24_5g_dual_sim_td-lte_jp_512gb__samsung_muse_1,https://phonedb.net/img/samsung_galaxy_s24_5g_7.jpg,139000.0,JPY,2024 Apr 12,Google Android 14 (Upside Down Cake),"Qualcomm Snapdragon 8 Gen 3 for Galaxy SM8650-AC (Lanai), 2024, 64 bit, octa-core, 12288 Kbyte L3, 4 nm, Qualcomm Adreno 750 GPU",AM-OLED,120 Hz,1080x2340,True,"Galaxy S24 256GB by Samsung is a smartphone launched in 2024. It has 8 GB RAM and 256 GB storage. Processor: Exynos 2400. The screen is 6.1 inches (AM-OLED 120 Hz). Battery: 4000 mAh. Cameras: rear 50MP + 12MP, front 12MP. Weight: 168 g. Launch price: INR 89,900."
19,OnePlus,OnePlus 12 256GB,205g,12GB,32MP,50MP + 48MP,Snapdragon 8 Gen 3,5000mAh,6.7 inches,219999.0,74999.0,5999.0,799.0,3199.0,2024,205.0,12.0,32.0,50.0,5000.0,6.7,256.0,OnePlus 12,,,,,,,,,,,,False,"OnePlus 12 256GB by OnePlus is a smartphone launched in 2024. It has 12 GB RAM and 256 GB storage. Processor: Snapdragon 8 Gen 3. The screen is 6.7 inches. Battery: 5000 mAh. Cameras: rear 50MP + 48MP, front 32MP. Weight: 205 g. Launch price: INR 74,999."
20,OnePlus,OnePlus 12R 256GB,203g,12GB,16MP,50MP + 8MP,Snapdragon 8 Gen 2,4500mAh,6.7 inches,169999.0,49999.0,4299.0,699.0,2599.0,2024,203.0,12.0,16.0,50.0,4500.0,6.7,256.0,OnePlus 12R,,,,,,,,,,,,False,"OnePlus 12R 256GB by OnePlus is a smartphone launched in 2024. It has 12 GB RAM and 256 GB storage. Processor: Snapdragon 8 Gen 2. The screen is 6.7 inches. Battery: 4500 mAh. Cameras: rear 50MP + 8MP, front 16MP. Weight: 203 g. Launch price: INR 49,999."
21,OnePlus,OnePlus Open 256GB,238g,16GB,32MP,48MP + 48MP,Snapdragon 8 Gen 2,4800mAh,7.8 inches,299999.0,74999.0,6999.0,1099.0,4299.0,2024,238.0,16.0,32.0,48.0,4800.0,7.8,256.0,OnePlus Open,,,,,,,,,,,,False,"OnePlus Open 256GB by OnePlus is a smartphone launched in 2024. It has 16 GB RAM and 256 GB storage. Processor: Snapdragon 8 Gen 2. The screen is 7.8 inches. Battery: 4800 mAh. Cameras: rear 48MP + 48MP, front 32MP. Weight: 238 g. Launch price: INR 74,999."
22,Vivo,X200 128GB,223g,12GB,32MP,50MP,Dimensity 9400,6000mAh,6.78 inches,199999.0,119999.0,6999.0,999.0,3699.0,2024,223.0,12.0,32.0,50.0,6000.0,6.78,128.0,X200,,,,,,,,,,,,False,"X200 128GB by Vivo is a smartphone launched in 2024. It has 12 GB RAM and 128 GB storage. Processor: Dimensity 9400. The screen is 6.78 inches. Battery: 6000 mAh. Cameras: rear 50MP, front 32MP. Weight: 223 g. Launch price: INR 119,999."
23,Vivo,X200 256GB,223g,12GB,32MP,50MP,Dimensity 9400,6000mAh,6.78 inches,219999.0,129999.0,7499.0,1099.0,3999.0,2024,223.0,12.0,32.0,50.0,6000.0,6.78,256.0,X200,,,,,,,,,,,,False,"X200 256GB by Vivo is a smartphone launched in 2024. It has 12 GB RAM and 256 GB storage. Processor: Dimensity 9400. The screen is 6.78 inches. Battery: 6000 mAh. Cameras: rear 50MP, front 32MP. Weight: 223 g. Launch price: INR 129,999."
24,Vivo,X200 Pro 256GB,223g,16GB,32MP,200MP,Dimensity 9400,6000mAh,6.78 inches,229999.0,139999.0,7999.0,1199.0,4399.0,2024,223.0,16.0,32.0,200.0,6000.0,6.78,256.0,X200 Pro,,,,,,,,,,,,False,"X200 Pro 256GB by Vivo is a smartphone launched in 2024. It has 16 GB RAM and 256 GB storage. Processor: Dimensity 9400. The screen is 6.78 inches. Battery: 6000 mAh. Cameras: rear 200MP, front 32MP. Weight: 223 g. Launch price: INR 139,999."
25,Vivo,X200 Pro 512GB,223g,16GB,32MP,200MP,Dimensity 9400,6000mAh,6.78 inches,249999.0,149999.0,8499.0,1299.0,4699.0,2024,223.0,16.0,32.0,200.0,6000.0,6.78,512.0,X200 Pro,,,,,,,,,,,,False,"X200 Pro 512GB by Vivo is a smartphone launched in 2024. It has 16 GB RAM and 512 GB storage. Processor: Dimensity 9400. The screen is 6.78 inches. Battery: 6000 mAh. Cameras: rear 200MP, front 32MP. Weight: 223 g. Launch price: INR 149,999."
26,Vivo,X200 Pro Mini 256GB,187g,16GB,32MP,50MP,Dimensity 9400,5700mAh,6.31 inches,189999.0,109999.0,6499.0,949.0,3499.0,2024,187.0,16.0,32.0,50.0,5700.0,6.31,256.0,X200 Pro Mini,,,,,,,,,,,,False,"X200 Pro Mini 256GB by Vivo is a smartphone launched in 2024. It has 16 GB RAM and 256 GB storage. Processor: Dimensity 9400. The screen is 6.31 inches. Battery: 5700 mAh. Cameras: rear 50MP, front 32MP. Weight: 187 g. Launch price: INR 109,999."
27,Vivo,V40e 128GB,179g,8GB,44MP,64MP,Snapdragon 778G,4100mAh,6.44 inches,79999.0,44999.0,2999.0,449.0,1649.0,2024,179.0,8.0,44.0,64.0,4100.0,6.44,128.0,V40e,,,,,,,,,,,,False,"V40e 128GB by Vivo is a smartphone launched in 2024. It has 8 GB RAM and 128 GB storage. Processor: Snapdragon 778G. The screen is 6.44 inches. Battery: 4100 mAh. Cameras: rear 64MP, front 44MP. Weight: 179 g. Launch price: INR 44,999."
28,Vivo,Y200 GT 128GB,190g,12GB,16MP,64MP,Dimensity 1200,5000mAh,6.58 inches,69999.0,39999.0,2499.0,399.0,1499.0,2024,190.0,12.0,16.0,64.0,5000.0,6.58,128.0,Y200 GT,,,,,,,,,,,,False,"Y200 GT 128GB by Vivo is a smartphone launched in 2024. It has 12 GB RAM and 128 GB storage. Processor: Dimensity 1200. The screen is 6.58 inches. Battery: 5000 mAh. Cameras: rear 64MP, front 16MP. Weight: 190 g. Launch price: INR 39,999."
29,Vivo,T3 5G 128GB,180g,8GB,16MP,50MP,Snapdragon 870,5000mAh,6.67 inches,59999.0,34999.0,2299.0,349.0,1299.0,2024,180.0,8.0,16.0,50.0,5000.0,6.67,128.0,T3 5G,,,,,,,,,,,,False,"T3 5G 128GB by Vivo is a smartphone launched in 2024. It has 8 GB RAM and 128 GB storage. Processor: Snapdragon 870. The screen is 6.67 inches. Battery: 5000 mAh. Cameras: rear 50MP, front 16MP. Weight: 180 g. Launch price: INR 34,999."
30,Vivo,Y100 5G 128GB,181g,8GB,16MP,64MP,Dimensity 900,4500mAh,6.38 inches,54999.0,29999.0,1999.0,299.0,1099.0,2024,181.0,8.0,16.0,64.0,4500.0,6.38,128.0,Y100 5G,,,,,,,,,,,,False,"Y100 5G 128GB by Vivo is a smartphone launched in 2024. It has 8 GB RAM and 128 GB storage. Processor: Dimensity 900. The screen is 6.38 inches. Battery: 4500 mAh. Cameras: rear 64MP, front 16MP. Weight: 181 g. Launch price: INR 29,999."
31,Vivo,S18 Pro 256GB,189g,12GB,32MP,108MP,Snapdragon 8 Gen 2,4700mAh,6.56 inches,99999.0,59999.0,3999.0,599.0,2199.0,2024,189.0,12.0,32.0,108.0,4700.0,6.56,256.0,S18 Pro,,,,,,,,,,,,False,"S18 Pro 256GB by Vivo is a smartphone launched in 2024. It has 12 GB RAM and 256 GB storage. Processor: Snapdragon 8 Gen 2. The screen is 6.56 inches. Battery: 4700 mAh. Cameras: rear 108MP, front 32MP. Weight: 189 g. Launch price: INR 59,999."
32,Vivo,V30 Pro 128GB,192g,12GB,32MP,64MP,Dimensity 1100,4500mAh,6.44 inches,89999.0,49999.0,3499.0,549.0,1999.0,2024,192.0,12.0,32.0,64.0,4500.0,6.44,128.0,V30 Pro,,,,,,,,,,,,False,"V30 Pro 128GB by Vivo is a smartphone launched in 2024. It has 12 GB RAM and 128 GB storage. Processor: Dimensity 1100. The screen is 6.44 inches. Battery: 4500 mAh. Cameras: rear 64MP, front 32MP. Weight: 192 g. Launch price: INR 49,999."
33,Vivo,iQOO 12 256GB,210g,16GB,16MP,50MP,Snapdragon 8 Gen 3,5000mAh,6.78 inches,109999.0,64999.0,4499.0,699.0,2599.0,2024,210.0,16.0,16.0,50.0,5000.0,6.78,256.0,iQOO 12,,,,,,,,,,,,False,"iQOO 12 256GB by Vivo is a smartphone launched in 2024. It has 16 GB RAM and 256 GB storage. Processor: Snapdragon 8 Gen 3. The screen is 6.78 inches. Battery: 5000 mAh. Cameras: rear 50MP, front 16MP. Weight: 210 g. Launch price: INR 64,999."
34,Oppo,Find X8 Pro 256GB,210g,12GB,32MP,50MP + 50MP + 50MP,Snapdragon 8 Gen 2,5000mAh,6.8 inches,249999.0,139999.0,8999.0,1299.0,4799.0,2024,210.0,12.0,32.0,50.0,5000.0,6.8,256.0,Find X8 Pro,Oppo Find X8 Pro 5G Premium Edition Global Dual SIM TD-LTE V1 512GB CPH2659  (BBK 2659),https://phonedb.net/index.php?m=device&id=24297&c=oppo_find_x8_pro_5g_premium_edition_global_dual_sim_td-lte_v1_512gb_cph2659__bbk_2659,https://phonedb.net/img/oppo_find_x8_pro_3.jpg,1799.0,AUD,2024 Nov 23,Google Android 15 (Vanilla Ice Cream),"MediaTek Dimensity 9400 MT6991, 2024, 64 bit, octa-core, 7168 Kbyte L2, 12288 Kbyte L3, 3 nm, ARM Immortalis-G925 GPU",AM-OLED,120 Hz,1264x2780,True,"Find X8 Pro 256GB by Oppo is a smartphone launched in 2024. It has 12 GB RAM and 256 GB storage. Processor: Snapdragon 8 Gen 2. The screen is 6.8 inches (AM-OLED 120 Hz). Battery: 5000 mAh. Cameras: rear 50MP + 50MP + 50MP, front 32MP. Weight: 210 g. Launch price: INR 139,999."
35,Oppo,Find X8 256GB,195g,8GB,32MP,50MP + 50MP,Snapdragon 8 Gen 2,4800mAh,6.7 inches,199999.0,119999.0,7499.0,1099.0,4099.0,2024,195.0,8.0,32.0,50.0,4800.0,6.7,256.0,Find X8,Oppo Find X8 5G Premium Edition Dual SIM TD-LTE CN 1TB PKB110  (BBK 2651),https://phonedb.net/index.php?m=device&id=24311&c=oppo_find_x8_5g_premium_edition_dual_sim_td-lte_cn_1tb_pkb110__bbk_2651,https://phonedb.net/img/oppo_find_x8.jpg,5499.0,CNY,2024 Oct 24,Google Android 15 (Vanilla Ice Cream),"MediaTek Dimensity 9400 MT6991, 2024, 64 bit, octa-core, 7168 Kbyte L2, 12288 Kbyte L3, 3 nm, ARM Immortalis-G925 GPU",AM-OLED,120 Hz,1256x2760,True,"Find X8 256GB by Oppo is a smartphone launched in 2024. It has 8 GB RAM and 256 GB storage. Processor: Snapdragon 8 Gen 2. The screen is 6.7 inches (AM-OLED 120 Hz). Battery: 4800 mAh. Cameras: rear 50MP + 50MP, front 32MP. Weight: 195 g. Launch price: INR 119,999."
36,Oppo,Reno13 F 4G 256GB,192g,8GB,32MP,50MP + 8MP + 2MP,MediaTek Helio G100,5800mAh,6.67 inches,79999.0,44999.0,3499.0,499.0,1899.0,2025,192.0,8.0,32.0,50.0,5800.0,6.67,256.0,Reno13 F 4G,Oppo Reno13 F 4G 2025 Global Dual SIM TD-LTE V1 512GB CPH2701  (BBK 2701),https://phonedb.net/index.php?m=device&id=24887&c=oppo_reno13_f_4g_2025_global_dual_sim_td-lte_v1_512gb_cph2701__bbk_2701,https://phonedb.net/img/oppo_reno13_f_4g.jpg,,1-cell,2025 Jan 14,Google Android 15 (Vanilla Ice Cream),"MediaTek Helio G100 MT6789H, 2024, 64 bit, octa-core, 6 nm, ARM Mali-G57 GPU",AM-OLED,120 Hz,1080x2400,True,"Reno13 F 4G 256GB by Oppo is a smartphone launched in 2025. It has 8 GB RAM and 256 GB storage. Processor: MediaTek Helio G100. The screen is 6.67 inches (AM-OLED 120 Hz). Battery: 5800 mAh. Cameras: rear 50MP + 8MP + 2MP, front 32MP. Weight: 192 g. Launch price: INR 44,999."
37,Oppo,Reno13 F 256GB,192g,8GB,32MP,50MP + 8MP + 2MP,MediaTek Helio G100,5800mAh,6.67 inches,79999.0,44999.0,3499.0,499.0,1899.0,2025,192.0,8.0,32.0,50.0,5800.0,6.67,256.0,Reno13 F,Oppo Reno13 F 4G 2025 Global Dual SIM TD-LTE V1 512GB CPH2701  (BBK 2701),https://phonedb.net/index.php?m=device&id=24887&c=oppo_reno13_f_4g_2025_global_dual_sim_td-lte_v1_512gb_cph2701__bbk_2701,https://phonedb.net/img/oppo_reno13_f_4g.jpg,,1-cell,2025 Jan 14,Google Android 15 (Vanilla Ice Cream),"MediaTek Helio G100 MT6789H, 2024, 64 bit, octa-core, 6 nm, ARM Mali-G57 GPU",AM-OLED,120 Hz,1080x2400,True,"Reno13 F 256GB by Oppo is a smartphone launched in 2025. It has 8 GB RAM and 256 GB storage. Processor: MediaTek Helio G100. The screen is 6.67 inches (AM-OLED 120 Hz). Battery: 5800 mAh. Cameras: rear 50MP + 8MP + 2MP, front 32MP. Weight: 192 g. Launch price: INR 44,999."
38,Oppo,Reno13 Pro 512GB,210g,12GB,50MP,50MP + 50MP + 8MP,MediaTek Dimensity 8350,5800mAh,6.83 inches,129999.0,69999.0,5999.0,799.0,2999.0,2025,210.0,12.0,50.0,50.0,5800.0,6.83,512.0,Reno13 Pro,Oppo Reno13 Pro 5G 2025 Standard Edition Global Dual SIM TD-LTE V1 256GB CPH2697  (BBK 2697),https://phonedb.net/index.php?m=device&id=24892&c=oppo_reno13_pro_5g_2025_standard_edition_global_dual_sim_td-lte_v1_256gb_cph2697__bbk_2697,https://phonedb.net/img/oppo_reno13_pro_5g_3.jpg,49999.0,INR,2025 Jan 9,Google Android 15 (Vanilla Ice Cream),"MediaTek Dimensity 8350 MT6897, 2024, 64 bit, octa-core, 4 nm, ARM Mali-G615 GPU",AM-OLED,120 Hz,1272x2800,True,"Reno13 Pro 512GB by Oppo is a smartphone launched in 2025. It has 12 GB RAM and 512 GB storage. Processor: MediaTek Dimensity 8350. The screen is 6.83 inches (AM-OLED 120 Hz). Battery: 5800 mAh. Cameras: rear 50MP + 50MP + 8MP, front 50MP. Weight: 210 g. Launch price: INR 69,999."
39,Oppo,Reno13 256GB,200g,12GB,50MP,50MP + 8MP,MediaTek Dimensity 8350,5600mAh,6.59 inches,99999.0,54999.0,4999.0,699.0,2599.0,2025,200.0,12.0,50.0,50.0,5600.0,6.59,256.0,Reno13,Oppo Reno13 5G 2025 Base Edition Global Dual SIM TD-LTE V1 256GB CPH2689  (BBK 2689),https://phonedb.net/index.php?m=device&id=24904&c=oppo_reno13_5g_2025_base_edition_global_dual_sim_td-lte_v1_256gb_cph2689__bbk_2689,https://phonedb.net/img/oppo_reno13_5g_5.jpg,39999.0,INR,2025 Jan 11,Google Android 15 (Vanilla Ice Cream),"MediaTek Dimensity 8350 MT6897, 2024, 64 bit, octa-core, 4 nm, ARM Mali-G615 GPU",AM-OLED,120 Hz,1256x2760,True,"Reno13 256GB by Oppo is a smartphone launched in 2025. It has 12 GB RAM and 256 GB storage. Processor: MediaTek Dimensity 8350. The screen is 6.59 inches (AM-OLED 120 Hz). Battery: 5600 mAh. Cameras: rear 50MP + 8MP, front 50MP. Weight: 200 g. Launch price: INR 54,999."
40,Oppo,Reno12 F 4G 256GB,187g,8GB,32MP,50MP + 8MP + 2MP,Snapdragon 685,5000mAh,6.7 inches,69999.0,39999.0,3199.0,449.0,1699.0,2024,187.0,8.0,32.0,50.0,5000.0,6.7,256.0,Reno12 F 4G,Oppo Reno12 F 5G 2024 Premium Edition Global  Dual SIM TD-LTE V1 256GB CPH2637  (BBK 2637),https://phonedb.net/index.php?m=device&id=24340&c=oppo_reno12_f_5g_2024_premium_edition_global__dual_sim_td-lte_v1_256gb_cph2637__bbk_2637,https://phonedb.net/img/oppo_reno12_f_5g_2024.jpg,499.0,SGD,2024 Aug 3,Google Android 14 (Upside Down Cake),"MediaTek Dimensity 6300 MT6835T, 2024, 64 bit, octa-core, 2048 Kbyte L2, 6 nm, ARM Mali-G57 GPU",AM-OLED,120 Hz,1080x2400,True,"Reno12 F 4G 256GB by Oppo is a smartphone launched in 2024. It has 8 GB RAM and 256 GB storage. Processor: Snapdragon 685. The screen is 6.7 inches (AM-OLED 120 Hz). Battery: 5000 mAh. Cameras: rear 50MP + 8MP + 2MP, front 32MP. Weight: 187 g. Launch price: INR 39,999."
41,Oppo,Reno12 F 256GB,187g,8GB,32MP,50MP + 8MP + 2MP,Snapdragon 685,5000mAh,6.7 inches,69999.0,39999.0,3199.0,449.0,1699.0,2024,187.0,8.0,32.0,50.0,5000.0,6.7,256.0,Reno12 F,Oppo Reno12 F 5G 2024 Premium Edition Global  Dual SIM TD-LTE V1 256GB CPH2637  (BBK 2637),https://phonedb.net/index.php?m=device&id=24340&c=oppo_reno12_f_5g_2024_premium_edition_global__dual_sim_td-lte_v1_256gb_cph2637__bbk_2637,https://phonedb.net/img/oppo_reno12_f_5g_2024.jpg,499.0,SGD,2024 Aug 3,Google Android 14 (Upside Down Cake),"MediaTek Dimensity 6300 MT6835T, 2024, 64 bit, octa-core, 2048 Kbyte L2, 6 nm, ARM Mali-G57 GPU",AM-OLED,120 Hz,1080x2400,True,"Reno12 F 256GB by Oppo is a smartphone launched in 2024. It has 8 GB RAM and 256 GB storage. Processor: Snapdragon 685. The screen is 6.7 inches (AM-OLED 120 Hz). Battery: 5000 mAh. Cameras: rear 50MP + 8MP + 2MP, front 32MP. Weight: 187 g. Launch price: INR 39,999."
42,Oppo,Reno12 Pro 512GB,190g,12GB,32MP,50MP + 32MP + 8MP,MediaTek Dimensity 8200,4600mAh,6.74 inches,119999.0,64999.0,5499.0,749.0,2799.0,2024,190.0,12.0,32.0,50.0,4600.0,6.74,512.0,Reno12 Pro,Oppo Reno12 Pro 5G 2024 Premium Edition Global Dual SIM TD-LTE V1 512GB CPH2629  (BBK 2629),https://phonedb.net/index.php?m=device&id=24334&c=oppo_reno12_pro_5g_2024_premium_edition_global_dual_sim_td-lte_v1_512gb_cph2629__bbk_2629,https://phonedb.net/img/oppo_reno12_pro_5g_2.jpg,499.0,GBP,2024 Jun,Google Android 14 (Upside Down Cake),"MediaTek Dimensity 7300 MT6878, 2024, 64 bit, octa-core, 4 nm, ARM Mali-G615 GPU",AM-OLED,120 Hz,1080x2412,True,"Reno12 Pro 512GB by Oppo is a smartphone launched in 2024. It has 12 GB RAM and 512 GB storage. Processor: MediaTek Dimensity 8200. The screen is 6.74 inches (AM-OLED 120 Hz). Battery: 4600 mAh. Cameras: rear 50MP + 32MP + 8MP, front 32MP. Weight: 190 g. Launch price: INR 64,999."
43,Oppo,Reno12 256GB,185g,8GB,32MP,50MP + 8MP,MediaTek Dimensity 7050,5000mAh,6.7 inches,89999.0,49999.0,3999.0,599.0,2199.0,2024,185.0,8.0,32.0,50.0,5000.0,6.7,256.0,Reno12,Oppo Reno12 5G 2024 Base Edition Dual SIM TD-LTE IN V3 256GB CPH2625  (BBK 2625),https://phonedb.net/index.php?m=device&id=24329&c=oppo_reno12_5g_2024_base_edition_dual_sim_td-lte_in_v3_256gb_cph2625__bbk_2625,https://phonedb.net/img/oppo_reno12_5g_3.jpg,43999.0,INR,2024 Jul 26,Google Android 14 (Upside Down Cake),"MediaTek Dimensity 7300 MT6878, 2024, 64 bit, octa-core, 4 nm, ARM Mali-G615 GPU",AM-OLED,120 Hz,1080x2412,True,"Reno12 256GB by Oppo is a smartphone launched in 2024. It has 8 GB RAM and 256 GB storage. Processor: MediaTek Dimensity 7050. The screen is 6.7 inches (AM-OLED 120 Hz). Battery: 5000 mAh. Cameras: rear 50MP + 8MP, front 32MP. Weight: 185 g. Launch price: INR 49,999."
44,Oppo,Reno11 F 256GB,185g,8GB,32MP,64MP + 8MP + 2MP,MediaTek Dimensity 7050,5000mAh,6.7 inches,79999.0,44999.0,3499.0,499.0,1899.0,2024,185.0,8.0,32.0,64.0,5000.0,6.7,256.0,Reno11 F,Oppo Reno11 F 5G 2024 Global Dual SIM TD-LTE V1 256GB CPH2603  (BBK 2603),https://phonedb.net/index.php?m=device&id=23296&c=oppo_reno11_f_5g_2024_global_dual_sim_td-lte_v1_256gb_cph2603__bbk_2603,https://phonedb.net/img/oppo_reno11f_5g.jpg,11990.0,TWD,2024 Feb,Google Android 14 (Upside Down Cake),"MediaTek Dimensity 7050 MT6877V/TTZA, 2023, 64 bit, octa-core, 6 nm, ARM Mail-G68 GPU",AM-OLED,120 Hz,1080x2412,True,"Reno11 F 256GB by Oppo is a smartphone launched in 2024. It has 8 GB RAM and 256 GB storage. Processor: MediaTek Dimensity 7050. The screen is 6.7 inches (AM-OLED 120 Hz). Battery: 5000 mAh. Cameras: rear 64MP + 8MP + 2MP, front 32MP. Weight: 185 g. Launch price: INR 44,999."
45,Oppo,Reno11 Pro 512GB,190g,12GB,32MP,50MP + 32MP + 8MP,MediaTek Dimensity 8200,4600mAh,6.74 inches,109999.0,59999.0,4999.0,699.0,2599.0,2024,190.0,12.0,32.0,50.0,4600.0,6.74,512.0,Reno11 Pro,,,,,,,,,,,,False,"Reno11 Pro 512GB by Oppo is a smartphone launched in 2024. It has 12 GB RAM and 512 GB storage. Processor: MediaTek Dimensity 8200. The screen is 6.74 inches. Battery: 4600 mAh. Cameras: rear 50MP + 32MP + 8MP, front 32MP. Weight: 190 g. Launch price: INR 59,999."
46,Oppo,A5 Pro 256GB,180g,8GB,16MP,50MP + 2MP,Dimensity 7300,6000mAh,6.7 inches,89999.0,49999.0,3999.0,599.0,2199.0,2024,180.0,8.0,16.0,50.0,6000.0,6.7,256.0,A5 Pro,,,,,,,,,,,,False,"A5 Pro 256GB by Oppo is a smartphone launched in 2024. It has 8 GB RAM and 256 GB storage. Processor: Dimensity 7300. The screen is 6.7 inches. Battery: 6000 mAh. Cameras: rear 50MP + 2MP, front 16MP. Weight: 180 g. Launch price: INR 49,999."
47,Oppo,A5 Pro 512GB,186g,12GB,16MP,50MP + 2MP,Dimensity 7300,6000mAh,6.7 inches,99999.0,54999.0,4499.0,699.0,2499.0,2024,186.0,12.0,16.0,50.0,6000.0,6.7,512.0,A5 Pro,,,,,,,,,,,,False,"A5 Pro 512GB by Oppo is a smartphone launched in 2024. It has 12 GB RAM and 512 GB storage. Processor: Dimensity 7300. The screen is 6.7 inches. Battery: 6000 mAh. Cameras: rear 50MP + 2MP, front 16MP. Weight: 186 g. Launch price: INR 54,999."
48,Oppo,A80 256GB,186g,8GB,8MP,50MP + 2MP,Dimensity 6300,5100mAh,6.67 inches,79999.0,44999.0,3499.0,499.0,1899.0,2024,186.0,8.0,8.0,50.0,5100.0,6.67,256.0,A80,,,,,,,,,,,,False,"A80 256GB by Oppo is a smartphone launched in 2024. It has 8 GB RAM and 256 GB storage. Processor: Dimensity 6300. The screen is 6.67 inches. Battery: 5100 mAh. Cameras: rear 50MP + 2MP, front 8MP. Weight: 186 g. Launch price: INR 44,999."
49,Oppo,A3 4G 128GB,186g,4GB,5MP,50MP,Snapdragon 6s 4G Gen 1,5000mAh,6.7 inches,59999.0,34999.0,2999.0,399.0,1499.0,2024,186.0,4.0,5.0,50.0,5000.0,6.7,128.0,A3 4G,Oppo A3 5G 2024 Standard Edition Dual SIM TD-LTE JP 128GB CPH2639  (BBK 2639),https://phonedb.net/index.php?m=device&id=24063&c=oppo_a3_5g_2024_standard_edition_dual_sim_td-lte_jp_128gb_cph2639__bbk_2639,https://phonedb.net/img/oppo_a3_5g_2024_jp.jpg,,1-cell,2024 Dec 12,Google Android 14 (Upside Down Cake),"MediaTek Dimensity 6300 MT6835T, 2024, 64 bit, octa-core, 2048 Kbyte L2, 6 nm, ARM Mali-G57 GPU",Color IPS TFT LCD,120 Hz,720x1604,True,"A3 4G 128GB by Oppo is a smartphone launched in 2024. It has 4 GB RAM and 128 GB storage. Processor: Snapdragon 6s 4G Gen 1. The screen is 6.7 inches (Color IPS TFT LCD 120 Hz). Battery: 5000 mAh. Cameras: rear 50MP, front 5MP. Weight: 186 g. Launch price: INR 34,999."
50,Oppo,A3x 4G 128GB,186g,4GB,8MP,8MP + 2MP,Snapdragon 6s 4G Gen 1,5100mAh,6.67 inches,64999.0,36999.0,3199.0,449.0,1699.0,2024,186.0,4.0,8.0,8.0,5100.0,6.67,128.0,A3x 4G,,,,,,,,,,,,False,"A3x 4G 128GB by Oppo is a smartphone launched in 2024. It has 4 GB RAM and 128 GB storage. Processor: Snapdragon 6s 4G Gen 1. The screen is 6.67 inches. Battery: 5100 mAh. Cameras: rear 8MP + 2MP, front 8MP. Weight: 186 g. Launch price: INR 36,999."
51,Oppo,A3x 4G 256GB,186g,6GB,8MP,8MP + 2MP,Snapdragon 6s 4G Gen 1,5100mAh,6.67 inches,69999.0,39999.0,3499.0,499.0,1899.0,2024,186.0,6.0,8.0,8.0,5100.0,6.67,256.0,A3x 4G,,,,,,,,,,,,False,"A3x 4G 256GB by Oppo is a smartphone launched in 2024. It has 6 GB RAM and 256 GB storage. Processor: Snapdragon 6s 4G Gen 1. The screen is 6.67 inches. Battery: 5100 mAh. Cameras: rear 8MP + 2MP, front 8MP. Weight: 186 g. Launch price: INR 39,999."
52,Oppo,A3 128GB,186g,4GB,5MP,50MP,Snapdragon 6s 4G Gen 1,5000mAh,6.7 inches,59999.0,34999.0,2999.0,399.0,1499.0,2024,186.0,4.0,5.0,50.0,5000.0,6.7,128.0,A3,Oppo A3 5G 2024 Standard Edition Dual SIM TD-LTE JP 128GB CPH2639  (BBK 2639),https://phonedb.net/index.php?m=device&id=24063&c=oppo_a3_5g_2024_standard_edition_dual_sim_td-lte_jp_128gb_cph2639__bbk_2639,https://phonedb.net/img/oppo_a3_5g_2024_jp.jpg,,1-cell,2024 Dec 12,Google Android 14 (Upside Down Cake),"MediaTek Dimensity 6300 MT6835T, 2024, 64 bit, octa-core, 2048 Kbyte L2, 6 nm, ARM Mali-G57 GPU",Color IPS TFT LCD,120 Hz,720x1604,True,"A3 128GB by Oppo is a smartphone launched in 2024. It has 4 GB RAM and 128 GB storage. Processor: Snapdragon 6s 4G Gen 1. The screen is 6.7 inches (Color IPS TFT LCD 120 Hz). Battery: 5000 mAh. Cameras: rear 50MP, front 5MP. Weight: 186 g. Launch price: INR 34,999."
53,Oppo,A3x 128GB,186g,4GB,8MP,8MP + 2MP,Snapdragon 6s 4G Gen 1,5100mAh,6.67 inches,64999.0,36999.0,3199.0,449.0,1699.0,2024,186.0,4.0,8.0,8.0,5100.0,6.67,128.0,A3x,,,,,,,,,,,,False,"A3x 128GB by Oppo is a smartphone launched in 2024. It has 4 GB RAM and 128 GB storage. Processor: Snapdragon 6s 4G Gen 1. The screen is 6.67 inches. Battery: 5100 mAh. Cameras: rear 8MP + 2MP, front 8MP. Weight: 186 g. Launch price: INR 36,999."
54,Oppo,A3x 256GB,186g,6GB,8MP,8MP + 2MP,Snapdragon 6s 4G Gen 1,5100mAh,6.67 inches,69999.0,39999.0,3499.0,499.0,1899.0,2024,186.0,6.0,8.0,8.0,5100.0,6.67,256.0,A3x,,,,,,,,,,,,False,"A3x 256GB by Oppo is a smartphone launched in 2024. It has 6 GB RAM and 256 GB storage. Processor: Snapdragon 6s 4G Gen 1. The screen is 6.67 inches. Battery: 5100 mAh. Cameras: rear 8MP + 2MP, front 8MP. Weight: 186 g. Launch price: INR 39,999."
55,Oppo,A60 128GB,186g,8GB,8MP,50MP + 2MP,Snapdragon 680 4G,5000mAh,6.67 inches,69999.0,39999.0,3199.0,449.0,1699.0,2024,186.0,8.0,8.0,50.0,5000.0,6.67,128.0,A60,Oppo A60 4G 2022 Dual SIM TD-LTE APAC V2 256GB CPH2631  (BBK 2631),https://phonedb.net/index.php?m=device&id=23305&c=oppo_a60_4g_2022_dual_sim_td-lte_apac_v2_256gb_cph2631__bbk_2631,https://phonedb.net/img/oppo_a60_4g_2024.jpg,299.0,SGD,2024 Apr 26,Google Android 14 (Upside Down Cake),"Qualcomm Snapdragon 680 SM6225, 2021, 64 bit, octa-core, 6 nm, Qualcomm Adreno 610 GPU",Color IPS TFT LCD,90 Hz,720x1604,True,"A60 128GB by Oppo is a smartphone launched in 2024. It has 8 GB RAM and 128 GB storage. Processor: Snapdragon 680 4G. The screen is 6.67 inches (Color IPS TFT LCD 90 Hz). Battery: 5000 mAh. Cameras: rear 50MP + 2MP, front 8MP. Weight: 186 g. Launch price: INR 39,999."
56,Oppo,A60 256GB,186g,8GB,8MP,50MP + 2MP,Snapdragon 680 4G,5000mAh,6.67 inches,74999.0,42999.0,3499.0,499.0,1899.0,2024,186.0,8.0,8.0,50.0,5000.0,6.67,256.0,A60,Oppo A60 4G 2022 Dual SIM TD-LTE APAC V2 256GB CPH2631  (BBK 2631),https://phonedb.net/index.php?m=device&id=23305&c=oppo_a60_4g_2022_dual_sim_td-lte_apac_v2_256gb_cph2631__bbk_2631,https://phonedb.net/img/oppo_a60_4g_2024.jpg,299.0,SGD,2024 Apr 26,Google Android 14 (Upside Down Cake),"Qualcomm Snapdragon 680 SM6225, 2021, 64 bit, octa-core, 6 nm, Qualcomm Adreno 610 GPU",Color IPS TFT LCD,90 Hz,720x1604,True,"A60 256GB by Oppo is a smartphone launched in 2024. It has 8 GB RAM and 256 GB storage. Processor: Snapdragon 680 4G. The screen is 6.67 inches (Color IPS TFT LCD 90 Hz). Battery: 5000 mAh. Cameras: rear 50MP + 2MP, front 8MP. Weight: 186 g. Launch price: INR 42,999."
57,Oppo,K12 Plus 256GB,192g,8GB,16MP,50MP,Snapdragon 7 Gen 3,6400mAh,6.7 inches,109999.0,59999.0,4999.0,699.0,2599.0,2024,192.0,8.0,16.0,50.0,6400.0,6.7,256.0,K12 Plus,,,,,,,,,,,,False,"K12 Plus 256GB by Oppo is a smartphone launched in 2024. It has 8 GB RAM and 256 GB storage. Processor: Snapdragon 7 Gen 3. The screen is 6.7 inches. Battery: 6400 mAh. Cameras: rear 50MP, front 16MP. Weight: 192 g. Launch price: INR 59,999."
58,Oppo,K12 Plus 512GB,192g,12GB,16MP,50MP,Snapdragon 7 Gen 3,6400mAh,6.7 inches,119999.0,64999.0,5499.0,799.0,2999.0,2024,192.0,12.0,16.0,50.0,6400.0,6.7,512.0,K12 Plus,,,,,,,,,,,,False,"K12 Plus 512GB by Oppo is a smartphone launched in 2024. It has 12 GB RAM and 512 GB storage. Processor: Snapdragon 7 Gen 3. The screen is 6.7 inches. Battery: 6400 mAh. Cameras: rear 50MP, front 16MP. Weight: 192 g. Launch price: INR 64,999."
59,Oppo,F27 128GB,175g,8GB,32MP,64MP + 2MP,Dimensity 7050,5000mAh,6.7 inches,79999.0,44999.0,3499.0,499.0,1899.0,2024,175.0,8.0,32.0,64.0,5000.0,6.7,128.0,F27,,,,,,,,,,,,False,"F27 128GB by Oppo is a smartphone launched in 2024. It has 8 GB RAM and 128 GB storage. Processor: Dimensity 7050. The screen is 6.7 inches. Battery: 5000 mAh. Cameras: rear 64MP + 2MP, front 32MP. Weight: 175 g. Launch price: INR 44,999."
60,Oppo,F27 256GB,175g,8GB,32MP,64MP + 2MP,Dimensity 7050,5000mAh,6.7 inches,84999.0,47999.0,3799.0,549.0,2099.0,2024,175.0,8.0,32.0,64.0,5000.0,6.7,256.0,F27,,,,,,,,,,,,False,"F27 256GB by Oppo is a smartphone launched in 2024. It has 8 GB RAM and 256 GB storage. Processor: Dimensity 7050. The screen is 6.7 inches. Battery: 5000 mAh. Cameras: rear 64MP + 2MP, front 32MP. Weight: 175 g. Launch price: INR 47,999."
61,Oppo,F27 Pro+ 256GB,177g,8GB,32MP,64MP + 2MP,Dimensity 7050,5000mAh,6.7 inches,89999.0,49999.0,3999.0,599.0,2199.0,2024,177.0,8.0,32.0,64.0,5000.0,6.7,256.0,F27 Pro+,,,,,,,,,,,,False,"F27 Pro+ 256GB by Oppo is a smartphone launched in 2024. It has 8 GB RAM and 256 GB storage. Processor: Dimensity 7050. The screen is 6.7 inches. Battery: 5000 mAh. Cameras: rear 64MP + 2MP, front 32MP. Weight: 177 g. Launch price: INR 49,999."
62,Oppo,F27 Pro+ 512GB,177g,12GB,32MP,64MP + 2MP,Dimensity 7050,5000mAh,6.7 inches,99999.0,54999.0,4499.0,699.0,2499.0,2024,177.0,12.0,32.0,64.0,5000.0,6.7,512.0,F27 Pro+,,,,,,,,,,,,False,"F27 Pro+ 512GB by Oppo is a smartphone launched in 2024. It has 12 GB RAM and 512 GB storage. Processor: Dimensity 7050. The screen is 6.7 inches. Battery: 5000 mAh. Cameras: rear 64MP + 2MP, front 32MP. Weight: 177 g. Launch price: INR 54,999."
63,Oppo,Find X7 Ultra 256GB,221g,12GB,32MP,50MP + 50MP + 50MP,Snapdragon 8 Gen 3,5000mAh,6.82 inches,199999.0,109999.0,7999.0,1199.0,4399.0,2024,221.0,12.0,32.0,50.0,5000.0,6.82,256.0,Find X7 Ultra,Oppo Find X7 Ultra 5G Standard Edition Dual SIM TD-LTE CN 256GB PHY110  (BBK Pangu),https://phonedb.net/index.php?m=device&id=23310&c=oppo_find_x7_ultra_5g_standard_edition_dual_sim_td-lte_cn_256gb_phy110__bbk_pangu,https://phonedb.net/img/oppo_find_x7_ultra_2.jpg,5999.0,CNY,2024 Jan 12,Google Android 14 (Upside Down Cake),"Qualcomm Snapdragon 8 Gen 3 SM8650-AB (Lanai), 2023, 64 bit, octa-core, 12288 Kbyte L3, 4 nm, Qualcomm Adreno 750 GPU",AM-OLED,120 Hz,1440x3168,True,"Find X7 Ultra 256GB by Oppo is a smartphone launched in 2024. It has 12 GB RAM and 256 GB storage. Processor: Snapdragon 8 Gen 3. The screen is 6.82 inches (AM-OLED 120 Hz). Battery: 5000 mAh. Cameras: rear 50MP + 50MP + 50MP, front 32MP. Weight: 221 g. Launch price: INR 109,999."
64,Oppo,Find X7 Ultra 512GB,221g,16GB,32MP,50MP + 50MP + 50MP,Snapdragon 8 Gen 3,5000mAh,6.82 inches,219999.0,119999.0,8999.0,1299.0,4799.0,2024,221.0,16.0,32.0,50.0,5000.0,6.82,512.0,Find X7 Ultra,Oppo Find X7 Ultra 5G Standard Edition Dual SIM TD-LTE CN 256GB PHY110  (BBK Pangu),https://phonedb.net/index.php?m=device&id=23310&c=oppo_find_x7_ultra_5g_standard_edition_dual_sim_td-lte_cn_256gb_phy110__bbk_pangu,https://phonedb.net/img/oppo_find_x7_ultra_2.jpg,5999.0,CNY,2024 Jan 12,Google Android 14 (Upside Down Cake),"Qualcomm Snapdragon 8 Gen 3 SM8650-AB (Lanai), 2023, 64 bit, octa-core, 12288 Kbyte L3, 4 nm, Qualcomm Adreno 750 GPU",AM-OLED,120 Hz,1440x3168,True,"Find X7 Ultra 512GB by Oppo is a smartphone launched in 2024. It has 16 GB RAM and 512 GB storage. Processor: Snapdragon 8 Gen 3. The screen is 6.82 inches (AM-OLED 120 Hz). Battery: 5000 mAh. Cameras: rear 50MP + 50MP + 50MP, front 32MP. Weight: 221 g. Launch price: INR 119,999."
65,Oppo,Find X7 256GB,206g,12GB,32MP,50MP + 50MP + 64MP,Dimensity 9300,5000mAh,6.78 inches,179999.0,99999.0,6999.0,1099.0,3999.0,2024,206.0,12.0,32.0,50.0,5000.0,6.78,256.0,Find X7,Oppo Find X7 5G Premium Edition Dual SIM TD-LTE CN 1TB PHZ110  (BBK NVWA),https://phonedb.net/index.php?m=device&id=23315&c=oppo_find_x7_5g_premium_edition_dual_sim_td-lte_cn_1tb_phz110__bbk_nvwa,https://phonedb.net/img/oppo_find_x7_3.jpg,4999.0,CNY,2024 Jan 12,Google Android 14 (Upside Down Cake),"MediaTek Dimensity 9300 MT6989, 2023, 64 bit, octa-core, 3584 Kbyte L2, 8192 Kbyte L3, 4 nm, ARM Immortalis-G720 GPU",AM-OLED,120 Hz,1264x2780,True,"Find X7 256GB by Oppo is a smartphone launched in 2024. It has 12 GB RAM and 256 GB storage. Processor: Dimensity 9300. The screen is 6.78 inches (AM-OLED 120 Hz). Battery: 5000 mAh. Cameras: rear 50MP + 50MP + 64MP, front 32MP. Weight: 206 g. Launch price: INR 99,999."
66,Oppo,Find X7 512GB,206g,16GB,32MP,50MP + 50MP + 64MP,Dimensity 9300,5000mAh,6.78 inches,199999.0,109999.0,7999.0,1199.0,4399.0,2024,206.0,16.0,32.0,50.0,5000.0,6.78,512.0,Find X7,Oppo Find X7 5G Premium Edition Dual SIM TD-LTE CN 1TB PHZ110  (BBK NVWA),https://phonedb.net/index.php?m=device&id=23315&c=oppo_find_x7_5g_premium_edition_dual_sim_td-lte_cn_1tb_phz110__bbk_nvwa,https://phonedb.net/img/oppo_find_x7_3.jpg,4999.0,CNY,2024 Jan 12,Google Android 14 (Upside Down Cake),"MediaTek Dimensity 9300 MT6989, 2023, 64 bit, octa-core, 3584 Kbyte L2, 8192 Kbyte L3, 4 nm, ARM Immortalis-G720 GPU",AM-OLED,120 Hz,1264x2780,True,"Find X7 512GB by Oppo is a smartphone launched in 2024. It has 16 GB RAM and 512 GB storage. Processor: Dimensity 9300. The screen is 6.78 inches (AM-OLED 120 Hz). Battery: 5000 mAh. Cameras: rear 50MP + 50MP + 64MP, front 32MP. Weight: 206 g. Launch price: INR 109,999."
67,Oppo,A40 128GB,186g,4GB,5MP,50MP,Qualcomm Snapdragon 6s Gen 1,"5,100mAh",6.67 inches,39999.0,19999.0,1499.0,199.0,1000.0,2024,186.0,4.0,5.0,50.0,5100.0,6.67,128.0,A40,,,,,,,,,,,,False,"A40 128GB by Oppo is a smartphone launched in 2024. It has 4 GB RAM and 128 GB storage. Processor: Qualcomm Snapdragon 6s Gen 1. The screen is 6.67 inches. Battery: 5100 mAh. Cameras: rear 50MP, front 5MP. Weight: 186 g. Launch price: INR 19,999."
68,Oppo,A40 256GB,186g,6GB,5MP,50MP,Qualcomm Snapdragon 6s Gen 1,"5,100mAh",6.67 inches,44999.0,22999.0,1799.0,229.0,1200.0,2024,186.0,6.0,5.0,50.0,5100.0,6.67,256.0,A40,,,,,,,,,,,,False,"A40 256GB by Oppo is a smartphone launched in 2024. It has 6 GB RAM and 256 GB storage. Processor: Qualcomm Snapdragon 6s Gen 1. The screen is 6.67 inches. Battery: 5100 mAh. Cameras: rear 50MP, front 5MP. Weight: 186 g. Launch price: INR 22,999."
69,Realme,GT 7 Pro 128GB,222.8g,12GB,16MP,50MP + 50MP + 8MP,Qualcomm Snapdragon 8 Elite,"6,500mAh",6.78 inches,139999.0,59999.0,3400.0,470.0,1725.0,2024,222.8,12.0,16.0,50.0,6500.0,6.78,128.0,GT 7 Pro,,,,,,,,,,,,False,"GT 7 Pro 128GB by Realme is a smartphone launched in 2024. It has 12 GB RAM and 128 GB storage. Processor: Qualcomm Snapdragon 8 Elite. The screen is 6.78 inches. Battery: 6500 mAh. Cameras: rear 50MP + 50MP + 8MP, front 16MP. Weight: 222.8 g. Launch price: INR 59,999."
70,Realme,GT 7 Pro 256GB,222.8g,16GB,16MP,50MP + 50MP + 8MP,Qualcomm Snapdragon 8 Elite,"6,500mAh",6.78 inches,149999.0,65999.0,3600.0,500.0,1840.0,2024,222.8,16.0,16.0,50.0,6500.0,6.78,256.0,GT 7 Pro,,,,,,,,,,,,False,"GT 7 Pro 256GB by Realme is a smartphone launched in 2024. It has 16 GB RAM and 256 GB storage. Processor: Qualcomm Snapdragon 8 Elite. The screen is 6.78 inches. Battery: 6500 mAh. Cameras: rear 50MP + 50MP + 8MP, front 16MP. Weight: 222.8 g. Launch price: INR 65,999."
71,Realme,14 Pro+ 5G 256GB,184g,12GB,16MP,50MP + 8MP + 50MP,Qualcomm Snapdragon 7s Gen 3,"6,000mAh",6.83 inches,94999.0,34999.0,2600.0,340.0,1250.0,2025,184.0,12.0,16.0,50.0,6000.0,6.83,256.0,14 Pro+ 5G,,,,,,,,,,,,False,"14 Pro+ 5G 256GB by Realme is a smartphone launched in 2025. It has 12 GB RAM and 256 GB storage. Processor: Qualcomm Snapdragon 7s Gen 3. The screen is 6.83 inches. Battery: 6000 mAh. Cameras: rear 50MP + 8MP + 50MP, front 16MP. Weight: 184 g. Launch price: INR 34,999."
72,Realme,14 Pro+ 5G 512GB,184g,12GB,16MP,50MP + 8MP + 50MP,Qualcomm Snapdragon 7s Gen 3,"6,000mAh",6.83 inches,99999.0,36999.0,2800.0,360.0,1320.0,2025,184.0,12.0,16.0,50.0,6000.0,6.83,512.0,14 Pro+ 5G,,,,,,,,,,,,False,"14 Pro+ 5G 512GB by Realme is a smartphone launched in 2025. It has 12 GB RAM and 512 GB storage. Processor: Qualcomm Snapdragon 7s Gen 3. The screen is 6.83 inches. Battery: 6000 mAh. Cameras: rear 50MP + 8MP + 50MP, front 16MP. Weight: 184 g. Launch price: INR 36,999."
73,Realme,14 Pro 5G 128GB,184g,8GB,16MP,50MP + 8MP,MediaTek Dimensity 7300 Energy,"5,800mAh",6.7 inches,79999.0,29999.0,2400.0,320.0,1150.0,2025,184.0,8.0,16.0,50.0,5800.0,6.7,128.0,14 Pro 5G,,,,,,,,,,,,False,"14 Pro 5G 128GB by Realme is a smartphone launched in 2025. It has 8 GB RAM and 128 GB storage. Processor: MediaTek Dimensity 7300 Energy. The screen is 6.7 inches. Battery: 5800 mAh. Cameras: rear 50MP + 8MP, front 16MP. Weight: 184 g. Launch price: INR 29,999."
74,Realme,14 Pro 5G 256GB,184g,8GB,16MP,50MP + 8MP,MediaTek Dimensity 7300 Energy,"5,800mAh",6.7 inches,84999.0,31999.0,2500.0,340.0,1210.0,2025,184.0,8.0,16.0,50.0,5800.0,6.7,256.0,14 Pro 5G,,,,,,,,,,,,False,"14 Pro 5G 256GB by Realme is a smartphone launched in 2025. It has 8 GB RAM and 256 GB storage. Processor: MediaTek Dimensity 7300 Energy. The screen is 6.7 inches. Battery: 5800 mAh. Cameras: rear 50MP + 8MP, front 16MP. Weight: 184 g. Launch price: INR 31,999."
75,Realme,14x 5G 128GB,190g,6GB,16MP,48MP + 2MP + 2MP,Qualcomm Snapdragon 7s Gen 2,"5,500mAh",6.6 inches,64999.0,24999.0,2000.0,270.0,970.0,2025,190.0,6.0,16.0,48.0,5500.0,6.6,128.0,14x 5G,,,,,,,,,,,,False,"14x 5G 128GB by Realme is a smartphone launched in 2025. It has 6 GB RAM and 128 GB storage. Processor: Qualcomm Snapdragon 7s Gen 2. The screen is 6.6 inches. Battery: 5500 mAh. Cameras: rear 48MP + 2MP + 2MP, front 16MP. Weight: 190 g. Launch price: INR 24,999."
76,Realme,14x 5G 256GB,190g,8GB,16MP,48MP + 2MP + 2MP,Qualcomm Snapdragon 7s Gen 2,"5,500mAh",6.6 inches,69999.0,26999.0,2100.0,290.0,1030.0,2025,190.0,8.0,16.0,48.0,5500.0,6.6,256.0,14x 5G,,,,,,,,,,,,False,"14x 5G 256GB by Realme is a smartphone launched in 2025. It has 8 GB RAM and 256 GB storage. Processor: Qualcomm Snapdragon 7s Gen 2. The screen is 6.6 inches. Battery: 5500 mAh. Cameras: rear 48MP + 2MP + 2MP, front 16MP. Weight: 190 g. Launch price: INR 26,999."
77,Realme,13+ 5G 128GB,185g,8GB,16MP,50MP + 2MP,MediaTek Dimensity 7200,"5,000mAh",6.5 inches,59999.0,22999.0,1800.0,250.0,900.0,2024,185.0,8.0,16.0,50.0,5000.0,6.5,128.0,13+ 5G,,,,,,,,,,,,False,"13+ 5G 128GB by Realme is a smartphone launched in 2024. It has 8 GB RAM and 128 GB storage. Processor: MediaTek Dimensity 7200. The screen is 6.5 inches. Battery: 5000 mAh. Cameras: rear 50MP + 2MP, front 16MP. Weight: 185 g. Launch price: INR 22,999."
78,Realme,13+ 5G 256GB,185g,8GB,16MP,50MP + 2MP,MediaTek Dimensity 7200,"5,000mAh",6.5 inches,64999.0,24999.0,1900.0,270.0,970.0,2024,185.0,8.0,16.0,50.0,5000.0,6.5,256.0,13+ 5G,,,,,,,,,,,,False,"13+ 5G 256GB by Realme is a smartphone launched in 2024. It has 8 GB RAM and 256 GB storage. Processor: MediaTek Dimensity 7200. The screen is 6.5 inches. Battery: 5000 mAh. Cameras: rear 50MP + 2MP, front 16MP. Weight: 185 g. Launch price: INR 24,999."
79,Realme,13 5G 128GB,190g,6GB,16MP,50MP + 2MP,MediaTek Dimensity 6100+,"5,000mAh",6.6 inches,49999.0,18999.0,1500.0,220.0,800.0,2024,190.0,6.0,16.0,50.0,5000.0,6.6,128.0,13 5G,,,,,,,,,,,,False,"13 5G 128GB by Realme is a smartphone launched in 2024. It has 6 GB RAM and 128 GB storage. Processor: MediaTek Dimensity 6100+. The screen is 6.6 inches. Battery: 5000 mAh. Cameras: rear 50MP + 2MP, front 16MP. Weight: 190 g. Launch price: INR 18,999."
80,Realme,13 5G 256GB,190g,8GB,16MP,50MP + 2MP,MediaTek Dimensity 6100+,"5,000mAh",6.6 inches,54999.0,20999.0,1600.0,240.0,860.0,2024,190.0,8.0,16.0,50.0,5000.0,6.6,256.0,13 5G,,,,,,,,,,,,False,"13 5G 256GB by Realme is a smartphone launched in 2024. It has 8 GB RAM and 256 GB storage. Processor: MediaTek Dimensity 6100+. The screen is 6.6 inches. Battery: 5000 mAh. Cameras: rear 50MP + 2MP, front 16MP. Weight: 190 g. Launch price: INR 20,999."
81,Realme,13 Pro 5G 128GB,192g,8GB,16MP,50MP + 8MP + 2MP,Qualcomm Snapdragon 7s Gen 2,"5,200mAh",6.7 inches,74999.0,27999.0,2200.0,300.0,1070.0,2024,192.0,8.0,16.0,50.0,5200.0,6.7,128.0,13 Pro 5G,,,,,,,,,,,,False,"13 Pro 5G 128GB by Realme is a smartphone launched in 2024. It has 8 GB RAM and 128 GB storage. Processor: Qualcomm Snapdragon 7s Gen 2. The screen is 6.7 inches. Battery: 5200 mAh. Cameras: rear 50MP + 8MP + 2MP, front 16MP. Weight: 192 g. Launch price: INR 27,999."
82,Realme,13 Pro 5G 256GB,192g,12GB,16MP,50MP + 8MP + 2MP,Qualcomm Snapdragon 7s Gen 2,"5,200mAh",6.7 inches,79999.0,29999.0,2400.0,320.0,1140.0,2024,192.0,12.0,16.0,50.0,5200.0,6.7,256.0,13 Pro 5G,,,,,,,,,,,,False,"13 Pro 5G 256GB by Realme is a smartphone launched in 2024. It has 12 GB RAM and 256 GB storage. Processor: Qualcomm Snapdragon 7s Gen 2. The screen is 6.7 inches. Battery: 5200 mAh. Cameras: rear 50MP + 8MP + 2MP, front 16MP. Weight: 192 g. Launch price: INR 29,999."
83,Realme,13 Pro+ 5G 256GB,195g,12GB,32MP,50MP + 8MP + 50MP,Qualcomm Snapdragon 7+ Gen 2,"5,500mAh",6.78 inches,94999.0,34999.0,2800.0,360.0,1320.0,2024,195.0,12.0,32.0,50.0,5500.0,6.78,256.0,13 Pro+ 5G,,,,,,,,,,,,False,"13 Pro+ 5G 256GB by Realme is a smartphone launched in 2024. It has 12 GB RAM and 256 GB storage. Processor: Qualcomm Snapdragon 7+ Gen 2. The screen is 6.78 inches. Battery: 5500 mAh. Cameras: rear 50MP + 8MP + 50MP, front 32MP. Weight: 195 g. Launch price: INR 34,999."
84,Realme,13 Pro+ 5G 512GB,195g,16GB,32MP,50MP + 8MP + 50MP,Qualcomm Snapdragon 7+ Gen 2,"5,500mAh",6.78 inches,99999.0,36999.0,3000.0,380.0,1390.0,2024,195.0,16.0,32.0,50.0,5500.0,6.78,512.0,13 Pro+ 5G,,,,,,,,,,,,False,"13 Pro+ 5G 512GB by Realme is a smartphone launched in 2024. It has 16 GB RAM and 512 GB storage. Processor: Qualcomm Snapdragon 7+ Gen 2. The screen is 6.78 inches. Battery: 5500 mAh. Cameras: rear 50MP + 8MP + 50MP, front 32MP. Weight: 195 g. Launch price: INR 36,999."
85,Realme,P1 Speed 5G 128GB,185g,8GB,16MP,64MP + 2MP,MediaTek Dimensity 8100,"5,100mAh",6.7 inches,54999.0,19999.0,1800.0,250.0,900.0,2024,185.0,8.0,16.0,64.0,5100.0,6.7,128.0,P1 Speed 5G,,,,,,,,,,,,False,"P1 Speed 5G 128GB by Realme is a smartphone launched in 2024. It has 8 GB RAM and 128 GB storage. Processor: MediaTek Dimensity 8100. The screen is 6.7 inches. Battery: 5100 mAh. Cameras: rear 64MP + 2MP, front 16MP. Weight: 185 g. Launch price: INR 19,999."
86,Realme,P1 Speed 5G 256GB,185g,12GB,16MP,64MP + 2MP,MediaTek Dimensity 8100,"5,100mAh",6.7 inches,59999.0,21999.0,1900.0,270.0,960.0,2024,185.0,12.0,16.0,64.0,5100.0,6.7,256.0,P1 Speed 5G,,,,,,,,,,,,False,"P1 Speed 5G 256GB by Realme is a smartphone launched in 2024. It has 12 GB RAM and 256 GB storage. Processor: MediaTek Dimensity 8100. The screen is 6.7 inches. Battery: 5100 mAh. Cameras: rear 64MP + 2MP, front 16MP. Weight: 185 g. Launch price: INR 21,999."
87,Realme,P2 Pro 5G 256GB,188g,12GB,32MP,50MP + 8MP + 50MP,Qualcomm Snapdragon 7+ Gen 3,"5,500mAh",6.78 inches,89999.0,32999.0,2500.0,340.0,1210.0,2024,188.0,12.0,32.0,50.0,5500.0,6.78,256.0,P2 Pro 5G,,,,,,,,,,,,False,"P2 Pro 5G 256GB by Realme is a smartphone launched in 2024. It has 12 GB RAM and 256 GB storage. Processor: Qualcomm Snapdragon 7+ Gen 3. The screen is 6.78 inches. Battery: 5500 mAh. Cameras: rear 50MP + 8MP + 50MP, front 32MP. Weight: 188 g. Launch price: INR 32,999."
88,Realme,P2 Pro 5G 512GB,188g,16GB,32MP,50MP + 8MP + 50MP,Qualcomm Snapdragon 7+ Gen 3,"5,500mAh",6.78 inches,94999.0,34999.0,2700.0,360.0,1280.0,2024,188.0,16.0,32.0,50.0,5500.0,6.78,512.0,P2 Pro 5G,,,,,,,,,,,,False,"P2 Pro 5G 512GB by Realme is a smartphone launched in 2024. It has 16 GB RAM and 512 GB storage. Processor: Qualcomm Snapdragon 7+ Gen 3. The screen is 6.78 inches. Battery: 5500 mAh. Cameras: rear 50MP + 8MP + 50MP, front 32MP. Weight: 188 g. Launch price: INR 34,999."
89,Realme,P1 5G 128GB,184g,6GB,16MP,50MP + 2MP,MediaTek Dimensity 6100+,"5,000mAh",6.6 inches,44999.0,16999.0,1400.0,200.0,720.0,2024,184.0,6.0,16.0,50.0,5000.0,6.6,128.0,P1 5G,,,,,,,,,,,,False,"P1 5G 128GB by Realme is a smartphone launched in 2024. It has 6 GB RAM and 128 GB storage. Processor: MediaTek Dimensity 6100+. The screen is 6.6 inches. Battery: 5000 mAh. Cameras: rear 50MP + 2MP, front 16MP. Weight: 184 g. Launch price: INR 16,999."
90,Realme,P1 5G 256GB,184g,8GB,16MP,50MP + 2MP,MediaTek Dimensity 6100+,"5,000mAh",6.6 inches,49999.0,18999.0,1500.0,220.0,780.0,2024,184.0,8.0,16.0,50.0,5000.0,6.6,256.0,P1 5G,,,,,,,,,,,,False,"P1 5G 256GB by Realme is a smartphone launched in 2024. It has 8 GB RAM and 256 GB storage. Processor: MediaTek Dimensity 6100+. The screen is 6.6 inches. Battery: 5000 mAh. Cameras: rear 50MP + 2MP, front 16MP. Weight: 184 g. Launch price: INR 18,999."
91,Realme,P1 Pro 5G 128GB,190g,8GB,16MP,64MP + 2MP,Qualcomm Snapdragon 7s Gen 1,"5,200mAh",6.7 inches,59999.0,22999.0,1900.0,270.0,960.0,2024,190.0,8.0,16.0,64.0,5200.0,6.7,128.0,P1 Pro 5G,,,,,,,,,,,,False,"P1 Pro 5G 128GB by Realme is a smartphone launched in 2024. It has 8 GB RAM and 128 GB storage. Processor: Qualcomm Snapdragon 7s Gen 1. The screen is 6.7 inches. Battery: 5200 mAh. Cameras: rear 64MP + 2MP, front 16MP. Weight: 190 g. Launch price: INR 22,999."
92,Realme,P1 Pro 5G 256GB,190g,12GB,16MP,64MP + 2MP,Qualcomm Snapdragon 7s Gen 1,"5,200mAh",6.7 inches,64999.0,24999.0,2000.0,290.0,1020.0,2024,190.0,12.0,16.0,64.0,5200.0,6.7,256.0,P1 Pro 5G,,,,,,,,,,,,False,"P1 Pro 5G 256GB by Realme is a smartphone launched in 2024. It has 12 GB RAM and 256 GB storage. Processor: Qualcomm Snapdragon 7s Gen 1. The screen is 6.7 inches. Battery: 5200 mAh. Cameras: rear 64MP + 2MP, front 16MP. Weight: 190 g. Launch price: INR 24,999."
93,Realme,Narzo 70 Turbo 5G 128GB,200g,8GB,16MP,50MP + 2MP,MediaTek Dimensity 810,"5,000mAh",6.6 inches,54999.0,19999.0,1700.0,240.0,860.0,2024,200.0,8.0,16.0,50.0,5000.0,6.6,128.0,Narzo 70 Turbo 5G,,,,,,,,,,,,False,"Narzo 70 Turbo 5G 128GB by Realme is a smartphone launched in 2024. It has 8 GB RAM and 128 GB storage. Processor: MediaTek Dimensity 810. The screen is 6.6 inches. Battery: 5000 mAh. Cameras: rear 50MP + 2MP, front 16MP. Weight: 200 g. Launch price: INR 19,999."
94,Realme,Narzo 70 Turbo 5G 256GB,200g,8GB,16MP,50MP + 2MP,MediaTek Dimensity 810,"5,000mAh",6.6 inches,59999.0,21999.0,1800.0,260.0,920.0,2024,200.0,8.0,16.0,50.0,5000.0,6.6,256.0,Narzo 70 Turbo 5G,,,,,,,,,,,,False,"Narzo 70 Turbo 5G 256GB by Realme is a smartphone launched in 2024. It has 8 GB RAM and 256 GB storage. Processor: MediaTek Dimensity 810. The screen is 6.6 inches. Battery: 5000 mAh. Cameras: rear 50MP + 2MP, front 16MP. Weight: 200 g. Launch price: INR 21,999."
95,Realme,Narzo N61 128GB,195g,6GB,16MP,50MP + 2MP,MediaTek Helio G99,"5,000mAh",6.5 inches,39999.0,14999.0,1200.0,180.0,660.0,2024,195.0,6.0,16.0,50.0,5000.0,6.5,128.0,Narzo N61,,,,,,,,,,,,False,"Narzo N61 128GB by Realme is a smartphone launched in 2024. It has 6 GB RAM and 128 GB storage. Processor: MediaTek Helio G99. The screen is 6.5 inches. Battery: 5000 mAh. Cameras: rear 50MP + 2MP, front 16MP. Weight: 195 g. Launch price: INR 14,999."
96,Realme,Narzo N63 128GB,193g,6GB,16MP,50MP + 2MP,MediaTek Helio G88,"5,000mAh",6.5 inches,37999.0,13999.0,1100.0,160.0,600.0,2024,193.0,6.0,16.0,50.0,5000.0,6.5,128.0,Narzo N63,,,,,,,,,,,,False,"Narzo N63 128GB by Realme is a smartphone launched in 2024. It has 6 GB RAM and 128 GB storage. Processor: MediaTek Helio G88. The screen is 6.5 inches. Battery: 5000 mAh. Cameras: rear 50MP + 2MP, front 16MP. Weight: 193 g. Launch price: INR 13,999."
97,Realme,Narzo N65 5G 128GB,198g,8GB,16MP,50MP + 2MP,MediaTek Dimensity 700,"5,000mAh",6.6 inches,47999.0,17999.0,1500.0,210.0,780.0,2024,198.0,8.0,16.0,50.0,5000.0,6.6,128.0,Narzo N65 5G,,,,,,,,,,,,False,"Narzo N65 5G 128GB by Realme is a smartphone launched in 2024. It has 8 GB RAM and 128 GB storage. Processor: MediaTek Dimensity 700. The screen is 6.6 inches. Battery: 5000 mAh. Cameras: rear 50MP + 2MP, front 16MP. Weight: 198 g. Launch price: INR 17,999."
98,Realme,Narzo 70 5G 128GB,198g,8GB,16MP,50MP + 2MP,MediaTek Dimensity 810,"5,200mAh",6.6 inches,52999.0,19499.0,1600.0,230.0,830.0,2024,198.0,8.0,16.0,50.0,5200.0,6.6,128.0,Narzo 70 5G,,,,,,,,,,,,False,"Narzo 70 5G 128GB by Realme is a smartphone launched in 2024. It has 8 GB RAM and 128 GB storage. Processor: MediaTek Dimensity 810. The screen is 6.6 inches. Battery: 5200 mAh. Cameras: rear 50MP + 2MP, front 16MP. Weight: 198 g. Launch price: INR 19,499."
99,Realme,C75 128GB,190g,6GB,8MP,50MP + 2MP,MediaTek Helio G85,"5,000mAh",6.6 inches,37999.0,13999.0,1100.0,160.0,600.0,2024,190.0,6.0,8.0,50.0,5000.0,6.6,128.0,C75,,,,,,,,,,,,False,"C75 128GB by Realme is a smartphone launched in 2024. It has 6 GB RAM and 128 GB storage. Processor: MediaTek Helio G85. The screen is 6.6 inches. Battery: 5000 mAh. Cameras: rear 50MP + 2MP, front 8MP. Weight: 190 g. Launch price: INR 13,999."
100,Realme,C75 256GB,190g,8GB,8MP,50MP + 2MP,MediaTek Helio G85,"5,000mAh",6.6 inches,42999.0,15999.0,1200.0,180.0,660.0,2024,190.0,8.0,8.0,50.0,5000.0,6.6,256.0,C75,,,,,,,,,,,,False,"C75 256GB by Realme is a smartphone launched in 2024. It has 8 GB RAM and 256 GB storage. Processor: MediaTek Helio G85. The screen is 6.6 inches. Battery: 5000 mAh. Cameras: rear 50MP + 2MP, front 8MP. Weight: 190 g. Launch price: INR 15,999."
101,Realme,C61 128GB,189g,4GB,8MP,50MP + 2MP,Unisoc T612,"5,000mAh",6.5 inches,32999.0,11999.0,900.0,130.0,500.0,2024,189.0,4.0,8.0,50.0,5000.0,6.5,128.0,C61,,,,,,,,,,,,False,"C61 128GB by Realme is a smartphone launched in 2024. It has 4 GB RAM and 128 GB storage. Processor: Unisoc T612. The screen is 6.5 inches. Battery: 5000 mAh. Cameras: rear 50MP + 2MP, front 8MP. Weight: 189 g. Launch price: INR 11,999."
102,Realme,C67 128GB,195g,6GB,8MP,50MP + 2MP,MediaTek Helio G88,"5,000mAh",6.6 inches,39999.0,14999.0,1200.0,170.0,620.0,2024,195.0,6.0,8.0,50.0,5000.0,6.6,128.0,C67,,,,,,,,,,,,False,"C67 128GB by Realme is a smartphone launched in 2024. It has 6 GB RAM and 128 GB storage. Processor: MediaTek Helio G88. The screen is 6.6 inches. Battery: 5000 mAh. Cameras: rear 50MP + 2MP, front 8MP. Weight: 195 g. Launch price: INR 14,999."
103,Realme,C67 256GB,195g,8GB,8MP,50MP + 2MP,MediaTek Helio G88,"5,000mAh",6.6 inches,44999.0,16999.0,1300.0,190.0,680.0,2024,195.0,8.0,8.0,50.0,5000.0,6.6,256.0,C67,,,,,,,,,,,,False,"C67 256GB by Realme is a smartphone launched in 2024. It has 8 GB RAM and 256 GB storage. Processor: MediaTek Helio G88. The screen is 6.6 inches. Battery: 5000 mAh. Cameras: rear 50MP + 2MP, front 8MP. Weight: 195 g. Launch price: INR 16,999."
104,Realme,C65 128GB,192g,6GB,8MP,50MP + 2MP,Qualcomm Snapdragon 680,"5,000mAh",6.6 inches,37999.0,13999.0,1100.0,160.0,600.0,2024,192.0,6.0,8.0,50.0,5000.0,6.6,128.0,C65,,,,,,,,,,,,False,"C65 128GB by Realme is a smartphone launched in 2024. It has 6 GB RAM and 128 GB storage. Processor: Qualcomm Snapdragon 680. The screen is 6.6 inches. Battery: 5000 mAh. Cameras: rear 50MP + 2MP, front 8MP. Weight: 192 g. Launch price: INR 13,999."
105,Realme,C65 256GB,192g,8GB,8MP,50MP + 2MP,Qualcomm Snapdragon 680,"5,000mAh",6.6 inches,42999.0,15999.0,1200.0,180.0,660.0,2024,192.0,8.0,8.0,50.0,5000.0,6.6,256.0,C65,,,,,,,,,,,,False,"C65 256GB by Realme is a smartphone launched in 2024. It has 8 GB RAM and 256 GB storage. Processor: Qualcomm Snapdragon 680. The screen is 6.6 inches. Battery: 5000 mAh. Cameras: rear 50MP + 2MP, front 8MP. Weight: 192 g. Launch price: INR 15,999."
106,Realme,C63 128GB,191g,6GB,8MP,50MP + 2MP,MediaTek Helio G85,"5,000mAh",6.6 inches,36999.0,13499.0,1050.0,150.0,580.0,2024,191.0,6.0,8.0,50.0,5000.0,6.6,128.0,C63,,,,,,,,,,,,False,"C63 128GB by Realme is a smartphone launched in 2024. It has 6 GB RAM and 128 GB storage. Processor: MediaTek Helio G85. The screen is 6.6 inches. Battery: 5000 mAh. Cameras: rear 50MP + 2MP, front 8MP. Weight: 191 g. Launch price: INR 13,499."
107,Realme,Note 60x 128GB,198g,6GB,16MP,50MP + 2MP,MediaTek Dimensity 6100+,"5,200mAh",6.6 inches,47999.0,17999.0,1500.0,210.0,780.0,2024,198.0,6.0,16.0,50.0,5200.0,6.6,128.0,Note 60x,,,,,,,,,,,,False,"Note 60x 128GB by Realme is a smartphone launched in 2024. It has 6 GB RAM and 128 GB storage. Processor: MediaTek Dimensity 6100+. The screen is 6.6 inches. Battery: 5200 mAh. Cameras: rear 50MP + 2MP, front 16MP. Weight: 198 g. Launch price: INR 17,999."
108,Realme,Note 60 128GB,196g,6GB,16MP,50MP + 2MP,MediaTek Dimensity 810,"5,200mAh",6.6 inches,49999.0,18999.0,1600.0,220.0,820.0,2024,196.0,6.0,16.0,50.0,5200.0,6.6,128.0,Note 60,,,,,,,,,,,,False,"Note 60 128GB by Realme is a smartphone launched in 2024. It has 6 GB RAM and 128 GB storage. Processor: MediaTek Dimensity 810. The screen is 6.6 inches. Battery: 5200 mAh. Cameras: rear 50MP + 2MP, front 16MP. Weight: 196 g. Launch price: INR 18,999."
109,Realme,Note 60 256GB,196g,8GB,16MP,50MP + 2MP,MediaTek Dimensity 810,"5,200mAh",6.6 inches,54999.0,20999.0,1700.0,240.0,880.0,2024,196.0,8.0,16.0,50.0,5200.0,6.6,256.0,Note 60,,,,,,,,,,,,False,"Note 60 256GB by Realme is a smartphone launched in 2024. It has 8 GB RAM and 256 GB storage. Processor: MediaTek Dimensity 810. The screen is 6.6 inches. Battery: 5200 mAh. Cameras: rear 50MP + 2MP, front 16MP. Weight: 196 g. Launch price: INR 20,999."
110,Realme,Note 50 128GB,195g,6GB,16MP,50MP + 2MP,MediaTek Helio G99,"5,000mAh",6.5 inches,42999.0,15999.0,1200.0,170.0,620.0,2024,195.0,6.0,16.0,50.0,5000.0,6.5,128.0,Note 50,,,,,,,,,,,,False,"Note 50 128GB by Realme is a smartphone launched in 2024. It has 6 GB RAM and 128 GB storage. Processor: MediaTek Helio G99. The screen is 6.5 inches. Battery: 5000 mAh. Cameras: rear 50MP + 2MP, front 16MP. Weight: 195 g. Launch price: INR 15,999."
111,Realme,GT 7 128GB,199g,8GB,16MP,50MP + 8MP + 2MP,Qualcomm Snapdragon 8 Gen 2,"5,200mAh",6.8 inches,124999.0,47999.0,3200.0,440.0,1620.0,2024,199.0,8.0,16.0,50.0,5200.0,6.8,128.0,GT 7,,,,,,,,,,,,False,"GT 7 128GB by Realme is a smartphone launched in 2024. It has 8 GB RAM and 128 GB storage. Processor: Qualcomm Snapdragon 8 Gen 2. The screen is 6.8 inches. Battery: 5200 mAh. Cameras: rear 50MP + 8MP + 2MP, front 16MP. Weight: 199 g. Launch price: INR 47,999."
112,Realme,GT 7 256GB,199g,12GB,16MP,50MP + 8MP + 2MP,Qualcomm Snapdragon 8 Gen 2,"5,200mAh",6.8 inches,139999.0,53999.0,3600.0,500.0,1800.0,2024,199.0,12.0,16.0,50.0,5200.0,6.8,256.0,GT 7,,,,,,,,,,,,False,"GT 7 256GB by Realme is a smartphone launched in 2024. It has 12 GB RAM and 256 GB storage. Processor: Qualcomm Snapdragon 8 Gen 2. The screen is 6.8 inches. Battery: 5200 mAh. Cameras: rear 50MP + 8MP + 2MP, front 16MP. Weight: 199 g. Launch price: INR 53,999."
113,Realme,Neo 7 128GB,193g,8GB,16MP,64MP + 8MP + 2MP,MediaTek Dimensity 8200,"5,000mAh",6.7 inches,79999.0,30999.0,2400.0,330.0,1200.0,2024,193.0,8.0,16.0,64.0,5000.0,6.7,128.0,Neo 7,,,,,,,,,,,,False,"Neo 7 128GB by Realme is a smartphone launched in 2024. It has 8 GB RAM and 128 GB storage. Processor: MediaTek Dimensity 8200. The screen is 6.7 inches. Battery: 5000 mAh. Cameras: rear 64MP + 8MP + 2MP, front 16MP. Weight: 193 g. Launch price: INR 30,999."
114,Realme,Neo 7 256GB,193g,12GB,16MP,64MP + 8MP + 2MP,MediaTek Dimensity 8200,"5,000mAh",6.7 inches,94999.0,36999.0,2800.0,380.0,1400.0,2024,193.0,12.0,16.0,64.0,5000.0,6.7,256.0,Neo 7,,,,,,,,,,,,False,"Neo 7 256GB by Realme is a smartphone launched in 2024. It has 12 GB RAM and 256 GB storage. Processor: MediaTek Dimensity 8200. The screen is 6.7 inches. Battery: 5000 mAh. Cameras: rear 64MP + 8MP + 2MP, front 16MP. Weight: 193 g. Launch price: INR 36,999."
115,Realme,P2 Pro 5G 128GB,195g,8GB,16MP,50MP + 8MP,MediaTek Dimensity 9200,"5,100mAh",6.7 inches,84999.0,32999.0,2500.0,350.0,1250.0,2024,195.0,8.0,16.0,50.0,5100.0,6.7,128.0,P2 Pro 5G,,,,,,,,,,,,False,"P2 Pro 5G 128GB by Realme is a smartphone launched in 2024. It has 8 GB RAM and 128 GB storage. Processor: MediaTek Dimensity 9200. The screen is 6.7 inches. Battery: 5100 mAh. Cameras: rear 50MP + 8MP, front 16MP. Weight: 195 g. Launch price: INR 32,999."
116,Realme,P2 Pro 5G 256GB,195g,12GB,16MP,50MP + 8MP,MediaTek Dimensity 9200,"5,100mAh",6.7 inches,99999.0,38999.0,2900.0,400.0,1400.0,2024,195.0,12.0,16.0,50.0,5100.0,6.7,256.0,P2 Pro 5G,,,,,,,,,,,,False,"P2 Pro 5G 256GB by Realme is a smartphone launched in 2024. It has 12 GB RAM and 256 GB storage. Processor: MediaTek Dimensity 9200. The screen is 6.7 inches. Battery: 5100 mAh. Cameras: rear 50MP + 8MP, front 16MP. Weight: 195 g. Launch price: INR 38,999."
117,Xiaomi,Xiaomi 15 Pro 256GB,210g,12GB,32MP,50MP (Main) + 50MP (Ultra-wide) + 50MP (Telephoto),Snapdragon 8 Elite,"6,100mAh",6.73 inches,199999.0,89999.0,5299.0,799.0,3299.0,2024,210.0,12.0,32.0,50.0,6100.0,6.73,256.0,Xiaomi 15 Pro,,,,,,,,,,,,False,"Xiaomi 15 Pro 256GB by Xiaomi is a smartphone launched in 2024. It has 12 GB RAM and 256 GB storage. Processor: Snapdragon 8 Elite. The screen is 6.73 inches. Battery: 6100 mAh. Cameras: rear 50MP (Main) + 50MP (Ultra-wide) + 50MP (Telephoto), front 32MP. Weight: 210 g. Launch price: INR 89,999."
118,Xiaomi,Xiaomi 15 Pro 512GB,210g,16GB,32MP,50MP (Main) + 50MP (Ultra-wide) + 50MP (Telephoto),Snapdragon 8 Elite,"6,100mAh",6.73 inches,219999.0,99999.0,5799.0,899.0,3699.0,2024,210.0,16.0,32.0,50.0,6100.0,6.73,512.0,Xiaomi 15 Pro,,,,,,,,,,,,False,"Xiaomi 15 Pro 512GB by Xiaomi is a smartphone launched in 2024. It has 16 GB RAM and 512 GB storage. Processor: Snapdragon 8 Elite. The screen is 6.73 inches. Battery: 6100 mAh. Cameras: rear 50MP (Main) + 50MP (Ultra-wide) + 50MP (Telephoto), front 32MP. Weight: 210 g. Launch price: INR 99,999."
119,Xiaomi,Xiaomi 15 Pro 1TB,210g,16GB,32MP,50MP (Main) + 50MP (Ultra-wide) + 50MP (Telephoto),Snapdragon 8 Elite,"6,100mAh",6.73 inches,239999.0,109999.0,6499.0,999.0,4099.0,2024,210.0,16.0,32.0,50.0,6100.0,6.73,1024.0,Xiaomi 15 Pro,,,,,,,,,,,,False,"Xiaomi 15 Pro 1TB by Xiaomi is a smartphone launched in 2024. It has 16 GB RAM and 1024 GB storage. Processor: Snapdragon 8 Elite. The screen is 6.73 inches. Battery: 6100 mAh. Cameras: rear 50MP (Main) + 50MP (Ultra-wide) + 50MP (Telephoto), front 32MP. Weight: 210 g. Launch price: INR 109,999."
120,Xiaomi,Xiaomi 15 256GB,190g,12GB,32MP,50MP (Main) + 50MP (Ultra-wide),Snapdragon 8 Elite,"5,400mAh",6.36 inches,179999.0,79999.0,4299.0,699.0,2899.0,2024,190.0,12.0,32.0,50.0,5400.0,6.36,256.0,Xiaomi 15,,,,,,,,,,,,False,"Xiaomi 15 256GB by Xiaomi is a smartphone launched in 2024. It has 12 GB RAM and 256 GB storage. Processor: Snapdragon 8 Elite. The screen is 6.36 inches. Battery: 5400 mAh. Cameras: rear 50MP (Main) + 50MP (Ultra-wide), front 32MP. Weight: 190 g. Launch price: INR 79,999."
121,Xiaomi,Xiaomi 15 512GB,190g,16GB,32MP,50MP (Main) + 50MP (Ultra-wide),Snapdragon 8 Elite,"5,400mAh",6.36 inches,199999.0,89999.0,4799.0,799.0,3299.0,2024,190.0,16.0,32.0,50.0,5400.0,6.36,512.0,Xiaomi 15,,,,,,,,,,,,False,"Xiaomi 15 512GB by Xiaomi is a smartphone launched in 2024. It has 16 GB RAM and 512 GB storage. Processor: Snapdragon 8 Elite. The screen is 6.36 inches. Battery: 5400 mAh. Cameras: rear 50MP (Main) + 50MP (Ultra-wide), front 32MP. Weight: 190 g. Launch price: INR 89,999."
122,Xiaomi,Xiaomi 14T Pro 256GB,209g,12GB,32MP,50MP (Main) + 50MP (Ultra-wide) + 50MP (Telephoto),Dimensity 9300+,"5,000mAh",6.67 inches,169999.0,74999.0,3999.0,634.99,2699.0,2024,209.0,12.0,32.0,50.0,5000.0,6.67,256.0,Xiaomi 14T Pro,,,,,,,,,,,,False,"Xiaomi 14T Pro 256GB by Xiaomi is a smartphone launched in 2024. It has 12 GB RAM and 256 GB storage. Processor: Dimensity 9300+. The screen is 6.67 inches. Battery: 5000 mAh. Cameras: rear 50MP (Main) + 50MP (Ultra-wide) + 50MP (Telephoto), front 32MP. Weight: 209 g. Launch price: INR 74,999."
123,Xiaomi,Xiaomi 14T Pro 512GB,209g,12GB,32MP,50MP (Main) + 50MP (Ultra-wide) + 50MP (Telephoto),Dimensity 9300+,"5,000mAh",6.67 inches,189999.0,84999.0,4299.0,790.77,2999.0,2024,209.0,12.0,32.0,50.0,5000.0,6.67,512.0,Xiaomi 14T Pro,,,,,,,,,,,,False,"Xiaomi 14T Pro 512GB by Xiaomi is a smartphone launched in 2024. It has 12 GB RAM and 512 GB storage. Processor: Dimensity 9300+. The screen is 6.67 inches. Battery: 5000 mAh. Cameras: rear 50MP (Main) + 50MP (Ultra-wide) + 50MP (Telephoto), front 32MP. Weight: 209 g. Launch price: INR 84,999."
124,Xiaomi,Xiaomi 14T Pro 1TB,209g,12GB,32MP,50MP (Main) + 50MP (Ultra-wide) + 50MP (Telephoto),Dimensity 9300+,"5,000mAh",6.67 inches,209999.0,94999.0,4799.0,899.0,3299.0,2024,209.0,12.0,32.0,50.0,5000.0,6.67,1024.0,Xiaomi 14T Pro,,,,,,,,,,,,False,"Xiaomi 14T Pro 1TB by Xiaomi is a smartphone launched in 2024. It has 12 GB RAM and 1024 GB storage. Processor: Dimensity 9300+. The screen is 6.67 inches. Battery: 5000 mAh. Cameras: rear 50MP (Main) + 50MP (Ultra-wide) + 50MP (Telephoto), front 32MP. Weight: 209 g. Launch price: INR 94,999."
125,Xiaomi,Xiaomi 14T 256GB,195g,12GB,32MP,50MP (Main) + 50MP (Ultra-wide),Dimensity 8300-Ultra,"5,000mAh",6.67 inches,149999.0,69999.0,3499.0,599.0,2499.0,2024,195.0,12.0,32.0,50.0,5000.0,6.67,256.0,Xiaomi 14T,,,,,,,,,,,,False,"Xiaomi 14T 256GB by Xiaomi is a smartphone launched in 2024. It has 12 GB RAM and 256 GB storage. Processor: Dimensity 8300-Ultra. The screen is 6.67 inches. Battery: 5000 mAh. Cameras: rear 50MP (Main) + 50MP (Ultra-wide), front 32MP. Weight: 195 g. Launch price: INR 69,999."
126,Xiaomi,Xiaomi 14T 512GB,195g,12GB,32MP,50MP (Main) + 50MP (Ultra-wide),Dimensity 8300-Ultra,"5,000mAh",6.67 inches,169999.0,79999.0,3799.0,699.0,2799.0,2024,195.0,12.0,32.0,50.0,5000.0,6.67,512.0,Xiaomi 14T,,,,,,,,,,,,False,"Xiaomi 14T 512GB by Xiaomi is a smartphone launched in 2024. It has 12 GB RAM and 512 GB storage. Processor: Dimensity 8300-Ultra. The screen is 6.67 inches. Battery: 5000 mAh. Cameras: rear 50MP (Main) + 50MP (Ultra-wide), front 32MP. Weight: 195 g. Launch price: INR 79,999."
127,Xiaomi,Redmi Note 14 Pro+ 5G 128GB,205g,8GB,16MP,200MP (Main) + 8MP (Ultra-wide) + 2MP (Macro),Snapdragon 7s Gen 3,"5,110mAh",6.67 inches,89999.0,29999.0,2499.0,374.9,1499.0,2024,205.0,8.0,16.0,200.0,5110.0,6.67,128.0,Redmi Note 14 Pro+ 5G,Xiaomi Redmi Note 14 Pro+ 5G Premium Edition Dual SIM TD-LTE IN 512GB 24115RA8EI  (Xiaomi Amethyst),https://phonedb.net/index.php?m=device&id=24101&c=xiaomi_redmi_note_14_proplus_5g_premium_edition_dual_sim_td-lte_in_512gb_24115ra8ei__xiaomi_amethyst,https://phonedb.net/img/xiaomi_redmi_note_14_pro_plus_5g.jpg,35999.0,INR,2024 Dec 13,Google Android 14 (Upside Down Cake),"Qualcomm Snapdragon 7s Gen 3 5G SM7635 (Vulcano), 2024, 64 bit, octa-core, 4 nm, Qualcomm Adreno 810 GPU",AM-OLED,120 Hz,1220x2712,True,"Redmi Note 14 Pro+ 5G 128GB by Xiaomi is a smartphone launched in 2024. It has 8 GB RAM and 128 GB storage. Processor: Snapdragon 7s Gen 3. The screen is 6.67 inches (AM-OLED 120 Hz). Battery: 5110 mAh. Cameras: rear 200MP (Main) + 8MP (Ultra-wide) + 2MP (Macro), front 16MP. Weight: 205 g. Launch price: INR 29,999."
128,Xiaomi,Redmi Note 14 Pro+ 5G 256GB,205g,12GB,16MP,200MP (Main) + 8MP (Ultra-wide) + 2MP (Macro),Snapdragon 7s Gen 3,"5,110mAh",6.67 inches,99999.0,32999.0,2799.0,399.0,1599.0,2024,205.0,12.0,16.0,200.0,5110.0,6.67,256.0,Redmi Note 14 Pro+ 5G,Xiaomi Redmi Note 14 Pro+ 5G Premium Edition Dual SIM TD-LTE IN 512GB 24115RA8EI  (Xiaomi Amethyst),https://phonedb.net/index.php?m=device&id=24101&c=xiaomi_redmi_note_14_proplus_5g_premium_edition_dual_sim_td-lte_in_512gb_24115ra8ei__xiaomi_amethyst,https://phonedb.net/img/xiaomi_redmi_note_14_pro_plus_5g.jpg,35999.0,INR,2024 Dec 13,Google Android 14 (Upside Down Cake),"Qualcomm Snapdragon 7s Gen 3 5G SM7635 (Vulcano), 2024, 64 bit, octa-core, 4 nm, Qualcomm Adreno 810 GPU",AM-OLED,120 Hz,1220x2712,True,"Redmi Note 14 Pro+ 5G 256GB by Xiaomi is a smartphone launched in 2024. It has 12 GB RAM and 256 GB storage. Processor: Snapdragon 7s Gen 3. The screen is 6.67 inches (AM-OLED 120 Hz). Battery: 5110 mAh. Cameras: rear 200MP (Main) + 8MP (Ultra-wide) + 2MP (Macro), front 16MP. Weight: 205 g. Launch price: INR 32,999."
129,Xiaomi,Redmi Note 14 Pro+ 5G 512GB,205g,16GB,16MP,200MP (Main) + 8MP (Ultra-wide) + 2MP (Macro),Snapdragon 7s Gen 3,"5,110mAh",6.67 inches,109999.0,35999.0,3099.0,429.0,1699.0,2024,205.0,16.0,16.0,200.0,5110.0,6.67,512.0,Redmi Note 14 Pro+ 5G,Xiaomi Redmi Note 14 Pro+ 5G Premium Edition Dual SIM TD-LTE IN 512GB 24115RA8EI  (Xiaomi Amethyst),https://phonedb.net/index.php?m=device&id=24101&c=xiaomi_redmi_note_14_proplus_5g_premium_edition_dual_sim_td-lte_in_512gb_24115ra8ei__xiaomi_amethyst,https://phonedb.net/img/xiaomi_redmi_note_14_pro_plus_5g.jpg,35999.0,INR,2024 Dec 13,Google Android 14 (Upside Down Cake),"Qualcomm Snapdragon 7s Gen 3 5G SM7635 (Vulcano), 2024, 64 bit, octa-core, 4 nm, Qualcomm Adreno 810 GPU",AM-OLED,120 Hz,1220x2712,True,"Redmi Note 14 Pro+ 5G 512GB by Xiaomi is a smartphone launched in 2024. It has 16 GB RAM and 512 GB storage. Processor: Snapdragon 7s Gen 3. The screen is 6.67 inches (AM-OLED 120 Hz). Battery: 5110 mAh. Cameras: rear 200MP (Main) + 8MP (Ultra-wide) + 2MP (Macro), front 16MP. Weight: 205 g. Launch price: INR 35,999."
130,Xiaomi,Redmi Note 14 Pro 5G 128GB,195g,8GB,16MP,108MP (Main) + 8MP (Ultra-wide) + 2MP (Macro),MediaTek Dimensity 7300-Ultra,"5,500mAh",6.67 inches,79999.0,27999.0,2199.0,349.0,1399.0,2024,195.0,8.0,16.0,108.0,5500.0,6.67,128.0,Redmi Note 14 Pro 5G,Xiaomi Redmi Note 14 Pro 5G Standard Edition Dual SIM TD-LTE IN 128GB 24090RA29I  (Xiaomi Malachite),https://phonedb.net/index.php?m=device&id=24093&c=xiaomi_redmi_note_14_pro_5g_standard_edition_dual_sim_td-lte_in_128gb_24090ra29i__xiaomi_malachite,https://phonedb.net/img/xiaomi_redmi_note_14_pro_5g_4.jpg,28999.0,INR,2024 Dec 9,Google Android 14 (Upside Down Cake),"MediaTek Dimensity 7300 MT6878, 2024, 64 bit, octa-core, 4 nm, ARM Mali-G615 GPU",AM-OLED,120 Hz,1220x2712,True,"Redmi Note 14 Pro 5G 128GB by Xiaomi is a smartphone launched in 2024. It has 8 GB RAM and 128 GB storage. Processor: MediaTek Dimensity 7300-Ultra. The screen is 6.67 inches (AM-OLED 120 Hz). Battery: 5500 mAh. Cameras: rear 108MP (Main) + 8MP (Ultra-wide) + 2MP (Macro), front 16MP. Weight: 195 g. Launch price: INR 27,999."
131,Xiaomi,Redmi Note 14 Pro 5G 256GB,195g,12GB,16MP,108MP (Main) + 8MP (Ultra-wide) + 2MP (Macro),MediaTek Dimensity 7300-Ultra,"5,500mAh",6.67 inches,89999.0,30999.0,2499.0,379.0,1499.0,2024,195.0,12.0,16.0,108.0,5500.0,6.67,256.0,Redmi Note 14 Pro 5G,Xiaomi Redmi Note 14 Pro 5G Standard Edition Dual SIM TD-LTE IN 128GB 24090RA29I  (Xiaomi Malachite),https://phonedb.net/index.php?m=device&id=24093&c=xiaomi_redmi_note_14_pro_5g_standard_edition_dual_sim_td-lte_in_128gb_24090ra29i__xiaomi_malachite,https://phonedb.net/img/xiaomi_redmi_note_14_pro_5g_4.jpg,28999.0,INR,2024 Dec 9,Google Android 14 (Upside Down Cake),"MediaTek Dimensity 7300 MT6878, 2024, 64 bit, octa-core, 4 nm, ARM Mali-G615 GPU",AM-OLED,120 Hz,1220x2712,True,"Redmi Note 14 Pro 5G 256GB by Xiaomi is a smartphone launched in 2024. It has 12 GB RAM and 256 GB storage. Processor: MediaTek Dimensity 7300-Ultra. The screen is 6.67 inches (AM-OLED 120 Hz). Battery: 5500 mAh. Cameras: rear 108MP (Main) + 8MP (Ultra-wide) + 2MP (Macro), front 16MP. Weight: 195 g. Launch price: INR 30,999."
132,Xiaomi,Redmi Note 14 Pro 4G 128GB,190g,6GB,16MP,108MP (Main) + 8MP (Ultra-wide) + 2MP (Macro),Qualcomm Snapdragon 732G,"5,000mAh",6.67 inches,69999.0,24999.0,1999.0,299.0,1199.0,2024,190.0,6.0,16.0,108.0,5000.0,6.67,128.0,Redmi Note 14 Pro 4G,Xiaomi Redmi Note 14 Pro 5G Standard Edition Dual SIM TD-LTE IN 128GB 24090RA29I  (Xiaomi Malachite),https://phonedb.net/index.php?m=device&id=24093&c=xiaomi_redmi_note_14_pro_5g_standard_edition_dual_sim_td-lte_in_128gb_24090ra29i__xiaomi_malachite,https://phonedb.net/img/xiaomi_redmi_note_14_pro_5g_4.jpg,28999.0,INR,2024 Dec 9,Google Android 14 (Upside Down Cake),"MediaTek Dimensity 7300 MT6878, 2024, 64 bit, octa-core, 4 nm, ARM Mali-G615 GPU",AM-OLED,120 Hz,1220x2712,True,"Redmi Note 14 Pro 4G 128GB by Xiaomi is a smartphone launched in 2024. It has 6 GB RAM and 128 GB storage. Processor: Qualcomm Snapdragon 732G. The screen is 6.67 inches (AM-OLED 120 Hz). Battery: 5000 mAh. Cameras: rear 108MP (Main) + 8MP (Ultra-wide) + 2MP (Macro), front 16MP. Weight: 190 g. Launch price: INR 24,999."
133,Xiaomi,Redmi Note 14 Pro 4G 256GB,190g,8GB,16MP,108MP (Main) + 8MP (Ultra-wide) + 2MP (Macro),Qualcomm Snapdragon 732G,"5,000mAh",6.67 inches,79999.0,27999.0,2299.0,329.0,1299.0,2024,190.0,8.0,16.0,108.0,5000.0,6.67,256.0,Redmi Note 14 Pro 4G,Xiaomi Redmi Note 14 Pro 5G Standard Edition Dual SIM TD-LTE IN 128GB 24090RA29I  (Xiaomi Malachite),https://phonedb.net/index.php?m=device&id=24093&c=xiaomi_redmi_note_14_pro_5g_standard_edition_dual_sim_td-lte_in_128gb_24090ra29i__xiaomi_malachite,https://phonedb.net/img/xiaomi_redmi_note_14_pro_5g_4.jpg,28999.0,INR,2024 Dec 9,Google Android 14 (Upside Down Cake),"MediaTek Dimensity 7300 MT6878, 2024, 64 bit, octa-core, 4 nm, ARM Mali-G615 GPU",AM-OLED,120 Hz,1220x2712,True,"Redmi Note 14 Pro 4G 256GB by Xiaomi is a smartphone launched in 2024. It has 8 GB RAM and 256 GB storage. Processor: Qualcomm Snapdragon 732G. The screen is 6.67 inches (AM-OLED 120 Hz). Battery: 5000 mAh. Cameras: rear 108MP (Main) + 8MP (Ultra-wide) + 2MP (Macro), front 16MP. Weight: 190 g. Launch price: INR 27,999."
134,Xiaomi,Redmi Note 14 5G 128GB,185g,6GB,16MP,50MP (Main) + 8MP (Ultra-wide) + 2MP (Macro),MediaTek Dimensity 7025-Ultra,"5,000mAh",6.67 inches,59999.0,21999.0,1799.0,279.0,1099.0,2024,185.0,6.0,16.0,50.0,5000.0,6.67,128.0,Redmi Note 14 5G,Xiaomi Redmi Note 14 5G Standard Edition Dual SIM TD-LTE IN 128GB 24094RAD4I  (Xiaomi Beryl),https://phonedb.net/index.php?m=device&id=24108&c=xiaomi_redmi_note_14_5g_standard_edition_dual_sim_td-lte_in_128gb_24094rad4i__xiaomi_beryl,https://phonedb.net/img/xiaomi_redmi_note_14_5g.jpg,18999.0,INR,2024 Dec 13,Google Android 14 (Upside Down Cake),"MediaTek Dimensity 7025 MT6855V/ATZA, 2024, 64 bit, octa-core, 6 nm, IMG BXM-8-256 GPU",AM-OLED,120 Hz,1080x2400,True,"Redmi Note 14 5G 128GB by Xiaomi is a smartphone launched in 2024. It has 6 GB RAM and 128 GB storage. Processor: MediaTek Dimensity 7025-Ultra. The screen is 6.67 inches (AM-OLED 120 Hz). Battery: 5000 mAh. Cameras: rear 50MP (Main) + 8MP (Ultra-wide) + 2MP (Macro), front 16MP. Weight: 185 g. Launch price: INR 21,999."
135,Xiaomi,Redmi Note 14 5G 256GB,185g,8GB,16MP,50MP (Main) + 8MP (Ultra-wide) + 2MP (Macro),MediaTek Dimensity 7025-Ultra,"5,000mAh",6.67 inches,69999.0,24999.0,2099.0,309.0,1199.0,2024,185.0,8.0,16.0,50.0,5000.0,6.67,256.0,Redmi Note 14 5G,Xiaomi Redmi Note 14 5G Standard Edition Dual SIM TD-LTE IN 128GB 24094RAD4I  (Xiaomi Beryl),https://phonedb.net/index.php?m=device&id=24108&c=xiaomi_redmi_note_14_5g_standard_edition_dual_sim_td-lte_in_128gb_24094rad4i__xiaomi_beryl,https://phonedb.net/img/xiaomi_redmi_note_14_5g.jpg,18999.0,INR,2024 Dec 13,Google Android 14 (Upside Down Cake),"MediaTek Dimensity 7025 MT6855V/ATZA, 2024, 64 bit, octa-core, 6 nm, IMG BXM-8-256 GPU",AM-OLED,120 Hz,1080x2400,True,"Redmi Note 14 5G 256GB by Xiaomi is a smartphone launched in 2024. It has 8 GB RAM and 256 GB storage. Processor: MediaTek Dimensity 7025-Ultra. The screen is 6.67 inches (AM-OLED 120 Hz). Battery: 5000 mAh. Cameras: rear 50MP (Main) + 8MP (Ultra-wide) + 2MP (Macro), front 16MP. Weight: 185 g. Launch price: INR 24,999."
136,Xiaomi,Redmi Note 14 4G 128GB,180g,4GB,16MP,50MP (Main) + 8MP (Ultra-wide) + 2MP (Macro),Qualcomm Snapdragon 680,"5,000mAh",6.67 inches,49999.0,18999.0,1599.0,249.0,999.0,2024,180.0,4.0,16.0,50.0,5000.0,6.67,128.0,Redmi Note 14 4G,Xiaomi Redmi Note 14 5G Standard Edition Dual SIM TD-LTE IN 128GB 24094RAD4I  (Xiaomi Beryl),https://phonedb.net/index.php?m=device&id=24108&c=xiaomi_redmi_note_14_5g_standard_edition_dual_sim_td-lte_in_128gb_24094rad4i__xiaomi_beryl,https://phonedb.net/img/xiaomi_redmi_note_14_5g.jpg,18999.0,INR,2024 Dec 13,Google Android 14 (Upside Down Cake),"MediaTek Dimensity 7025 MT6855V/ATZA, 2024, 64 bit, octa-core, 6 nm, IMG BXM-8-256 GPU",AM-OLED,120 Hz,1080x2400,True,"Redmi Note 14 4G 128GB by Xiaomi is a smartphone launched in 2024. It has 4 GB RAM and 128 GB storage. Processor: Qualcomm Snapdragon 680. The screen is 6.67 inches (AM-OLED 120 Hz). Battery: 5000 mAh. Cameras: rear 50MP (Main) + 8MP (Ultra-wide) + 2MP (Macro), front 16MP. Weight: 180 g. Launch price: INR 18,999."
137,Xiaomi,Redmi Note 14 4G 256GB,180g,6GB,16MP,50MP (Main) + 8MP (Ultra-wide) + 2MP (Macro),Qualcomm Snapdragon 680,"5,000mAh",6.67 inches,59999.0,21999.0,1899.0,279.0,1099.0,2024,180.0,6.0,16.0,50.0,5000.0,6.67,256.0,Redmi Note 14 4G,Xiaomi Redmi Note 14 5G Standard Edition Dual SIM TD-LTE IN 128GB 24094RAD4I  (Xiaomi Beryl),https://phonedb.net/index.php?m=device&id=24108&c=xiaomi_redmi_note_14_5g_standard_edition_dual_sim_td-lte_in_128gb_24094rad4i__xiaomi_beryl,https://phonedb.net/img/xiaomi_redmi_note_14_5g.jpg,18999.0,INR,2024 Dec 13,Google Android 14 (Upside Down Cake),"MediaTek Dimensity 7025 MT6855V/ATZA, 2024, 64 bit, octa-core, 6 nm, IMG BXM-8-256 GPU",AM-OLED,120 Hz,1080x2400,True,"Redmi Note 14 4G 256GB by Xiaomi is a smartphone launched in 2024. It has 6 GB RAM and 256 GB storage. Processor: Qualcomm Snapdragon 680. The screen is 6.67 inches (AM-OLED 120 Hz). Battery: 5000 mAh. Cameras: rear 50MP (Main) + 8MP (Ultra-wide) + 2MP (Macro), front 16MP. Weight: 180 g. Launch price: INR 21,999."
138,Xiaomi,Redmi 14C 5G 64GB,195g,4GB,8MP,50MP (Main) + 2MP (Depth),MediaTek Dimensity 700,"5,000mAh",6.5 inches,39999.0,14999.0,1299.0,199.0,799.0,2024,195.0,4.0,8.0,50.0,5000.0,6.5,64.0,Redmi 14C 5G,,,,,,,,,,,,False,"Redmi 14C 5G 64GB by Xiaomi is a smartphone launched in 2024. It has 4 GB RAM and 64 GB storage. Processor: MediaTek Dimensity 700. The screen is 6.5 inches. Battery: 5000 mAh. Cameras: rear 50MP (Main) + 2MP (Depth), front 8MP. Weight: 195 g. Launch price: INR 14,999."
139,Xiaomi,Redmi 14C 5G 128GB,195g,6GB,8MP,50MP (Main) + 2MP (Depth),MediaTek Dimensity 700,"5,000mAh",6.5 inches,44999.0,16999.0,1499.0,229.0,899.0,2024,195.0,6.0,8.0,50.0,5000.0,6.5,128.0,Redmi 14C 5G,,,,,,,,,,,,False,"Redmi 14C 5G 128GB by Xiaomi is a smartphone launched in 2024. It has 6 GB RAM and 128 GB storage. Processor: MediaTek Dimensity 700. The screen is 6.5 inches. Battery: 5000 mAh. Cameras: rear 50MP (Main) + 2MP (Depth), front 8MP. Weight: 195 g. Launch price: INR 16,999."
140,Motorola,Edge 50 Fusion 128GB,168g,8GB,32MP,50MP,Snapdragon 7 Gen 1,"5,000mAh",6.7 inches,139999.0,29999.0,2499.0,499.0,1899.0,2024,168.0,8.0,32.0,50.0,5000.0,6.7,128.0,Edge 50 Fusion,Motorola Moto Edge 50 Fusion 5G 2024 Standard Edition Dual SIM TD-LTE IN 128GB XT2429-4  (Motorola Cuscoi),https://phonedb.net/index.php?m=device&id=24599&c=motorola_moto_edge_50_fusion_5g_2024_standard_edition_dual_sim_td-lte_in_128gb_xt2429-4__motorola_cuscoi,https://phonedb.net/img/motorola_edge_50_fusion_2024.jpg,22999.0,INR,2024 May 22,Google Android 14 (Upside Down Cake),"Qualcomm Snapdragon 7s Gen 2 5G SM7435-AB, 2023, 64 bit, octa-core, 4 nm, Qualcomm Adreno 710 GPU",AM-OLED,144 Hz,1080x2400,True,"Edge 50 Fusion 128GB by Motorola is a smartphone launched in 2024. It has 8 GB RAM and 128 GB storage. Processor: Snapdragon 7 Gen 1. The screen is 6.7 inches (AM-OLED 144 Hz). Battery: 5000 mAh. Cameras: rear 50MP, front 32MP. Weight: 168 g. Launch price: INR 29,999."
141,Motorola,Edge 50 Fusion 256GB,168g,12GB,32MP,50MP,Snapdragon 7 Gen 1,"5,000mAh",6.7 inches,159999.0,34999.0,2799.0,549.0,2099.0,2024,168.0,12.0,32.0,50.0,5000.0,6.7,256.0,Edge 50 Fusion,Motorola Moto Edge 50 Fusion 5G 2024 Standard Edition Dual SIM TD-LTE IN 128GB XT2429-4  (Motorola Cuscoi),https://phonedb.net/index.php?m=device&id=24599&c=motorola_moto_edge_50_fusion_5g_2024_standard_edition_dual_sim_td-lte_in_128gb_xt2429-4__motorola_cuscoi,https://phonedb.net/img/motorola_edge_50_fusion_2024.jpg,22999.0,INR,2024 May 22,Google Android 14 (Upside Down Cake),"Qualcomm Snapdragon 7s Gen 2 5G SM7435-AB, 2023, 64 bit, octa-core, 4 nm, Qualcomm Adreno 710 GPU",AM-OLED,144 Hz,1080x2400,True,"Edge 50 Fusion 256GB by Motorola is a smartphone launched in 2024. It has 12 GB RAM and 256 GB storage. Processor: Snapdragon 7 Gen 1. The screen is 6.7 inches (AM-OLED 144 Hz). Battery: 5000 mAh. Cameras: rear 50MP, front 32MP. Weight: 168 g. Launch price: INR 34,999."
142,Motorola,Edge 50 Pro 128GB,186g,8GB,50MP,50MP,Snapdragon 7 Gen 3,"4,500mAh",6.7 inches,169999.0,34999.0,2999.0,549.0,2099.0,2024,186.0,8.0,50.0,50.0,4500.0,6.7,128.0,Edge 50 Pro,Motorola Moto Edge 50 Pro 5G 2024 Standard Edition Dual SIM TD-LTE IN 256GB XT2403-6  (Motorola Macan),https://phonedb.net/index.php?m=device&id=23664&c=motorola_moto_edge_50_pro_5g_2024_standard_edition_dual_sim_td-lte_in_256gb_xt2403-6__motorola_macan,https://phonedb.net/img/motorola_edge_50_pro_2024.jpg,36999.0,INR,2024 Apr,Google Android 14 (Upside Down Cake),"Qualcomm Snapdragon 7 Gen 3 5G SM7550-AB (Crow), 2023, 64 bit, octa-core, 4 nm, Qualcomm Adreno 720 GPU",AM-OLED,144 Hz,1220x2712,True,"Edge 50 Pro 128GB by Motorola is a smartphone launched in 2024. It has 8 GB RAM and 128 GB storage. Processor: Snapdragon 7 Gen 3. The screen is 6.7 inches (AM-OLED 144 Hz). Battery: 4500 mAh. Cameras: rear 50MP, front 50MP. Weight: 186 g. Launch price: INR 34,999."
143,Motorola,Edge 50 Pro 256GB,186g,12GB,50MP,50MP,Snapdragon 7 Gen 3,"4,500mAh",6.7 inches,189999.0,39999.0,3299.0,599.0,2299.0,2024,186.0,12.0,50.0,50.0,4500.0,6.7,256.0,Edge 50 Pro,Motorola Moto Edge 50 Pro 5G 2024 Standard Edition Dual SIM TD-LTE IN 256GB XT2403-6  (Motorola Macan),https://phonedb.net/index.php?m=device&id=23664&c=motorola_moto_edge_50_pro_5g_2024_standard_edition_dual_sim_td-lte_in_256gb_xt2403-6__motorola_macan,https://phonedb.net/img/motorola_edge_50_pro_2024.jpg,36999.0,INR,2024 Apr,Google Android 14 (Upside Down Cake),"Qualcomm Snapdragon 7 Gen 3 5G SM7550-AB (Crow), 2023, 64 bit, octa-core, 4 nm, Qualcomm Adreno 720 GPU",AM-OLED,144 Hz,1220x2712,True,"Edge 50 Pro 256GB by Motorola is a smartphone launched in 2024. It has 12 GB RAM and 256 GB storage. Processor: Snapdragon 7 Gen 3. The screen is 6.7 inches (AM-OLED 144 Hz). Battery: 4500 mAh. Cameras: rear 50MP, front 50MP. Weight: 186 g. Launch price: INR 39,999."
144,Motorola,One Vision 3 128GB,180g,6GB,25MP,48MP,Exynos 9609,"3,500mAh",6.3 inches,39999.0,19999.0,1399.0,299.0,1099.0,2024,180.0,6.0,25.0,48.0,3500.0,6.3,128.0,One Vision 3,,,,,,,,,,,,False,"One Vision 3 128GB by Motorola is a smartphone launched in 2024. It has 6 GB RAM and 128 GB storage. Processor: Exynos 9609. The screen is 6.3 inches. Battery: 3500 mAh. Cameras: rear 48MP, front 25MP. Weight: 180 g. Launch price: INR 19,999."
145,Motorola,One Vision 3 256GB,180g,8GB,25MP,48MP,Exynos 9609,"3,500mAh",6.3 inches,44999.0,22999.0,1599.0,349.0,1299.0,2024,180.0,8.0,25.0,48.0,3500.0,6.3,256.0,One Vision 3,,,,,,,,,,,,False,"One Vision 3 256GB by Motorola is a smartphone launched in 2024. It has 8 GB RAM and 256 GB storage. Processor: Exynos 9609. The screen is 6.3 inches. Battery: 3500 mAh. Cameras: rear 48MP, front 25MP. Weight: 180 g. Launch price: INR 22,999."
146,Motorola,Edge 50 Lite 128GB,170g,6GB,32MP,64MP,Snapdragon 695,"5,000mAh",6.7 inches,59999.0,27999.0,2199.0,399.0,1499.0,2024,170.0,6.0,32.0,64.0,5000.0,6.7,128.0,Edge 50 Lite,,,,,,,,,,,,False,"Edge 50 Lite 128GB by Motorola is a smartphone launched in 2024. It has 6 GB RAM and 128 GB storage. Processor: Snapdragon 695. The screen is 6.7 inches. Battery: 5000 mAh. Cameras: rear 64MP, front 32MP. Weight: 170 g. Launch price: INR 27,999."
147,Motorola,Edge 50 Lite 256GB,170g,8GB,32MP,64MP,Snapdragon 695,"5,000mAh",6.7 inches,64999.0,29999.0,2399.0,449.0,1699.0,2024,170.0,8.0,32.0,64.0,5000.0,6.7,256.0,Edge 50 Lite,,,,,,,,,,,,False,"Edge 50 Lite 256GB by Motorola is a smartphone launched in 2024. It has 8 GB RAM and 256 GB storage. Processor: Snapdragon 695. The screen is 6.7 inches. Battery: 5000 mAh. Cameras: rear 64MP, front 32MP. Weight: 170 g. Launch price: INR 29,999."
148,Motorola,Moto G75 5G 128GB,205g,8GB,16MP,50MP,Snapdragon 6 Gen 3,"5,000mAh",6.78 inches,89999.0,34999.0,2699.0,320.0,1175.0,2024,205.0,8.0,16.0,50.0,5000.0,6.78,128.0,Moto G75 5G,,,,,,,,,,,,False,"Moto G75 5G 128GB by Motorola is a smartphone launched in 2024. It has 8 GB RAM and 128 GB storage. Processor: Snapdragon 6 Gen 3. The screen is 6.78 inches. Battery: 5000 mAh. Cameras: rear 50MP, front 16MP. Weight: 205 g. Launch price: INR 34,999."
149,Motorola,Moto G75 5G 256GB,205g,8GB,16MP,50MP,Snapdragon 6 Gen 3,"5,000mAh",6.78 inches,99999.0,39999.0,2999.0,370.0,1350.0,2024,205.0,8.0,16.0,50.0,5000.0,6.78,256.0,Moto G75 5G,,,,,,,,,,,,False,"Moto G75 5G 256GB by Motorola is a smartphone launched in 2024. It has 8 GB RAM and 256 GB storage. Processor: Snapdragon 6 Gen 3. The screen is 6.78 inches. Battery: 5000 mAh. Cameras: rear 50MP, front 16MP. Weight: 205 g. Launch price: INR 39,999."
150,Motorola,Moto S50 128GB,190g,8GB,32MP,64MP,MediaTek Dimensity 8100,"4,500mAh",6.7 inches,79999.0,29999.0,2499.0,300.0,1100.0,2024,190.0,8.0,32.0,64.0,4500.0,6.7,128.0,Moto S50,Motorola Moto S50 5G 2024 Premium Edition Dual SIM TD-LTE CN 512GB XT2409-3  (Motorola Vienna),https://phonedb.net/index.php?m=device&id=24610&c=motorola_moto_s50_5g_2024_premium_edition_dual_sim_td-lte_cn_512gb_xt2409-3__motorola_vienna,https://phonedb.net/img/motorola_moto_edge_50_neo.jpg,2499.0,CNY,2024 Sep,Google Android 14 (Upside Down Cake),"MediaTek Dimensity 7300 MT6878, 2024, 64 bit, octa-core, 4 nm, ARM Mali-G615 GPU",AM-OLED,120 Hz,1200x2670,True,"Moto S50 128GB by Motorola is a smartphone launched in 2024. It has 8 GB RAM and 128 GB storage. Processor: MediaTek Dimensity 8100. The screen is 6.7 inches (AM-OLED 120 Hz). Battery: 4500 mAh. Cameras: rear 64MP, front 32MP. Weight: 190 g. Launch price: INR 29,999."
151,Motorola,Moto S50 256GB,190g,12GB,32MP,64MP,MediaTek Dimensity 8100,"4,500mAh",6.7 inches,89999.0,34999.0,2799.0,350.0,1275.0,2024,190.0,12.0,32.0,64.0,4500.0,6.7,256.0,Moto S50,Motorola Moto S50 5G 2024 Premium Edition Dual SIM TD-LTE CN 512GB XT2409-3  (Motorola Vienna),https://phonedb.net/index.php?m=device&id=24610&c=motorola_moto_s50_5g_2024_premium_edition_dual_sim_td-lte_cn_512gb_xt2409-3__motorola_vienna,https://phonedb.net/img/motorola_moto_edge_50_neo.jpg,2499.0,CNY,2024 Sep,Google Android 14 (Upside Down Cake),"MediaTek Dimensity 7300 MT6878, 2024, 64 bit, octa-core, 4 nm, ARM Mali-G615 GPU",AM-OLED,120 Hz,1200x2670,True,"Moto S50 256GB by Motorola is a smartphone launched in 2024. It has 12 GB RAM and 256 GB storage. Processor: MediaTek Dimensity 8100. The screen is 6.7 inches (AM-OLED 120 Hz). Battery: 4500 mAh. Cameras: rear 64MP, front 32MP. Weight: 190 g. Launch price: INR 34,999."
152,Motorola,Edge 50 Neo 256GB,171g,8GB,32MP,50MP,MediaTek Dimensity 7300,"4,310mAh",6.4 inches,99999.0,39999.0,2999.0,400.0,1500.0,2024,171.0,8.0,32.0,50.0,4310.0,6.4,256.0,Edge 50 Neo,Motorola Moto Edge 50 Neo 5G 2024 Standard Edition Dual SIM TD-LTE IN 256GB XT2409-3  (Motorola Vienna),https://phonedb.net/index.php?m=device&id=24608&c=motorola_moto_edge_50_neo_5g_2024_standard_edition_dual_sim_td-lte_in_256gb_xt2409-3__motorola_vienna,https://phonedb.net/img/motorola_moto_edge_50_neo.jpg,23999.0,INR,2024 Sep 16,Google Android 14 (Upside Down Cake),"MediaTek Dimensity 7300 MT6878, 2024, 64 bit, octa-core, 4 nm, ARM Mali-G615 GPU",AM-OLED,120 Hz,1200x2670,True,"Edge 50 Neo 256GB by Motorola is a smartphone launched in 2024. It has 8 GB RAM and 256 GB storage. Processor: MediaTek Dimensity 7300. The screen is 6.4 inches (AM-OLED 120 Hz). Battery: 4310 mAh. Cameras: rear 50MP, front 32MP. Weight: 171 g. Launch price: INR 39,999."
153,Motorola,Edge 50 Neo 512GB,171g,12GB,32MP,50MP,MediaTek Dimensity 7300,"4,310mAh",6.4 inches,109999.0,44999.0,3299.0,450.0,1675.0,2024,171.0,12.0,32.0,50.0,4310.0,6.4,512.0,Edge 50 Neo,Motorola Moto Edge 50 Neo 5G 2024 Standard Edition Dual SIM TD-LTE IN 256GB XT2409-3  (Motorola Vienna),https://phonedb.net/index.php?m=device&id=24608&c=motorola_moto_edge_50_neo_5g_2024_standard_edition_dual_sim_td-lte_in_256gb_xt2409-3__motorola_vienna,https://phonedb.net/img/motorola_moto_edge_50_neo.jpg,23999.0,INR,2024 Sep 16,Google Android 14 (Upside Down Cake),"MediaTek Dimensity 7300 MT6878, 2024, 64 bit, octa-core, 4 nm, ARM Mali-G615 GPU",AM-OLED,120 Hz,1200x2670,True,"Edge 50 Neo 512GB by Motorola is a smartphone launched in 2024. It has 12 GB RAM and 512 GB storage. Processor: MediaTek Dimensity 7300. The screen is 6.4 inches (AM-OLED 120 Hz). Battery: 4310 mAh. Cameras: rear 50MP, front 32MP. Weight: 171 g. Launch price: INR 44,999."
154,Motorola,Moto G55 128GB,182g,8GB,16MP,50MP,MediaTek Dimensity 7025,"5,000mAh",6.49 inches,69999.0,26999.0,2199.0,270.0,1000.0,2024,182.0,8.0,16.0,50.0,5000.0,6.49,128.0,Moto G55,Motorola Moto G55 5G 2024 Premium Edition Dual SIM TD-LTE CN 128GB XT2435-3  (Motorola Taipei),https://phonedb.net/index.php?m=device&id=24619&c=motorola_moto_g55_5g_2024_premium_edition_dual_sim_td-lte_cn_128gb_xt2435-3__motorola_taipei,https://phonedb.net/img/motorola_moto_g55_2024.jpg,1099.0,CNY,2024 Oct,Google Android 14 (Upside Down Cake),"MediaTek Dimensity 7025 MT6855V/ATZA, 2024, 64 bit, octa-core, 6 nm, IMG BXM-8-256 GPU",Color IPS TFT LCD,120 Hz,1080x2400,True,"Moto G55 128GB by Motorola is a smartphone launched in 2024. It has 8 GB RAM and 128 GB storage. Processor: MediaTek Dimensity 7025. The screen is 6.49 inches (Color IPS TFT LCD 120 Hz). Battery: 5000 mAh. Cameras: rear 50MP, front 16MP. Weight: 182 g. Launch price: INR 26,999."
155,Motorola,Moto G55 256GB,182g,8GB,16MP,50MP,MediaTek Dimensity 7025,"5,000mAh",6.49 inches,79999.0,29999.0,2499.0,320.0,1175.0,2024,182.0,8.0,16.0,50.0,5000.0,6.49,256.0,Moto G55,Motorola Moto G55 5G 2024 Premium Edition Dual SIM TD-LTE CN 128GB XT2435-3  (Motorola Taipei),https://phonedb.net/index.php?m=device&id=24619&c=motorola_moto_g55_5g_2024_premium_edition_dual_sim_td-lte_cn_128gb_xt2435-3__motorola_taipei,https://phonedb.net/img/motorola_moto_g55_2024.jpg,1099.0,CNY,2024 Oct,Google Android 14 (Upside Down Cake),"MediaTek Dimensity 7025 MT6855V/ATZA, 2024, 64 bit, octa-core, 6 nm, IMG BXM-8-256 GPU",Color IPS TFT LCD,120 Hz,1080x2400,True,"Moto G55 256GB by Motorola is a smartphone launched in 2024. It has 8 GB RAM and 256 GB storage. Processor: MediaTek Dimensity 7025. The screen is 6.49 inches (Color IPS TFT LCD 120 Hz). Battery: 5000 mAh. Cameras: rear 50MP, front 16MP. Weight: 182 g. Launch price: INR 29,999."
156,Motorola,Moto G35 128GB,188g,4GB,16MP,50MP,Unisoc T760,"5,000mAh",6.72 inches,49999.0,18999.0,1599.0,200.0,750.0,2024,188.0,4.0,16.0,50.0,5000.0,6.72,128.0,Moto G35,Motorola Moto G35 5G 2024 Standard Edition Dual SIM TD-LTE IN 128GB XT2433-3  (Motorola Manila),https://phonedb.net/index.php?m=device&id=24624&c=motorola_moto_g35_5g_2024_standard_edition_dual_sim_td-lte_in_128gb_xt2433-3__motorola_manila,https://phonedb.net/img/motorola_moto_g35_2024.jpg,9999.0,INR,2024 Dec 11,Google Android 14 (Upside Down Cake),"UNISOC Tanggula T760 5G, 2021, 64 bit, octa-core, 6 nm, ARM Mali-G57 GPU",Color IPS TFT LCD,120 Hz,1080x2400,True,"Moto G35 128GB by Motorola is a smartphone launched in 2024. It has 4 GB RAM and 128 GB storage. Processor: Unisoc T760. The screen is 6.72 inches (Color IPS TFT LCD 120 Hz). Battery: 5000 mAh. Cameras: rear 50MP, front 16MP. Weight: 188 g. Launch price: INR 18,999."
157,Motorola,Moto G35 256GB,188g,8GB,16MP,50MP,Unisoc T760,"5,000mAh",6.72 inches,59999.0,22999.0,1899.0,250.0,925.0,2024,188.0,8.0,16.0,50.0,5000.0,6.72,256.0,Moto G35,Motorola Moto G35 5G 2024 Standard Edition Dual SIM TD-LTE IN 128GB XT2433-3  (Motorola Manila),https://phonedb.net/index.php?m=device&id=24624&c=motorola_moto_g35_5g_2024_standard_edition_dual_sim_td-lte_in_128gb_xt2433-3__motorola_manila,https://phonedb.net/img/motorola_moto_g35_2024.jpg,9999.0,INR,2024 Dec 11,Google Android 14 (Upside Down Cake),"UNISOC Tanggula T760 5G, 2021, 64 bit, octa-core, 6 nm, ARM Mali-G57 GPU",Color IPS TFT LCD,120 Hz,1080x2400,True,"Moto G35 256GB by Motorola is a smartphone launched in 2024. It has 8 GB RAM and 256 GB storage. Processor: Unisoc T760. The screen is 6.72 inches (Color IPS TFT LCD 120 Hz). Battery: 5000 mAh. Cameras: rear 50MP, front 16MP. Weight: 188 g. Launch price: INR 22,999."
158,Motorola,Moto G45 128GB,183g,6GB,16MP,50MP,Snapdragon 6s Gen 3,"5,000mAh",6.5 inches,59999.0,22999.0,1899.0,250.0,925.0,2024,183.0,6.0,16.0,50.0,5000.0,6.5,128.0,Moto G45,Motorola Moto G45 5G 2024 Standard Edition Dual SIM TD-LTE IN 128GB XT2363-8  (Motorola FogoS),https://phonedb.net/index.php?m=device&id=24569&c=motorola_moto_g45_5g_2024_standard_edition_dual_sim_td-lte_in_128gb_xt2363-8__motorola_fogos,https://phonedb.net/img/motorola_moto_g45_2024.jpg,9999.0,INR,2024 Aug 21,Google Android 14 (Upside Down Cake),"Qualcomm Snapdragon 6s Gen 3 5G SM6375-AC, 2024, 64 bit, octa-core, 6 nm, Qualcomm Adreno 619 GPU",Color IPS TFT LCD,120 Hz,720x1600,True,"Moto G45 128GB by Motorola is a smartphone launched in 2024. It has 6 GB RAM and 128 GB storage. Processor: Snapdragon 6s Gen 3. The screen is 6.5 inches (Color IPS TFT LCD 120 Hz). Battery: 5000 mAh. Cameras: rear 50MP, front 16MP. Weight: 183 g. Launch price: INR 22,999."
159,Motorola,Moto G45 256GB,183g,8GB,16MP,50MP,Snapdragon 6s Gen 3,"5,000mAh",6.5 inches,69999.0,26999.0,2199.0,300.0,1100.0,2024,183.0,8.0,16.0,50.0,5000.0,6.5,256.0,Moto G45,Motorola Moto G45 5G 2024 Standard Edition Dual SIM TD-LTE IN 128GB XT2363-8  (Motorola FogoS),https://phonedb.net/index.php?m=device&id=24569&c=motorola_moto_g45_5g_2024_standard_edition_dual_sim_td-lte_in_128gb_xt2363-8__motorola_fogos,https://phonedb.net/img/motorola_moto_g45_2024.jpg,9999.0,INR,2024 Aug 21,Google Android 14 (Upside Down Cake),"Qualcomm Snapdragon 6s Gen 3 5G SM6375-AC, 2024, 64 bit, octa-core, 6 nm, Qualcomm Adreno 619 GPU",Color IPS TFT LCD,120 Hz,720x1600,True,"Moto G45 256GB by Motorola is a smartphone launched in 2024. It has 8 GB RAM and 256 GB storage. Processor: Snapdragon 6s Gen 3. The screen is 6.5 inches (Color IPS TFT LCD 120 Hz). Battery: 5000 mAh. Cameras: rear 50MP, front 16MP. Weight: 183 g. Launch price: INR 26,999."
160,Motorola,Edge 50 256GB,180g,8GB,32MP,50MP,Snapdragon 7s Gen 2,"4,700mAh",6.7 inches,109999.0,44999.0,3299.0,450.0,1675.0,2024,180.0,8.0,32.0,50.0,4700.0,6.7,256.0,Edge 50,Motorola Moto Edge 50 5G 2024 Standard Edition Dual SIM TD-LTE IN 256GB XT2407-3  (Motorola Tank),https://phonedb.net/index.php?m=device&id=24595&c=motorola_moto_edge_50_5g_2024_standard_edition_dual_sim_td-lte_in_256gb_xt2407-3__motorola_tank,https://phonedb.net/img/motorola_edge_50_2024_3.jpg,27999.0,INR,2024 Aug 8,Google Android 14 (Upside Down Cake),"Qualcomm Snapdragon 7 Gen 1 5G SM7450-AB, 2022, 64 bit, octa-core, 3072 Kbyte L2, 4 nm, Qualcomm Adreno 644 GPU",AM-OLED,120 Hz,1220x2712,True,"Edge 50 256GB by Motorola is a smartphone launched in 2024. It has 8 GB RAM and 256 GB storage. Processor: Snapdragon 7s Gen 2. The screen is 6.7 inches (AM-OLED 120 Hz). Battery: 4700 mAh. Cameras: rear 50MP, front 32MP. Weight: 180 g. Launch price: INR 44,999."
161,Motorola,Edge 50 512GB,180g,12GB,32MP,50MP,Snapdragon 7s Gen 2,"4,700mAh",6.7 inches,119999.0,49999.0,3599.0,500.0,1850.0,2024,180.0,12.0,32.0,50.0,4700.0,6.7,512.0,Edge 50,Motorola Moto Edge 50 5G 2024 Standard Edition Dual SIM TD-LTE IN 256GB XT2407-3  (Motorola Tank),https://phonedb.net/index.php?m=device&id=24595&c=motorola_moto_edge_50_5g_2024_standard_edition_dual_sim_td-lte_in_256gb_xt2407-3__motorola_tank,https://phonedb.net/img/motorola_edge_50_2024_3.jpg,27999.0,INR,2024 Aug 8,Google Android 14 (Upside Down Cake),"Qualcomm Snapdragon 7 Gen 1 5G SM7450-AB, 2022, 64 bit, octa-core, 3072 Kbyte L2, 4 nm, Qualcomm Adreno 644 GPU",AM-OLED,120 Hz,1220x2712,True,"Edge 50 512GB by Motorola is a smartphone launched in 2024. It has 12 GB RAM and 512 GB storage. Processor: Snapdragon 7s Gen 2. The screen is 6.7 inches (AM-OLED 120 Hz). Battery: 4700 mAh. Cameras: rear 50MP, front 32MP. Weight: 180 g. Launch price: INR 49,999."
162,Motorola,Razr 50 Ultra 512GB,189g,12GB,32MP,50MP,Snapdragon 8+ Gen 1,"4,000mAh","6.9 inches (internal), 4.0 inches (external)",249999.0,99999.0,7999.0,1199.0,4399.0,2024,189.0,12.0,32.0,50.0,4000.0,6.9,512.0,Razr 50 Ultra,Motorola RAZR 50 Ultra 5G 5th gen 2024 Premium Edition TD-LTE JP 256GB XT2451-6  (Motorola ArcFox),https://phonedb.net/index.php?m=device&id=23978&c=motorola_razr_50_ultra_5g_5th_gen_2024_premium_edition_td-lte_jp_256gb_xt2451-6__motorola_arcfox,https://phonedb.net/img/motorola_razr_50_ultra_5g_2024_2.jpg,171360.0,JPY,2024 Dec 6,Google Android 14 (Upside Down Cake),"Qualcomm Snapdragon 8s Gen 3 SM8635, 2024, 64 bit, octa-core, 4 nm, Qualcomm Adreno 735 GPU",AM-OLED,165 Hz,1080x2640,True,"Razr 50 Ultra 512GB by Motorola is a smartphone launched in 2024. It has 12 GB RAM and 512 GB storage. Processor: Snapdragon 8+ Gen 1. The screen is 6.9 inches (AM-OLED 165 Hz). Battery: 4000 mAh. Cameras: rear 50MP, front 32MP. Weight: 189 g. Launch price: INR 99,999."
163,Motorola,Razr 50 256GB,188g,8GB,32MP,50MP,Snapdragon 7 Gen 1,"3,800mAh","6.7 inches (internal), 3.6 inches (external)",199999.0,79999.0,5999.0,999.0,3699.0,2024,188.0,8.0,32.0,50.0,3800.0,6.7,256.0,Razr 50,Motorola RAZR 50 5G 2024 Premium Edition Dual SIM TD-LTE JP 512GB XT2453-7  (Motorola Aito),https://phonedb.net/index.php?m=device&id=23678&c=motorola_razr_50_5g_2024_premium_edition_dual_sim_td-lte_jp_512gb_xt2453-7__motorola_aito,https://phonedb.net/img/motorola_razr_50_5g_2024.jpg,135800.0,JPY,2024 Sep 27,Google Android 14 (Upside Down Cake),"MediaTek Dimensity 7300X MT6878, 2024, 64 bit, octa-core, 4 nm, ARM Mali-G615 GPU",AM-OLED,120 Hz,1080x2640,True,"Razr 50 256GB by Motorola is a smartphone launched in 2024. It has 8 GB RAM and 256 GB storage. Processor: Snapdragon 7 Gen 1. The screen is 6.7 inches (AM-OLED 120 Hz). Battery: 3800 mAh. Cameras: rear 50MP, front 32MP. Weight: 188 g. Launch price: INR 79,999."
164,Motorola,Moto G85 128GB,173g,8GB,32MP,50MP,Snapdragon 6s Gen 3,"5,000mAh",6.67 inches,79999.0,29999.0,2499.0,320.0,1175.0,2024,173.0,8.0,32.0,50.0,5000.0,6.67,128.0,Moto G85,Motorola Moto G85 5G 2024 Standard Edition Global Dual SIM TD-LTE 256GB XT2427-2  (Motorola Malmo),https://phonedb.net/index.php?m=device&id=24587&c=motorola_moto_g85_5g_2024_standard_edition_global_dual_sim_td-lte_256gb_xt2427-2__motorola_malmo,https://phonedb.net/img/motorola_moto_g85_2024_2.jpg,299.0,EUR,2024 Jul,Google Android 14 (Upside Down Cake),"Qualcomm Snapdragon 6s Gen 3 5G SM6375-AC, 2024, 64 bit, octa-core, 6 nm, Qualcomm Adreno 619 GPU",AM-OLED,120 Hz,1080x2400,True,"Moto G85 128GB by Motorola is a smartphone launched in 2024. It has 8 GB RAM and 128 GB storage. Processor: Snapdragon 6s Gen 3. The screen is 6.67 inches (AM-OLED 120 Hz). Battery: 5000 mAh. Cameras: rear 50MP, front 32MP. Weight: 173 g. Launch price: INR 29,999."
165,Motorola,Moto G85 256GB,173g,12GB,32MP,50MP,Snapdragon 6s Gen 3,"5,000mAh",6.67 inches,89999.0,34999.0,2799.0,370.0,1350.0,2024,173.0,12.0,32.0,50.0,5000.0,6.67,256.0,Moto G85,Motorola Moto G85 5G 2024 Standard Edition Global Dual SIM TD-LTE 256GB XT2427-2  (Motorola Malmo),https://phonedb.net/index.php?m=device&id=24587&c=motorola_moto_g85_5g_2024_standard_edition_global_dual_sim_td-lte_256gb_xt2427-2__motorola_malmo,https://phonedb.net/img/motorola_moto_g85_2024_2.jpg,299.0,EUR,2024 Jul,Google Android 14 (Upside Down Cake),"Qualcomm Snapdragon 6s Gen 3 5G SM6375-AC, 2024, 64 bit, octa-core, 6 nm, Qualcomm Adreno 619 GPU",AM-OLED,120 Hz,1080x2400,True,"Moto G85 256GB by Motorola is a smartphone launched in 2024. It has 12 GB RAM and 256 GB storage. Processor: Snapdragon 6s Gen 3. The screen is 6.67 inches (AM-OLED 120 Hz). Battery: 5000 mAh. Cameras: rear 50MP, front 32MP. Weight: 173 g. Launch price: INR 34,999."
166,Motorola,S50 Neo 256GB,170g,8GB,32MP,50MP,MediaTek Dimensity 7200,"4,300mAh",6.5 inches,69999.0,26999.0,2199.0,300.0,1100.0,2024,170.0,8.0,32.0,50.0,4300.0,6.5,256.0,S50 Neo,Motorola Moto S50 Neo 5G 2024 Premium Edition Dual SIM TD-LTE CN 512GB XT2427-4  (Motorola Malmo),https://phonedb.net/index.php?m=device&id=24592&c=motorola_moto_s50_neo_5g_2024_premium_edition_dual_sim_td-lte_cn_512gb_xt2427-4__motorola_malmo,https://phonedb.net/img/motorola_moto_g85_2024_2.jpg,1699.0,CNY,2024 Jun 28,Google Android 14 (Upside Down Cake),"Qualcomm Snapdragon 6s Gen 3 5G SM6375-AC, 2024, 64 bit, octa-core, 6 nm, Qualcomm Adreno 619 GPU",AM-OLED,120 Hz,1080x2400,True,"S50 Neo 256GB by Motorola is a smartphone launched in 2024. It has 8 GB RAM and 256 GB storage. Processor: MediaTek Dimensity 7200. The screen is 6.5 inches (AM-OLED 120 Hz). Battery: 4300 mAh. Cameras: rear 50MP, front 32MP. Weight: 170 g. Launch price: INR 26,999."
167,Motorola,S50 Neo 512GB,170g,12GB,32MP,50MP,MediaTek Dimensity 7200,"4,300mAh",6.5 inches,79999.0,29999.0,2499.0,350.0,1275.0,2024,170.0,12.0,32.0,50.0,4300.0,6.5,512.0,S50 Neo,Motorola Moto S50 Neo 5G 2024 Premium Edition Dual SIM TD-LTE CN 512GB XT2427-4  (Motorola Malmo),https://phonedb.net/index.php?m=device&id=24592&c=motorola_moto_s50_neo_5g_2024_premium_edition_dual_sim_td-lte_cn_512gb_xt2427-4__motorola_malmo,https://phonedb.net/img/motorola_moto_g85_2024_2.jpg,1699.0,CNY,2024 Jun 28,Google Android 14 (Upside Down Cake),"Qualcomm Snapdragon 6s Gen 3 5G SM6375-AC, 2024, 64 bit, octa-core, 6 nm, Qualcomm Adreno 619 GPU",AM-OLED,120 Hz,1080x2400,True,"S50 Neo 512GB by Motorola is a smartphone launched in 2024. It has 12 GB RAM and 512 GB storage. Processor: MediaTek Dimensity 7200. The screen is 6.5 inches (AM-OLED 120 Hz). Battery: 4300 mAh. Cameras: rear 50MP, front 32MP. Weight: 170 g. Launch price: INR 29,999."
168,Motorola,Moto E14 64GB,180g,4GB,8MP,13MP,Unisoc T606,"5,000mAh",6.5 inches,29999.0,11999.0,999.0,150.0,550.0,2024,180.0,4.0,8.0,13.0,5000.0,6.5,64.0,Moto E14,Motorola Moto E14 2024 Global Dual SIM TD-LTE 64GB XT2421-13  (Motorola LionL),https://phonedb.net/index.php?m=device&id=24518&c=motorola_moto_e14_2024_global_dual_sim_td-lte_64gb_xt2421-13__motorola_lionl,https://phonedb.net/img/motorola_moto_e14_2024_2.jpg,70.0,GBP,2024 Jun,Google Android 14 Go Edition (Upside Down Cake),"UNISOC Tiger T606 UMS9230, 2021, 64 bit, octa-core, 12 nm, ARM Mali-G57 GPU",Color IPS TFT LCD,90 Hz,720x1612,True,"Moto E14 64GB by Motorola is a smartphone launched in 2024. It has 4 GB RAM and 64 GB storage. Processor: Unisoc T606. The screen is 6.5 inches (Color IPS TFT LCD 90 Hz). Battery: 5000 mAh. Cameras: rear 13MP, front 8MP. Weight: 180 g. Launch price: INR 11,999."
169,Motorola,Moto E14 128GB,180g,4GB,8MP,13MP,Unisoc T606,"5,000mAh",6.5 inches,34999.0,13999.0,1199.0,180.0,650.0,2024,180.0,4.0,8.0,13.0,5000.0,6.5,128.0,Moto E14,Motorola Moto E14 2024 Global Dual SIM TD-LTE 64GB XT2421-13  (Motorola LionL),https://phonedb.net/index.php?m=device&id=24518&c=motorola_moto_e14_2024_global_dual_sim_td-lte_64gb_xt2421-13__motorola_lionl,https://phonedb.net/img/motorola_moto_e14_2024_2.jpg,70.0,GBP,2024 Jun,Google Android 14 Go Edition (Upside Down Cake),"UNISOC Tiger T606 UMS9230, 2021, 64 bit, octa-core, 12 nm, ARM Mali-G57 GPU",Color IPS TFT LCD,90 Hz,720x1612,True,"Moto E14 128GB by Motorola is a smartphone launched in 2024. It has 4 GB RAM and 128 GB storage. Processor: Unisoc T606. The screen is 6.5 inches (Color IPS TFT LCD 90 Hz). Battery: 5000 mAh. Cameras: rear 13MP, front 8MP. Weight: 180 g. Launch price: INR 13,999."
170,Motorola,Edge 256GB,174g,8GB,32MP,50MP,Snapdragon 7s Gen 2,"4,700mAh",6.7 inches,109999.0,44999.0,3299.0,450.0,1675.0,2024,174.0,8.0,32.0,50.0,4700.0,6.7,256.0,Edge,,,,,,,,,,,,False,"Edge 256GB by Motorola is a smartphone launched in 2024. It has 8 GB RAM and 256 GB storage. Processor: Snapdragon 7s Gen 2. The screen is 6.7 inches. Battery: 4700 mAh. Cameras: rear 50MP, front 32MP. Weight: 174 g. Launch price: INR 44,999."
171,Motorola,Edge 512GB,174g,12GB,32MP,50MP,Snapdragon 7s Gen 2,"4,700mAh",6.7 inches,119999.0,49999.0,3599.0,500.0,1850.0,2024,174.0,12.0,32.0,50.0,4700.0,6.7,512.0,Edge,,,,,,,,,,,,False,"Edge 512GB by Motorola is a smartphone launched in 2024. It has 12 GB RAM and 512 GB storage. Processor: Snapdragon 7s Gen 2. The screen is 6.7 inches. Battery: 4700 mAh. Cameras: rear 50MP, front 32MP. Weight: 174 g. Launch price: INR 49,999."
172,Motorola,Moto X50 Ultra 512GB,198g,12GB,60MP,200MP,Snapdragon 8 Gen 3,"5,000mAh",6.9 inches,299999.0,119999.0,8999.0,1499.0,5499.0,2024,198.0,12.0,60.0,200.0,5000.0,6.9,512.0,Moto X50 Ultra,Motorola Moto X50 Ultra 5G 2024 Premium Edition Dual SIM TD-LTE CN 1TB XT2401-2  (Motorola CTwo),https://phonedb.net/index.php?m=device&id=24604&c=motorola_moto_x50_ultra_5g_2024_premium_edition_dual_sim_td-lte_cn_1tb_xt2401-2__motorola_ctwo,https://phonedb.net/img/motorola_edge_50_ultra_2024_3.jpg,4699.0,CNY,2024 May 16,Google Android 14 (Upside Down Cake),"Qualcomm Snapdragon 8s Gen 3 SM8635, 2024, 64 bit, octa-core, 4 nm, Qualcomm Adreno 735 GPU",AM-OLED,144 Hz,1220x2712,True,"Moto X50 Ultra 512GB by Motorola is a smartphone launched in 2024. It has 12 GB RAM and 512 GB storage. Processor: Snapdragon 8 Gen 3. The screen is 6.9 inches (AM-OLED 144 Hz). Battery: 5000 mAh. Cameras: rear 200MP, front 60MP. Weight: 198 g. Launch price: INR 119,999."
173,Motorola,Moto G Stylus 5G 256GB,195g,6GB,16MP,50MP,Snapdragon 6 Gen 1,"5,000mAh",6.8 inches,69999.0,26999.0,2199.0,300.0,1100.0,2024,195.0,6.0,16.0,50.0,5000.0,6.8,256.0,Moto G Stylus 5G,,,,,,,,,,,,False,"Moto G Stylus 5G 256GB by Motorola is a smartphone launched in 2024. It has 6 GB RAM and 256 GB storage. Processor: Snapdragon 6 Gen 1. The screen is 6.8 inches. Battery: 5000 mAh. Cameras: rear 50MP, front 16MP. Weight: 195 g. Launch price: INR 26,999."
174,Motorola,Moto G Stylus 5G 512GB,195g,8GB,16MP,50MP,Snapdragon 6 Gen 1,"5,000mAh",6.8 inches,79999.0,29999.0,2499.0,350.0,1275.0,2024,195.0,8.0,16.0,50.0,5000.0,6.8,512.0,Moto G Stylus 5G,,,,,,,,,,,,False,"Moto G Stylus 5G 512GB by Motorola is a smartphone launched in 2024. It has 8 GB RAM and 512 GB storage. Processor: Snapdragon 6 Gen 1. The screen is 6.8 inches. Battery: 5000 mAh. Cameras: rear 50MP, front 16MP. Weight: 195 g. Launch price: INR 29,999."
175,Motorola,Edge 50 Ultra 512GB,198g,12GB,60MP,200MP,Snapdragon 8 Gen 3,"5,000mAh",6.9 inches,299999.0,119999.0,8999.0,1499.0,5499.0,2024,198.0,12.0,60.0,200.0,5000.0,6.9,512.0,Edge 50 Ultra,Motorola Moto Edge 50 Ultra 5G 2024 Premium Edition Global Dual SIM TD-LTE 1TB XT2401-1  (Motorola CTwo),https://phonedb.net/index.php?m=device&id=24603&c=motorola_moto_edge_50_ultra_5g_2024_premium_edition_global_dual_sim_td-lte_1tb_xt2401-1__motorola_ctwo,https://phonedb.net/img/motorola_edge_50_ultra_2024_2.jpg,859.0,EUR,2024 May,Google Android 14 (Upside Down Cake),"Qualcomm Snapdragon 8s Gen 3 SM8635, 2024, 64 bit, octa-core, 4 nm, Qualcomm Adreno 735 GPU",AM-OLED,144 Hz,1220x2712,True,"Edge 50 Ultra 512GB by Motorola is a smartphone launched in 2024. It has 12 GB RAM and 512 GB storage. Processor: Snapdragon 8 Gen 3. The screen is 6.9 inches (AM-OLED 144 Hz). Battery: 5000 mAh. Cameras: rear 200MP, front 60MP. Weight: 198 g. Launch price: INR 119,999."
176,Huawei,Pura 70,220g,12GB,13MP,50MP + 13MP + 12MP,Kirin 9010,"4,900mAh",6.8 inches,169999.0,84999.0,6988.0,999.0,3699.0,2024,220.0,12.0,13.0,50.0,4900.0,6.8,,Pura 70,Huawei Pura 70 Dual SIM TD-LTE 1TB CN ADY-AL00  (Huawei Audrey),https://phonedb.net/index.php?m=device&id=23768&c=huawei_pura_70_dual_sim_td-lte_1tb_cn_ady-al00__huawei_audrey,https://phonedb.net/img/huawei_pura_70_3.jpg,6999.0,CNY,2024 Apr,Huawei HarmonyOS 4.2,"HiSilicon KIRIN9000S1 4G Hi36A0 GFCV120, 2024, 64 bit, octa-core, 7 nm, HiSilicon Maleoon 910 GPU",AM-OLED,120 Hz,1256x2760,True,"Pura 70 by Huawei is a smartphone launched in 2024. It has 12 GB RAM. Processor: Kirin 9010. The screen is 6.8 inches (AM-OLED 120 Hz). Battery: 4900 mAh. Cameras: rear 50MP + 13MP + 12MP, front 13MP. Weight: 220 g. Launch price: INR 84,999."
177,Huawei,Pura 70 Pro,220g,12GB,13MP,50MP + 12.5MP + 48MP,Kirin 9010,"5,050mAh",6.8 inches,189999.0,99999.0,7988.0,1099.0,4199.0,2024,220.0,12.0,13.0,50.0,5050.0,6.8,,Pura 70 Pro,Huawei Pura 70 Pro Global TD-LTE 512GB HBN-LX9 / HBN-L09  (Huawei Hepburn),https://phonedb.net/index.php?m=device&id=23750&c=huawei_pura_70_pro_global_td-lte_512gb_hbn-lx9__hbn-l09__huawei_hepburn,https://phonedb.net/img/huawei_pura_70_pro_2.jpg,23999.0,MXN,2024 Apr 29,Google Android 12 (S),"HiSilicon KIRIN9010 4G Hi36A0 GFCV121, 2024, 64 bit, octa-core, 7 nm, HiSilicon Maleoon 910 GPU",AM-OLED,120 Hz,1266x2844,True,"Pura 70 Pro by Huawei is a smartphone launched in 2024. It has 12 GB RAM. Processor: Kirin 9010. The screen is 6.8 inches (AM-OLED 120 Hz). Battery: 5050 mAh. Cameras: rear 50MP + 12.5MP + 48MP, front 13MP. Weight: 220 g. Launch price: INR 99,999."
178,Huawei,Pura 70 Pro+,220g,12GB,13MP,50MP + 12.5MP + 48MP,Kirin 9010,"5,050mAh",6.8 inches,209999.0,114999.0,8988.0,1199.0,4699.0,2024,220.0,12.0,13.0,50.0,5050.0,6.8,,Pura 70 Pro+,Huawei Pura 70 Pro+ Dual SIM TD-LTE CN 1TB HBN-AL10 / HBN-AL80  (Huawei Hepburn),https://phonedb.net/index.php?m=device&id=23751&c=huawei_pura_70_proplus_dual_sim_td-lte_cn_1tb_hbn-al10__hbn-al80__huawei_hepburn,https://phonedb.net/img/huawei_pura_70_pro_plus.jpg,8999.0,CNY,2024 Apr 29,Huawei HarmonyOS 4.2,"HiSilicon KIRIN9010 4G Hi36A0 GFCV121, 2024, 64 bit, octa-core, 7 nm, HiSilicon Maleoon 910 GPU",AM-OLED,120 Hz,1266x2844,True,"Pura 70 Pro+ by Huawei is a smartphone launched in 2024. It has 12 GB RAM. Processor: Kirin 9010. The screen is 6.8 inches (AM-OLED 120 Hz). Battery: 5050 mAh. Cameras: rear 50MP + 12.5MP + 48MP, front 13MP. Weight: 220 g. Launch price: INR 114,999."
179,Huawei,Pura 70 Ultra,226g,16GB,13MP,50MP + 40MP + 50MP,Kirin 9010,"5,200mAh",6.8 inches,229999.0,129999.0,9988.0,1299.0,5199.0,2024,226.0,16.0,13.0,50.0,5200.0,6.8,,Pura 70 Ultra,Huawei Pura 70 Ultra Global Dual SIM TD-LTE 1TB HBP-LX9 / HBP-L29  (Huawei HepburnP),https://phonedb.net/index.php?m=device&id=23744&c=huawei_pura_70_ultra_global_dual_sim_td-lte_1tb_hbp-lx9__hbp-l29__huawei_hepburnp,https://phonedb.net/img/huawei_pura_70_ultra_2.jpg,172297.0,RUB,2024 Apr 29,Google Android 12 (S),"HiSilicon KIRIN9010 4G Hi36A0 GFCV121, 2024, 64 bit, octa-core, 7 nm, HiSilicon Maleoon 910 GPU",AM-OLED,120 Hz,1266x2844,True,"Pura 70 Ultra by Huawei is a smartphone launched in 2024. It has 16 GB RAM. Processor: Kirin 9010. The screen is 6.8 inches (AM-OLED 120 Hz). Battery: 5200 mAh. Cameras: rear 50MP + 40MP + 50MP, front 13MP. Weight: 226 g. Launch price: INR 129,999."
180,Huawei,Mate 70,220g,12GB,13MP,50MP + 12MP,Kirin 9010,"4,900mAh",6.7 inches,179999.0,89999.0,5499.0,899.0,3399.0,2024,220.0,12.0,13.0,50.0,4900.0,6.7,,Mate 70,,,,,,,,,,,,False,"Mate 70 by Huawei is a smartphone launched in 2024. It has 12 GB RAM. Processor: Kirin 9010. The screen is 6.7 inches. Battery: 4900 mAh. Cameras: rear 50MP + 12MP, front 13MP. Weight: 220 g. Launch price: INR 89,999."
181,Huawei,Mate 70 Pro,220g,12GB,13MP,50MP + 12MP + 40MP,Kirin 9010,"5,000mAh",6.8 inches,199999.0,104999.0,6499.0,999.0,3899.0,2024,220.0,12.0,13.0,50.0,5000.0,6.8,,Mate 70 Pro,,,,,,,,,,,,False,"Mate 70 Pro by Huawei is a smartphone launched in 2024. It has 12 GB RAM. Processor: Kirin 9010. The screen is 6.8 inches. Battery: 5000 mAh. Cameras: rear 50MP + 12MP + 40MP, front 13MP. Weight: 220 g. Launch price: INR 104,999."
182,Huawei,Mate 70 Pro+,220g,12GB,13MP,50MP + 12MP + 40MP,Kirin 9010,"5,000mAh",6.8 inches,219999.0,119999.0,7499.0,1099.0,4399.0,2024,220.0,12.0,13.0,50.0,5000.0,6.8,,Mate 70 Pro+,,,,,,,,,,,,False,"Mate 70 Pro+ by Huawei is a smartphone launched in 2024. It has 12 GB RAM. Processor: Kirin 9010. The screen is 6.8 inches. Battery: 5000 mAh. Cameras: rear 50MP + 12MP + 40MP, front 13MP. Weight: 220 g. Launch price: INR 119,999."
183,Huawei,Mate X6,241g,12GB,8MP,50MP + 13MP + 12MP,Kirin 9010,"4,800mAh",7.93 inches,349999.0,249999.0,12999.0,2499.0,9999.0,2024,241.0,12.0,8.0,50.0,4800.0,7.93,,Mate X6,,,,,,,,,,,,False,"Mate X6 by Huawei is a smartphone launched in 2024. It has 12 GB RAM. Processor: Kirin 9010. The screen is 7.93 inches. Battery: 4800 mAh. Cameras: rear 50MP + 13MP + 12MP, front 8MP. Weight: 241 g. Launch price: INR 249,999."
184,Huawei,Nova 12,168g,8GB,60MP,50MP + 8MP,Kirin 9000S,"4,500mAh",6.7 inches,89999.0,44999.0,2999.0,499.0,1899.0,2024,168.0,8.0,60.0,50.0,4500.0,6.7,,Nova 12,,,,,,,,,,,,False,"Nova 12 by Huawei is a smartphone launched in 2024. It has 8 GB RAM. Processor: Kirin 9000S. The screen is 6.7 inches. Battery: 4500 mAh. Cameras: rear 50MP + 8MP, front 60MP. Weight: 168 g. Launch price: INR 44,999."
185,Huawei,Nova 12 Pro,188g,8GB,60MP + 8MP,50MP + 8MP,Kirin 9000S,"4,500mAh",6.78 inches,109999.0,54999.0,3499.0,599.0,2199.0,2024,188.0,8.0,60.0,50.0,4500.0,6.78,,Nova 12 Pro,Huawei Nova 12 Pro 4G Dual SIM TD-LTE CN 256GB ADA-AL00  (Huawei Adela),https://phonedb.net/index.php?m=device&id=23825&c=huawei_nova_12_pro_4g_dual_sim_td-lte_cn_256gb_ada-al00__huawei_adela,https://phonedb.net/img/huawei_nova_12_pro.jpg,3999.0,CNY,2024 Jan 6,Huawei HarmonyOS 4,"HiSilicon KIRIN8000 4G, 2024, 64 bit, octa-core, 4096 Kbyte L3, 7 nm, ARM Mali-G610 GPU",AM-OLED,120 Hz,1224x2776,True,"Nova 12 Pro by Huawei is a smartphone launched in 2024. It has 8 GB RAM. Processor: Kirin 9000S. The screen is 6.78 inches (AM-OLED 120 Hz). Battery: 4500 mAh. Cameras: rear 50MP + 8MP, front 60MP + 8MP. Weight: 188 g. Launch price: INR 54,999."
186,Huawei,Mate XT 256GB,245g,12GB,13MP,50MP + 12MP + 48MP,Kirin 9010,"5,000mAh",7.92 inches,359999.0,259999.0,13499.0,2599.0,10499.0,2024,245.0,12.0,13.0,50.0,5000.0,7.92,256.0,Mate XT,Huawei Mate XT 4G Ultimate Design Dual SIM TD-LTE CN 1TB GRL-AL10  (Huawei Greenland),https://phonedb.net/index.php?m=device&id=23843&c=huawei_mate_xt_4g_ultimate_design_dual_sim_td-lte_cn_1tb_grl-al10__huawei_greenland,https://phonedb.net/img/huawei_mate_xt_ultimate.jpg,23999.0,CNY,2024 Oct 12,Huawei HarmonyOS 4.2,"HiSilicon KIRIN9010 4G Hi36A0 GFCV121, 2024, 64 bit, octa-core, 7 nm, HiSilicon Maleoon 910 GPU",AM-OLED,120 Hz,3184x2232,True,"Mate XT 256GB by Huawei is a smartphone launched in 2024. It has 12 GB RAM and 256 GB storage. Processor: Kirin 9010. The screen is 7.92 inches (AM-OLED 120 Hz). Battery: 5000 mAh. Cameras: rear 50MP + 12MP + 48MP, front 13MP. Weight: 245 g. Launch price: INR 259,999."
187,Huawei,Mate XT 512GB,245g,12GB,13MP,50MP + 12MP + 48MP,Kirin 9010,"5,000mAh",7.92 inches,389999.0,274999.0,14499.0,2799.0,11099.0,2024,245.0,12.0,13.0,50.0,5000.0,7.92,512.0,Mate XT,Huawei Mate XT 4G Ultimate Design Dual SIM TD-LTE CN 1TB GRL-AL10  (Huawei Greenland),https://phonedb.net/index.php?m=device&id=23843&c=huawei_mate_xt_4g_ultimate_design_dual_sim_td-lte_cn_1tb_grl-al10__huawei_greenland,https://phonedb.net/img/huawei_mate_xt_ultimate.jpg,23999.0,CNY,2024 Oct 12,Huawei HarmonyOS 4.2,"HiSilicon KIRIN9010 4G Hi36A0 GFCV121, 2024, 64 bit, octa-core, 7 nm, HiSilicon Maleoon 910 GPU",AM-OLED,120 Hz,3184x2232,True,"Mate XT 512GB by Huawei is a smartphone launched in 2024. It has 12 GB RAM and 512 GB storage. Processor: Kirin 9010. The screen is 7.92 inches (AM-OLED 120 Hz). Battery: 5000 mAh. Cameras: rear 50MP + 12MP + 48MP, front 13MP. Weight: 245 g. Launch price: INR 274,999."
188,Huawei,Nova 13 256GB,170g,8GB,50MP,50MP + 8MP,Kirin 9000S,"4,600mAh",6.7 inches,94999.0,47999.0,3199.0,529.0,1999.0,2024,170.0,8.0,50.0,50.0,4600.0,6.7,256.0,Nova 13,,,,,,,,,,,,False,"Nova 13 256GB by Huawei is a smartphone launched in 2024. It has 8 GB RAM and 256 GB storage. Processor: Kirin 9000S. The screen is 6.7 inches. Battery: 4600 mAh. Cameras: rear 50MP + 8MP, front 50MP. Weight: 170 g. Launch price: INR 47,999."
189,Huawei,Nova 13 512GB,170g,8GB,50MP,50MP + 8MP,Kirin 9000S,"4,600mAh",6.7 inches,109999.0,54999.0,3699.0,599.0,2299.0,2024,170.0,8.0,50.0,50.0,4600.0,6.7,512.0,Nova 13,,,,,,,,,,,,False,"Nova 13 512GB by Huawei is a smartphone launched in 2024. It has 8 GB RAM and 512 GB storage. Processor: Kirin 9000S. The screen is 6.7 inches. Battery: 4600 mAh. Cameras: rear 50MP + 8MP, front 50MP. Weight: 170 g. Launch price: INR 54,999."
190,Huawei,Nova 13 Pro 256GB,190g,8GB,60MP + 8MP,50MP + 8MP,Kirin 9000S,"4,600mAh",6.78 inches,119999.0,59999.0,3999.0,649.0,2399.0,2024,190.0,8.0,60.0,50.0,4600.0,6.78,256.0,Nova 13 Pro,,,,,,,,,,,,False,"Nova 13 Pro 256GB by Huawei is a smartphone launched in 2024. It has 8 GB RAM and 256 GB storage. Processor: Kirin 9000S. The screen is 6.78 inches. Battery: 4600 mAh. Cameras: rear 50MP + 8MP, front 60MP + 8MP. Weight: 190 g. Launch price: INR 59,999."
191,Huawei,Nova 13 Pro 512GB,190g,8GB,60MP + 8MP,50MP + 8MP,Kirin 9000S,"4,600mAh",6.78 inches,134999.0,67999.0,4499.0,729.0,2699.0,2024,190.0,8.0,60.0,50.0,4600.0,6.78,512.0,Nova 13 Pro,,,,,,,,,,,,False,"Nova 13 Pro 512GB by Huawei is a smartphone launched in 2024. It has 8 GB RAM and 512 GB storage. Processor: Kirin 9000S. The screen is 6.78 inches. Battery: 4600 mAh. Cameras: rear 50MP + 8MP, front 60MP + 8MP. Weight: 190 g. Launch price: INR 67,999."
192,Sony,Xperia 1 VI 256GB,190g,12GB,12MP,48MP,Snapdragon 8 Gen 3,"5,000mAh",6.5 inches,469999.0,129999.0,8499.0,1799.0,6199.0,2024,190.0,12.0,12.0,48.0,5000.0,6.5,256.0,Xperia 1 VI,Sony Xperia 1 VI 5G Standard Edition Dual SIM TD-LTE JP 512GB XQ-EC44  (Sony PDX-245),https://phonedb.net/index.php?m=device&id=23599&c=sony_xperia_1_vi_5g_standard_edition_dual_sim_td-lte_jp_512gb_xq-ec44__sony_pdx-245,https://phonedb.net/img/sony_xperia_1_vi.jpg,204600.0,JPY,2024 Jun 21,Google Android 14 (Upside Down Cake),"Qualcomm Snapdragon 8 Gen 3 SM8650-AB (Lanai), 2023, 64 bit, octa-core, 12288 Kbyte L3, 4 nm, Qualcomm Adreno 750 GPU",AM-OLED,120 Hz,1080x2340,True,"Xperia 1 VI 256GB by Sony is a smartphone launched in 2024. It has 12 GB RAM and 256 GB storage. Processor: Snapdragon 8 Gen 3. The screen is 6.5 inches (AM-OLED 120 Hz). Battery: 5000 mAh. Cameras: rear 48MP, front 12MP. Weight: 190 g. Launch price: INR 129,999."
193,Sony,Xperia 5 VI 128GB,180g,8GB,12MP,48MP,Snapdragon 8 Gen 3,"5,000mAh",6.1 inches,349999.0,99999.0,6599.0,1199.0,4399.0,2024,180.0,8.0,12.0,48.0,5000.0,6.1,128.0,Xperia 5 VI,,,,,,,,,,,,False,"Xperia 5 VI 128GB by Sony is a smartphone launched in 2024. It has 8 GB RAM and 128 GB storage. Processor: Snapdragon 8 Gen 3. The screen is 6.1 inches. Battery: 5000 mAh. Cameras: rear 48MP, front 12MP. Weight: 180 g. Launch price: INR 99,999."
194,Sony,Xperia 10 VI 128GB,167g,6GB,8MP,48MP,Snapdragon 7 Gen 1,"5,000mAh",6.1 inches,209999.0,59999.0,3999.0,699.0,2199.0,2024,167.0,6.0,8.0,48.0,5000.0,6.1,128.0,Xperia 10 VI,Sony Xperia 10 VI 5G Dual SIM TD-LTE JP 128GB XQ-ES44  (Sony PDX-246),https://phonedb.net/index.php?m=device&id=23603&c=sony_xperia_10_vi_5g_dual_sim_td-lte_jp_128gb_xq-es44__sony_pdx-246,https://phonedb.net/img/sony_xperia_10_vi_5g_3.jpg,69300.0,JPY,2024 Jul 6,Google Android 14 (Upside Down Cake),"Qualcomm Snapdragon 6 Gen 1 5G SM6450, 2022, 64 bit, octa-core, 4 nm, Qualcomm Adreno 710 GPU",AM-OLED,60 Hz,1080x2520,True,"Xperia 10 VI 128GB by Sony is a smartphone launched in 2024. It has 6 GB RAM and 128 GB storage. Processor: Snapdragon 7 Gen 1. The screen is 6.1 inches (AM-OLED 60 Hz). Battery: 5000 mAh. Cameras: rear 48MP, front 8MP. Weight: 167 g. Launch price: INR 59,999."
195,Google,Pixel 8a 128GB,194g,8GB,10.5MP,64MP,Google Tensor G3,"4,385mAh",6.1 inches,149999.0,49999.0,4999.0,549.0,2399.0,2024,194.0,8.0,10.5,64.0,4385.0,6.1,128.0,Pixel 8a,Google Pixel 8a 5G TD-LTE JP 128GB G576D  (Google Akita),https://phonedb.net/index.php?m=device&id=24777&c=google_pixel_8a_5g_td-lte_jp_128gb_g576d__google_akita,https://phonedb.net/img/google_pixel_8a_5g.jpg,84800.0,JPY,2024 May 14,Google Android 14 (Upside Down Cake),"Samsung Google Tensor G3 GS301 S5P9865 (Zuma), 2023, 64 bit, multi-core, 2560 Kbyte L2, 8192 Kbyte L3, 4 nm, ARM Mali-G715 GPU",AM-OLED,120 Hz,1080x2400,True,"Pixel 8a 128GB by Google is a smartphone launched in 2024. It has 8 GB RAM and 128 GB storage. Processor: Google Tensor G3. The screen is 6.1 inches (AM-OLED 120 Hz). Battery: 4385 mAh. Cameras: rear 64MP, front 10.5MP. Weight: 194 g. Launch price: INR 49,999."
196,Google,Pixel 9 128GB,195g,8GB,10.8MP,50MP,Google Tensor G4,"4,600mAh",6.3 inches,189999.0,74999.0,6599.0,799.0,3199.0,2024,195.0,8.0,10.8,50.0,4600.0,6.3,128.0,Pixel 9,Google Pixel 9 5G TD-LTE JP 128GB G1B60  (Google Tokay),https://phonedb.net/index.php?m=device&id=23949&c=google_pixel_9_5g_td-lte_jp_128gb_g1b60__google_tokay,https://phonedb.net/img/google_pixel_9_5g_3.jpg,128900.0,JPY,2024 Aug 22,Google Android 14 (Upside Down Cake),"Samsung Google Tensor G4 GS401 S5P9875 (Zuma Pro), 2024, 64 bit, octa-core, 4 nm, ARM Mali-G715 GPU",AM-OLED,120 Hz,1080x2424,True,"Pixel 9 128GB by Google is a smartphone launched in 2024. It has 8 GB RAM and 128 GB storage. Processor: Google Tensor G4. The screen is 6.3 inches (AM-OLED 120 Hz). Battery: 4600 mAh. Cameras: rear 50MP, front 10.8MP. Weight: 195 g. Launch price: INR 74,999."
197,Google,Pixel 9 Pro 256GB,216g,12GB,10.8MP,50MP,Google Tensor G4,"5,050mAh",6.7 inches,259999.0,109999.0,8799.0,1099.0,4199.0,2024,216.0,12.0,10.8,50.0,5050.0,6.7,256.0,Pixel 9 Pro,Google Pixel 9 Pro 5G TD-LTE JP 128GB GWVK6  (Google Caiman),https://phonedb.net/index.php?m=device&id=23944&c=google_pixel_9_pro_5g_td-lte_jp_128gb_gwvk6__google_caiman,https://phonedb.net/img/google_pixel_9_pro_5g.jpg,159900.0,JPY,2024 Sep 4,Google Android 14 (Upside Down Cake),"Samsung Google Tensor G4 GS401 S5P9875 (Zuma Pro), 2024, 64 bit, octa-core, 4 nm, ARM Mali-G715 GPU",AM-OLED,120 Hz,1280x2856,True,"Pixel 9 Pro 256GB by Google is a smartphone launched in 2024. It has 12 GB RAM and 256 GB storage. Processor: Google Tensor G4. The screen is 6.7 inches (AM-OLED 120 Hz). Battery: 5050 mAh. Cameras: rear 50MP, front 10.8MP. Weight: 216 g. Launch price: INR 109,999."
198,Google,Pixel 9 Pro XL 512GB,222g,16GB,10.8MP,50MP,Google Tensor G4,"5,250mAh",6.8 inches,299999.0,129999.0,9799.0,1299.0,4999.0,2024,222.0,16.0,10.8,50.0,5250.0,6.8,512.0,Pixel 9 Pro XL,Google Pixel 9 Pro XL 5G Global TD-LTE 1TB GZC4K  (Google Komodo),https://phonedb.net/index.php?m=device&id=23930&c=google_pixel_9_pro_xl_5g_global_td-lte_1tb_gzc4k__google_komodo,https://phonedb.net/img/google_pixel_9_pro_xl_5g.jpg,1639.0,EUR,2024 Aug 22,Google Android 14 (Upside Down Cake),"Samsung Google Tensor G4 GS401 S5P9875 (Zuma Pro), 2024, 64 bit, octa-core, 4 nm, ARM Mali-G715 GPU",AM-OLED,120 Hz,1344x2992,True,"Pixel 9 Pro XL 512GB by Google is a smartphone launched in 2024. It has 16 GB RAM and 512 GB storage. Processor: Google Tensor G4. The screen is 6.8 inches (AM-OLED 120 Hz). Battery: 5250 mAh. Cameras: rear 50MP, front 10.8MP. Weight: 222 g. Launch price: INR 129,999."
199,Google,Pixel 9 Pro Fold 512GB,250g,16GB,10.8MP,50MP,Google Tensor G4,"5,500mAh",7.6 inches,399999.0,179999.0,13999.0,1799.0,6999.0,2024,250.0,16.0,10.8,50.0,5500.0,7.6,512.0,Pixel 9 Pro Fold,Google Pixel 9 Pro Fold UW 5G TD-LTE US 512GB GGH2X  (Google Comet),https://phonedb.net/index.php?m=device&id=23956&c=google_pixel_9_pro_fold_uw_5g_td-lte_us_512gb_ggh2x__google_comet,https://phonedb.net/img/google_pixel_9_pro_fold_5g.jpg,1919.0,USD,2024 Sep 4,Google Android 14 (Upside Down Cake),"Samsung Google Tensor G4 GS401 S5P9875 (Zuma Pro), 2024, 64 bit, octa-core, 4 nm, ARM Mali-G715 GPU",AM-OLED,120 Hz,1080x2424,True,"Pixel 9 Pro Fold 512GB by Google is a smartphone launched in 2024. It has 16 GB RAM and 512 GB storage. Processor: Google Tensor G4. The screen is 7.6 inches (AM-OLED 120 Hz). Battery: 5500 mAh. Cameras: rear 50MP, front 10.8MP. Weight: 250 g. Launch price: INR 179,999."
200,Tecno,Spark Go 1S 64GB,190g,4GB,8MP,13MP,MediaTek Helio A22,"5,000mAh",6.6 inches,27999.0,9999.0,799.0,129.0,499.0,2024,190.0,4.0,8.0,13.0,5000.0,6.6,64.0,Spark Go 1S,,,,,,,,,,,,False,"Spark Go 1S 64GB by Tecno is a smartphone launched in 2024. It has 4 GB RAM and 64 GB storage. Processor: MediaTek Helio A22. The screen is 6.6 inches. Battery: 5000 mAh. Cameras: rear 13MP, front 8MP. Weight: 190 g. Launch price: INR 9,999."
201,Tecno,Pop 9 4G 64GB,195g,3GB,5MP,8MP,Unisoc SC9863A,"5,000mAh",6.52 inches,22999.0,7499.0,599.0,99.0,399.0,2024,195.0,3.0,5.0,8.0,5000.0,6.52,64.0,Pop 9 4G,,,,,,,,,,,,False,"Pop 9 4G 64GB by Tecno is a smartphone launched in 2024. It has 3 GB RAM and 64 GB storage. Processor: Unisoc SC9863A. The screen is 6.52 inches. Battery: 5000 mAh. Cameras: rear 8MP, front 5MP. Weight: 195 g. Launch price: INR 7,499."
202,Tecno,Camon 30S 256GB,198g,8GB,32MP,50MP,MediaTek Dimensity 810,"5,200mAh",6.8 inches,89999.0,39999.0,3199.0,499.0,1999.0,2024,198.0,8.0,32.0,50.0,5200.0,6.8,256.0,Camon 30S,,,,,,,,,,,,False,"Camon 30S 256GB by Tecno is a smartphone launched in 2024. It has 8 GB RAM and 256 GB storage. Processor: MediaTek Dimensity 810. The screen is 6.8 inches. Battery: 5200 mAh. Cameras: rear 50MP, front 32MP. Weight: 198 g. Launch price: INR 39,999."
203,Tecno,Spark 30C 5G 128GB,200g,6GB,16MP,50MP,MediaTek Dimensity 6100+,"5,000mAh",6.6 inches,39999.0,14999.0,1199.0,199.0,749.0,2024,200.0,6.0,16.0,50.0,5000.0,6.6,128.0,Spark 30C 5G,,,,,,,,,,,,False,"Spark 30C 5G 128GB by Tecno is a smartphone launched in 2024. It has 6 GB RAM and 128 GB storage. Processor: MediaTek Dimensity 6100+. The screen is 6.6 inches. Battery: 5000 mAh. Cameras: rear 50MP, front 16MP. Weight: 200 g. Launch price: INR 14,999."
204,Tecno,Spark 30 5G 128GB,195g,6GB,16MP,50MP,MediaTek Dimensity 6020,"5,000mAh",6.6 inches,42999.0,16999.0,1399.0,229.0,849.0,2024,195.0,6.0,16.0,50.0,5000.0,6.6,128.0,Spark 30 5G,,,,,,,,,,,,False,"Spark 30 5G 128GB by Tecno is a smartphone launched in 2024. It has 6 GB RAM and 128 GB storage. Processor: MediaTek Dimensity 6020. The screen is 6.6 inches. Battery: 5000 mAh. Cameras: rear 50MP, front 16MP. Weight: 195 g. Launch price: INR 16,999."
205,Tecno,Pop 9 64GB,190g,3GB,5MP,8MP,Unisoc SC9832E,"5,000mAh",6.52 inches,21999.0,6999.0,549.0,89.0,349.0,2024,190.0,3.0,5.0,8.0,5000.0,6.52,64.0,Pop 9,,,,,,,,,,,,False,"Pop 9 64GB by Tecno is a smartphone launched in 2024. It has 3 GB RAM and 64 GB storage. Processor: Unisoc SC9832E. The screen is 6.52 inches. Battery: 5000 mAh. Cameras: rear 8MP, front 5MP. Weight: 190 g. Launch price: INR 6,999."
206,Tecno,Spark 30 Pro 256GB,205g,8GB,32MP,50MP,MediaTek Helio G99,"5,200mAh",6.8 inches,54999.0,19999.0,1799.0,269.0,999.0,2024,205.0,8.0,32.0,50.0,5200.0,6.8,256.0,Spark 30 Pro,,,,,,,,,,,,False,"Spark 30 Pro 256GB by Tecno is a smartphone launched in 2024. It has 8 GB RAM and 256 GB storage. Processor: MediaTek Helio G99. The screen is 6.8 inches. Battery: 5200 mAh. Cameras: rear 50MP, front 32MP. Weight: 205 g. Launch price: INR 19,999."
207,Tecno,Spark 30 128GB,192g,4GB,16MP,50MP,MediaTek Helio G85,"5,000mAh",6.6 inches,34999.0,12999.0,1099.0,179.0,699.0,2024,192.0,4.0,16.0,50.0,5000.0,6.6,128.0,Spark 30,,,,,,,,,,,,False,"Spark 30 128GB by Tecno is a smartphone launched in 2024. It has 4 GB RAM and 128 GB storage. Processor: MediaTek Helio G85. The screen is 6.6 inches. Battery: 5000 mAh. Cameras: rear 50MP, front 16MP. Weight: 192 g. Launch price: INR 12,999."
208,Tecno,Phantom V Fold2 512GB,280g,12GB,32MP,64MP,MediaTek Dimensity 9200+,"5,500mAh",7.85 inches,399999.0,169999.0,12999.0,1799.0,6999.0,2024,280.0,12.0,32.0,64.0,5500.0,7.85,512.0,Phantom V Fold2,,,,,,,,,,,,False,"Phantom V Fold2 512GB by Tecno is a smartphone launched in 2024. It has 12 GB RAM and 512 GB storage. Processor: MediaTek Dimensity 9200+. The screen is 7.85 inches. Battery: 5500 mAh. Cameras: rear 64MP, front 32MP. Weight: 280 g. Launch price: INR 169,999."
209,Tecno,Phantom V Flip2 256GB,195g,8GB,32MP,50MP,MediaTek Dimensity 8050,"4,300mAh",6.9 inches,159999.0,79999.0,5999.0,999.0,3999.0,2024,195.0,8.0,32.0,50.0,4300.0,6.9,256.0,Phantom V Flip2,,,,,,,,,,,,False,"Phantom V Flip2 256GB by Tecno is a smartphone launched in 2024. It has 8 GB RAM and 256 GB storage. Processor: MediaTek Dimensity 8050. The screen is 6.9 inches. Battery: 4300 mAh. Cameras: rear 50MP, front 32MP. Weight: 195 g. Launch price: INR 79,999."
210,Tecno,Pova 6 Neo 5G 256GB,225g,8GB,16MP,50MP,MediaTek Dimensity 810,"6,000mAh",6.8 inches,69999.0,29999.0,2499.0,349.0,1299.0,2024,225.0,8.0,16.0,50.0,6000.0,6.8,256.0,Pova 6 Neo 5G,,,,,,,,,,,,False,"Pova 6 Neo 5G 256GB by Tecno is a smartphone launched in 2024. It has 8 GB RAM and 256 GB storage. Processor: MediaTek Dimensity 810. The screen is 6.8 inches. Battery: 6000 mAh. Cameras: rear 50MP, front 16MP. Weight: 225 g. Launch price: INR 29,999."
211,Tecno,Spark 30C 128GB,190g,4GB,16MP,50MP,MediaTek Helio G85,"5,000mAh",6.6 inches,32999.0,11999.0,999.0,149.0,599.0,2024,190.0,4.0,16.0,50.0,5000.0,6.6,128.0,Spark 30C,,,,,,,,,,,,False,"Spark 30C 128GB by Tecno is a smartphone launched in 2024. It has 4 GB RAM and 128 GB storage. Processor: MediaTek Helio G85. The screen is 6.6 inches. Battery: 5000 mAh. Cameras: rear 50MP, front 16MP. Weight: 190 g. Launch price: INR 11,999."
212,Tecno,Spark Go 1 64GB,195g,3GB,5MP,8MP,Unisoc SC9863A,"5,000mAh",6.52 inches,22999.0,7499.0,599.0,99.0,399.0,2024,195.0,3.0,5.0,8.0,5000.0,6.52,64.0,Spark Go 1,,,,,,,,,,,,False,"Spark Go 1 64GB by Tecno is a smartphone launched in 2024. It has 3 GB RAM and 64 GB storage. Processor: Unisoc SC9863A. The screen is 6.52 inches. Battery: 5000 mAh. Cameras: rear 8MP, front 5MP. Weight: 195 g. Launch price: INR 7,499."
213,Tecno,Camon 30S Pro 512GB,202g,12GB,50MP,108MP,MediaTek Dimensity 9200,"5,200mAh",6.9 inches,159999.0,79999.0,6999.0,1099.0,4199.0,2024,202.0,12.0,50.0,108.0,5200.0,6.9,512.0,Camon 30S Pro,,,,,,,,,,,,False,"Camon 30S Pro 512GB by Tecno is a smartphone launched in 2024. It has 12 GB RAM and 512 GB storage. Processor: MediaTek Dimensity 9200. The screen is 6.9 inches. Battery: 5200 mAh. Cameras: rear 108MP, front 50MP. Weight: 202 g. Launch price: INR 79,999."
214,Tecno,Spark 20P 128GB,195g,4GB,16MP,50MP,MediaTek Helio G85,"5,000mAh",6.6 inches,37999.0,13999.0,1199.0,179.0,699.0,2024,195.0,4.0,16.0,50.0,5000.0,6.6,128.0,Spark 20P,,,,,,,,,,,,False,"Spark 20P 128GB by Tecno is a smartphone launched in 2024. It has 4 GB RAM and 128 GB storage. Processor: MediaTek Helio G85. The screen is 6.6 inches. Battery: 5000 mAh. Cameras: rear 50MP, front 16MP. Weight: 195 g. Launch price: INR 13,999."
215,Tecno,Spark 20 Pro 5G 256GB,210g,8GB,32MP,50MP,MediaTek Dimensity 810,"5,200mAh",6.8 inches,59999.0,24999.0,2299.0,329.0,1199.0,2024,210.0,8.0,32.0,50.0,5200.0,6.8,256.0,Spark 20 Pro 5G,,,,,,,,,,,,False,"Spark 20 Pro 5G 256GB by Tecno is a smartphone launched in 2024. It has 8 GB RAM and 256 GB storage. Processor: MediaTek Dimensity 810. The screen is 6.8 inches. Battery: 5200 mAh. Cameras: rear 50MP, front 32MP. Weight: 210 g. Launch price: INR 24,999."
216,Tecno,Pova 6 Neo 256GB,230g,8GB,16MP,50MP,MediaTek Helio G99,"6,000mAh",6.8 inches,55999.0,22999.0,1899.0,299.0,1099.0,2024,230.0,8.0,16.0,50.0,6000.0,6.8,256.0,Pova 6 Neo,,,,,,,,,,,,False,"Pova 6 Neo 256GB by Tecno is a smartphone launched in 2024. It has 8 GB RAM and 256 GB storage. Processor: MediaTek Helio G99. The screen is 6.8 inches. Battery: 6000 mAh. Cameras: rear 50MP, front 16MP. Weight: 230 g. Launch price: INR 22,999."
217,Tecno,Camon 30 Premier 512GB,210g,12GB,50MP,108MP,MediaTek Dimensity 9200,"5,200mAh",6.9 inches,179999.0,89999.0,7499.0,1199.0,4499.0,2024,210.0,12.0,50.0,108.0,5200.0,6.9,512.0,Camon 30 Premier,,,,,,,,,,,,False,"Camon 30 Premier 512GB by Tecno is a smartphone launched in 2024. It has 12 GB RAM and 512 GB storage. Processor: MediaTek Dimensity 9200. The screen is 6.9 inches. Battery: 5200 mAh. Cameras: rear 108MP, front 50MP. Weight: 210 g. Launch price: INR 89,999."
218,Tecno,Camon 30 Pro 512GB,205g,12GB,50MP,64MP,MediaTek Dimensity 8200,"5,200mAh",6.8 inches,129999.0,64999.0,5499.0,899.0,3299.0,2024,205.0,12.0,50.0,64.0,5200.0,6.8,512.0,Camon 30 Pro,,,,,,,,,,,,False,"Camon 30 Pro 512GB by Tecno is a smartphone launched in 2024. It has 12 GB RAM and 512 GB storage. Processor: MediaTek Dimensity 8200. The screen is 6.8 inches. Battery: 5200 mAh. Cameras: rear 64MP, front 50MP. Weight: 205 g. Launch price: INR 64,999."
219,Tecno,Camon 30 5G 256GB,198g,8GB,32MP,50MP,MediaTek Dimensity 810,"5,000mAh",6.7 inches,89999.0,39999.0,3199.0,499.0,1999.0,2024,198.0,8.0,32.0,50.0,5000.0,6.7,256.0,Camon 30 5G,,,,,,,,,,,,False,"Camon 30 5G 256GB by Tecno is a smartphone launched in 2024. It has 8 GB RAM and 256 GB storage. Processor: MediaTek Dimensity 810. The screen is 6.7 inches. Battery: 5000 mAh. Cameras: rear 50MP, front 32MP. Weight: 198 g. Launch price: INR 39,999."
220,Tecno,Camon 30 128GB,195g,6GB,32MP,50MP,MediaTek Helio G99,"5,000mAh",6.7 inches,69999.0,29999.0,2499.0,349.0,1299.0,2024,195.0,6.0,32.0,50.0,5000.0,6.7,128.0,Camon 30,,,,,,,,,,,,False,"Camon 30 128GB by Tecno is a smartphone launched in 2024. It has 6 GB RAM and 128 GB storage. Processor: MediaTek Helio G99. The screen is 6.7 inches. Battery: 5000 mAh. Cameras: rear 50MP, front 32MP. Weight: 195 g. Launch price: INR 29,999."
221,Tecno,Pova 6 Pro 512GB,230g,12GB,32MP,64MP,MediaTek Dimensity 8100,"6,000mAh",6.9 inches,159999.0,79999.0,6999.0,1099.0,4199.0,2024,230.0,12.0,32.0,64.0,6000.0,6.9,512.0,Pova 6 Pro,,,,,,,,,,,,False,"Pova 6 Pro 512GB by Tecno is a smartphone launched in 2024. It has 12 GB RAM and 512 GB storage. Processor: MediaTek Dimensity 8100. The screen is 6.9 inches. Battery: 6000 mAh. Cameras: rear 64MP, front 32MP. Weight: 230 g. Launch price: INR 79,999."
222,Tecno,Spark 20 Pro+ 256GB,210g,8GB,32MP,50MP,MediaTek Helio G99,"5,200mAh",6.8 inches,54999.0,19999.0,1799.0,269.0,999.0,2024,210.0,8.0,32.0,50.0,5200.0,6.8,256.0,Spark 20 Pro+,,,,,,,,,,,,False,"Spark 20 Pro+ 256GB by Tecno is a smartphone launched in 2024. It has 8 GB RAM and 256 GB storage. Processor: MediaTek Helio G99. The screen is 6.8 inches. Battery: 5200 mAh. Cameras: rear 50MP, front 32MP. Weight: 210 g. Launch price: INR 19,999."
223,Tecno,Spark 20 Pro 128GB,195g,6GB,16MP,50MP,MediaTek Helio G85,"5,000mAh",6.6 inches,39999.0,14999.0,1199.0,199.0,749.0,2024,195.0,6.0,16.0,50.0,5000.0,6.6,128.0,Spark 20 Pro,,,,,,,,,,,,False,"Spark 20 Pro 128GB by Tecno is a smartphone launched in 2024. It has 6 GB RAM and 128 GB storage. Processor: MediaTek Helio G85. The screen is 6.6 inches. Battery: 5000 mAh. Cameras: rear 50MP, front 16MP. Weight: 195 g. Launch price: INR 14,999."
224,Tecno,Spark 20 128GB,192g,4GB,16MP,50MP,MediaTek Helio G85,"5,000mAh",6.6 inches,34999.0,12999.0,1099.0,179.0,699.0,2024,192.0,4.0,16.0,50.0,5000.0,6.6,128.0,Spark 20,,,,,,,,,,,,False,"Spark 20 128GB by Tecno is a smartphone launched in 2024. It has 4 GB RAM and 128 GB storage. Processor: MediaTek Helio G85. The screen is 6.6 inches. Battery: 5000 mAh. Cameras: rear 50MP, front 16MP. Weight: 192 g. Launch price: INR 12,999."
225,Tecno,Spark 20C 128GB,190g,4GB,16MP,50MP,MediaTek Helio G85,"5,000mAh",6.6 inches,32999.0,11999.0,999.0,149.0,599.0,2024,190.0,4.0,16.0,50.0,5000.0,6.6,128.0,Spark 20C,,,,,,,,,,,,False,"Spark 20C 128GB by Tecno is a smartphone launched in 2024. It has 4 GB RAM and 128 GB storage. Processor: MediaTek Helio G85. The screen is 6.6 inches. Battery: 5000 mAh. Cameras: rear 50MP, front 16MP. Weight: 190 g. Launch price: INR 11,999."
226,Tecno,Spark Go 2024 64GB,195g,3GB,5MP,8MP,Unisoc SC9863A,"5,000mAh",6.52 inches,22999.0,7499.0,599.0,99.0,399.0,2024,195.0,3.0,5.0,8.0,5000.0,6.52,64.0,Spark Go 2024,,,,,,,,,,,,False,"Spark Go 2024 64GB by Tecno is a smartphone launched in 2024. It has 3 GB RAM and 64 GB storage. Processor: Unisoc SC9863A. The screen is 6.52 inches. Battery: 5000 mAh. Cameras: rear 8MP, front 5MP. Weight: 195 g. Launch price: INR 7,499."
227,Tecno,Pop 8 64GB,195g,3GB,5MP,8MP,Unisoc SC9832E,"5,000mAh",6.52 inches,21999.0,6999.0,549.0,89.0,349.0,2024,195.0,3.0,5.0,8.0,5000.0,6.52,64.0,Pop 8,,,,,,,,,,,,False,"Pop 8 64GB by Tecno is a smartphone launched in 2024. It has 3 GB RAM and 64 GB storage. Processor: Unisoc SC9832E. The screen is 6.52 inches. Battery: 5000 mAh. Cameras: rear 8MP, front 5MP. Weight: 195 g. Launch price: INR 6,999."
228,Tecno,Camon 20s Pro 5G 512GB,202g,12GB,50MP,108MP,MediaTek Dimensity 9200,"5,200mAh",6.9 inches,159999.0,79999.0,6999.0,1099.0,4199.0,2024,202.0,12.0,50.0,108.0,5200.0,6.9,512.0,Camon 20s Pro 5G,,,,,,,,,,,,False,"Camon 20s Pro 5G 512GB by Tecno is a smartphone launched in 2024. It has 12 GB RAM and 512 GB storage. Processor: MediaTek Dimensity 9200. The screen is 6.9 inches. Battery: 5200 mAh. Cameras: rear 108MP, front 50MP. Weight: 202 g. Launch price: INR 79,999."
229,Tecno,Camon 20s Pro 256GB,202g,12GB,50MP,108MP,MediaTek Dimensity 810,"5,200mAh",6.9 inches,129999.0,59999.0,4999.0,899.0,3499.0,2024,202.0,12.0,50.0,108.0,5200.0,6.9,256.0,Camon 20s Pro,,,,,,,,,,,,False,"Camon 20s Pro 256GB by Tecno is a smartphone launched in 2024. It has 12 GB RAM and 256 GB storage. Processor: MediaTek Dimensity 810. The screen is 6.9 inches. Battery: 5200 mAh. Cameras: rear 108MP, front 50MP. Weight: 202 g. Launch price: INR 59,999."
230,Tecno,Camon 20s 256GB,200g,8GB,32MP,50MP,MediaTek Helio G99,"5,000mAh",6.7 inches,79999.0,34999.0,2799.0,449.0,1799.0,2024,200.0,8.0,32.0,50.0,5000.0,6.7,256.0,Camon 20s,,,,,,,,,,,,False,"Camon 20s 256GB by Tecno is a smartphone launched in 2024. It has 8 GB RAM and 256 GB storage. Processor: MediaTek Helio G99. The screen is 6.7 inches. Battery: 5000 mAh. Cameras: rear 50MP, front 32MP. Weight: 200 g. Launch price: INR 34,999."
231,Tecno,Camon 20 Premier 512GB,205g,12GB,50MP,108MP,MediaTek Dimensity 8200,"5,200mAh",6.8 inches,149999.0,74999.0,6499.0,1049.0,3999.0,2024,205.0,12.0,50.0,108.0,5200.0,6.8,512.0,Camon 20 Premier,,,,,,,,,,,,False,"Camon 20 Premier 512GB by Tecno is a smartphone launched in 2024. It has 12 GB RAM and 512 GB storage. Processor: MediaTek Dimensity 8200. The screen is 6.8 inches. Battery: 5200 mAh. Cameras: rear 108MP, front 50MP. Weight: 205 g. Launch price: INR 74,999."
232,Tecno,Camon 20 Pro 5G 256GB,200g,8GB,32MP,50MP,MediaTek Dimensity 810,"5,000mAh",6.7 inches,89999.0,39999.0,3199.0,499.0,1999.0,2024,200.0,8.0,32.0,50.0,5000.0,6.7,256.0,Camon 20 Pro 5G,,,,,,,,,,,,False,"Camon 20 Pro 5G 256GB by Tecno is a smartphone launched in 2024. It has 8 GB RAM and 256 GB storage. Processor: MediaTek Dimensity 810. The screen is 6.7 inches. Battery: 5000 mAh. Cameras: rear 50MP, front 32MP. Weight: 200 g. Launch price: INR 39,999."
233,Tecno,Camon 20 Pro 128GB,198g,6GB,32MP,50MP,MediaTek Helio G99,"5,000mAh",6.7 inches,69999.0,29999.0,2499.0,349.0,1299.0,2024,198.0,6.0,32.0,50.0,5000.0,6.7,128.0,Camon 20 Pro,,,,,,,,,,,,False,"Camon 20 Pro 128GB by Tecno is a smartphone launched in 2024. It has 6 GB RAM and 128 GB storage. Processor: MediaTek Helio G99. The screen is 6.7 inches. Battery: 5000 mAh. Cameras: rear 50MP, front 32MP. Weight: 198 g. Launch price: INR 29,999."
234,Tecno,Camon 20 128GB,195g,6GB,32MP,50MP,MediaTek Helio G99,"5,000mAh",6.7 inches,69999.0,29999.0,2499.0,349.0,1299.0,2024,195.0,6.0,32.0,50.0,5000.0,6.7,128.0,Camon 20,,,,,,,,,,,,False,"Camon 20 128GB by Tecno is a smartphone launched in 2024. It has 6 GB RAM and 128 GB storage. Processor: MediaTek Helio G99. The screen is 6.7 inches. Battery: 5000 mAh. Cameras: rear 50MP, front 32MP. Weight: 195 g. Launch price: INR 29,999."
235,Tecno,Pova 5G 512GB,240g,8GB,32MP,50MP,MediaTek Dimensity 900,"6,000mAh",6.9 inches,119999.0,54999.0,4499.0,699.0,2799.0,2024,240.0,8.0,32.0,50.0,6000.0,6.9,512.0,Pova 5G,,,,,,,,,,,,False,"Pova 5G 512GB by Tecno is a smartphone launched in 2024. It has 8 GB RAM and 512 GB storage. Processor: MediaTek Dimensity 900. The screen is 6.9 inches. Battery: 6000 mAh. Cameras: rear 50MP, front 32MP. Weight: 240 g. Launch price: INR 54,999."
236,Tecno,Pova 5 256GB,230g,8GB,16MP,50MP,MediaTek Helio G99,"6,000mAh",6.8 inches,59999.0,24999.0,2299.0,329.0,1199.0,2024,230.0,8.0,16.0,50.0,6000.0,6.8,256.0,Pova 5,,,,,,,,,,,,False,"Pova 5 256GB by Tecno is a smartphone launched in 2024. It has 8 GB RAM and 256 GB storage. Processor: MediaTek Helio G99. The screen is 6.8 inches. Battery: 6000 mAh. Cameras: rear 50MP, front 16MP. Weight: 230 g. Launch price: INR 24,999."
237,Infinix,Hot 50,192g,6GB,8MP,50MP,MediaTek Helio G85,"5,000mAh",6.78 inches,39999.0,14999.0,1399.0,219.0,799.0,2024,192.0,6.0,8.0,50.0,5000.0,6.78,,Hot 50,,,,,,,,,,,,False,"Hot 50 by Infinix is a smartphone launched in 2024. It has 6 GB RAM. Processor: MediaTek Helio G85. The screen is 6.78 inches. Battery: 5000 mAh. Cameras: rear 50MP, front 8MP. Weight: 192 g. Launch price: INR 14,999."
238,Infinix,Hot 50i,190g,4GB,8MP,50MP,Unisoc T606,"5,000mAh",6.6 inches,32999.0,12499.0,1199.0,179.0,699.0,2024,190.0,4.0,8.0,50.0,5000.0,6.6,,Hot 50i,,,,,,,,,,,,False,"Hot 50i by Infinix is a smartphone launched in 2024. It has 4 GB RAM. Processor: Unisoc T606. The screen is 6.6 inches. Battery: 5000 mAh. Cameras: rear 50MP, front 8MP. Weight: 190 g. Launch price: INR 12,499."
239,Infinix,Hot 50 5G,195g,8GB,16MP,50MP,MediaTek Dimensity 810,"5,200mAh",6.78 inches,48999.0,18999.0,1799.0,289.0,1049.0,2024,195.0,8.0,16.0,50.0,5200.0,6.78,,Hot 50 5G,,,,,,,,,,,,False,"Hot 50 5G by Infinix is a smartphone launched in 2024. It has 8 GB RAM. Processor: MediaTek Dimensity 810. The screen is 6.78 inches. Battery: 5200 mAh. Cameras: rear 50MP, front 16MP. Weight: 195 g. Launch price: INR 18,999."
240,Infinix,Hot 50 Pro,194g,8GB,16MP,50MP,MediaTek Helio G99,"5,000mAh",6.8 inches,45999.0,17999.0,1699.0,269.0,999.0,2024,194.0,8.0,16.0,50.0,5000.0,6.8,,Hot 50 Pro,,,,,,,,,,,,False,"Hot 50 Pro by Infinix is a smartphone launched in 2024. It has 8 GB RAM. Processor: MediaTek Helio G99. The screen is 6.8 inches. Battery: 5000 mAh. Cameras: rear 50MP, front 16MP. Weight: 194 g. Launch price: INR 17,999."
241,Infinix,Hot 50 Pro+,196g,12GB,32MP,108MP,MediaTek Dimensity 9200,"5,300mAh",6.9 inches,64999.0,24999.0,2499.0,379.0,1399.0,2024,196.0,12.0,32.0,108.0,5300.0,6.9,,Hot 50 Pro+,,,,,,,,,,,,False,"Hot 50 Pro+ by Infinix is a smartphone launched in 2024. It has 12 GB RAM. Processor: MediaTek Dimensity 9200. The screen is 6.9 inches. Battery: 5300 mAh. Cameras: rear 108MP, front 32MP. Weight: 196 g. Launch price: INR 24,999."
242,Infinix,GT 20 Pro,198g,12GB,32MP,108MP,MediaTek Dimensity 8200,"5,500mAh",6.9 inches,89999.0,32999.0,2999.0,449.0,1699.0,2024,198.0,12.0,32.0,108.0,5500.0,6.9,,GT 20 Pro,,,,,,,,,,,,False,"GT 20 Pro by Infinix is a smartphone launched in 2024. It has 12 GB RAM. Processor: MediaTek Dimensity 8200. The screen is 6.9 inches. Battery: 5500 mAh. Cameras: rear 108MP, front 32MP. Weight: 198 g. Launch price: INR 32,999."
243,Infinix,Note 40X 5G,198g,8GB,32MP,108MP,MediaTek Dimensity 7200,"5,200mAh",6.8 inches,64999.0,23999.0,2299.0,349.0,1299.0,2024,198.0,8.0,32.0,108.0,5200.0,6.8,,Note 40X 5G,,,,,,,,,,,,False,"Note 40X 5G by Infinix is a smartphone launched in 2024. It has 8 GB RAM. Processor: MediaTek Dimensity 7200. The screen is 6.8 inches. Battery: 5200 mAh. Cameras: rear 108MP, front 32MP. Weight: 198 g. Launch price: INR 23,999."
244,Infinix,Note 40S,196g,8GB,32MP,50MP,MediaTek Helio G99,"5,000mAh",6.78 inches,42999.0,16999.0,1799.0,279.0,999.0,2024,196.0,8.0,32.0,50.0,5000.0,6.78,,Note 40S,,,,,,,,,,,,False,"Note 40S by Infinix is a smartphone launched in 2024. It has 8 GB RAM. Processor: MediaTek Helio G99. The screen is 6.78 inches. Battery: 5000 mAh. Cameras: rear 50MP, front 32MP. Weight: 196 g. Launch price: INR 16,999."
245,Infinix,Note 40 5G,195g,8GB,32MP,108MP,MediaTek Dimensity 8100,"5,200mAh",6.8 inches,54999.0,19999.0,1999.0,319.0,1099.0,2024,195.0,8.0,32.0,108.0,5200.0,6.8,,Note 40 5G,,,,,,,,,,,,False,"Note 40 5G by Infinix is a smartphone launched in 2024. It has 8 GB RAM. Processor: MediaTek Dimensity 8100. The screen is 6.8 inches. Battery: 5200 mAh. Cameras: rear 108MP, front 32MP. Weight: 195 g. Launch price: INR 19,999."
246,Infinix,Note 40 Pro 5G,195g,12GB,32MP,108MP,MediaTek Dimensity 9000,"5,300mAh",6.8 inches,72999.0,27999.0,2499.0,399.0,1499.0,2024,195.0,12.0,32.0,108.0,5300.0,6.8,,Note 40 Pro 5G,,,,,,,,,,,,False,"Note 40 Pro 5G by Infinix is a smartphone launched in 2024. It has 12 GB RAM. Processor: MediaTek Dimensity 9000. The screen is 6.8 inches. Battery: 5300 mAh. Cameras: rear 108MP, front 32MP. Weight: 195 g. Launch price: INR 27,999."
247,Infinix,Note 40 Racing Edition,196g,12GB,32MP,108MP,MediaTek Dimensity 9200,"5,500mAh",6.9 inches,89999.0,32999.0,2999.0,449.0,1699.0,2024,196.0,12.0,32.0,108.0,5500.0,6.9,,Note 40 Racing Edition,,,,,,,,,,,,False,"Note 40 Racing Edition by Infinix is a smartphone launched in 2024. It has 12 GB RAM. Processor: MediaTek Dimensity 9200. The screen is 6.9 inches. Battery: 5500 mAh. Cameras: rear 108MP, front 32MP. Weight: 196 g. Launch price: INR 32,999."
248,Infinix,Zero 40,195g,12GB,50MP,108MP,MediaTek Dimensity 8200,"5,000mAh",6.78 inches,69999.0,24999.0,2199.0,349.0,1299.0,2024,195.0,12.0,50.0,108.0,5000.0,6.78,,Zero 40,,,,,,,,,,,,False,"Zero 40 by Infinix is a smartphone launched in 2024. It has 12 GB RAM. Processor: MediaTek Dimensity 8200. The screen is 6.78 inches. Battery: 5000 mAh. Cameras: rear 108MP, front 50MP. Weight: 195 g. Launch price: INR 24,999."
249,Infinix,Zero 40 5G,195g,12GB,50MP,108MP,MediaTek Dimensity 8200,"5,000mAh",6.78 inches,74999.0,27999.0,2299.0,379.0,1399.0,2024,195.0,12.0,50.0,108.0,5000.0,6.78,,Zero 40 5G,,,,,,,,,,,,False,"Zero 40 5G by Infinix is a smartphone launched in 2024. It has 12 GB RAM. Processor: MediaTek Dimensity 8200. The screen is 6.78 inches. Battery: 5000 mAh. Cameras: rear 108MP, front 50MP. Weight: 195 g. Launch price: INR 27,999."
250,Infinix,Zero Flip,190g,8GB,32MP,108MP,Qualcomm Snapdragon 778G,"4,500mAh",6.7 inches,89999.0,32999.0,2499.0,399.0,1499.0,2024,190.0,8.0,32.0,108.0,4500.0,6.7,,Zero Flip,,,,,,,,,,,,False,"Zero Flip by Infinix is a smartphone launched in 2024. It has 8 GB RAM. Processor: Qualcomm Snapdragon 778G. The screen is 6.7 inches. Battery: 4500 mAh. Cameras: rear 108MP, front 32MP. Weight: 190 g. Launch price: INR 32,999."
251,Infinix,Note 40,190g,8GB,32MP,108MP,MediaTek Helio G99,"5,000mAh",6.78 inches,45999.0,17999.0,1799.0,279.0,999.0,2024,190.0,8.0,32.0,108.0,5000.0,6.78,,Note 40,,,,,,,,,,,,False,"Note 40 by Infinix is a smartphone launched in 2024. It has 8 GB RAM. Processor: MediaTek Helio G99. The screen is 6.78 inches. Battery: 5000 mAh. Cameras: rear 108MP, front 32MP. Weight: 190 g. Launch price: INR 17,999."
252,Infinix,Note 40 Pro,190g,12GB,32MP,108MP,MediaTek Dimensity 8100,"5,000mAh",6.78 inches,59999.0,22999.0,2199.0,329.0,1199.0,2024,190.0,12.0,32.0,108.0,5000.0,6.78,,Note 40 Pro,,,,,,,,,,,,False,"Note 40 Pro by Infinix is a smartphone launched in 2024. It has 12 GB RAM. Processor: MediaTek Dimensity 8100. The screen is 6.78 inches. Battery: 5000 mAh. Cameras: rear 108MP, front 32MP. Weight: 190 g. Launch price: INR 22,999."
253,Honor,Magic6,203g,8GB,12MP,50MP,Qualcomm Snapdragon 8 Gen 3,"5,200mAh",6.81 inches,219999.0,89999.0,5499.0,1099.0,3999.0,2024,203.0,8.0,12.0,50.0,5200.0,6.81,,Magic6,,,,,,,,,,,,False,"Magic6 by Honor is a smartphone launched in 2024. It has 8 GB RAM. Processor: Qualcomm Snapdragon 8 Gen 3. The screen is 6.81 inches. Battery: 5200 mAh. Cameras: rear 50MP, front 12MP. Weight: 203 g. Launch price: INR 89,999."
254,Honor,Magic6 Pro,219g,12GB,12MP,50MP,Qualcomm Snapdragon 8 Gen 3,"5,500mAh",6.81 inches,269999.0,109999.0,6999.0,1299.0,4699.0,2024,219.0,12.0,12.0,50.0,5500.0,6.81,,Magic6 Pro,,,,,,,,,,,,False,"Magic6 Pro by Honor is a smartphone launched in 2024. It has 12 GB RAM. Processor: Qualcomm Snapdragon 8 Gen 3. The screen is 6.81 inches. Battery: 5500 mAh. Cameras: rear 50MP, front 12MP. Weight: 219 g. Launch price: INR 109,999."
255,Honor,Magic6 Ultimate,234g,16GB,12MP,50MP,Qualcomm Snapdragon 8 Gen 3,"5,550mAh",6.81 inches,319999.0,129999.0,8199.0,1499.0,5499.0,2024,234.0,16.0,12.0,50.0,5550.0,6.81,,Magic6 Ultimate,,,,,,,,,,,,False,"Magic6 Ultimate by Honor is a smartphone launched in 2024. It has 16 GB RAM. Processor: Qualcomm Snapdragon 8 Gen 3. The screen is 6.81 inches. Battery: 5550 mAh. Cameras: rear 50MP, front 12MP. Weight: 234 g. Launch price: INR 129,999."
256,Honor,Magic V2,231g,12GB,16MP,50MP,Qualcomm Snapdragon 8 Gen 2,"5,000mAh",7.92 inches,389999.0,159999.0,10999.0,1899.0,6999.0,2024,231.0,12.0,16.0,50.0,5000.0,7.92,,Magic V2,,,,,,,,,,,,False,"Magic V2 by Honor is a smartphone launched in 2024. It has 12 GB RAM. Processor: Qualcomm Snapdragon 8 Gen 2. The screen is 7.92 inches. Battery: 5000 mAh. Cameras: rear 50MP, front 16MP. Weight: 231 g. Launch price: INR 159,999."
257,Honor,Magic7,203g,8GB,12MP,50MP,Qualcomm Snapdragon 8 Gen 3,"5,200mAh",6.81 inches,219999.0,89999.0,5499.0,1099.0,3999.0,2024,203.0,8.0,12.0,50.0,5200.0,6.81,,Magic7,,,,,,,,,,,,False,"Magic7 by Honor is a smartphone launched in 2024. It has 8 GB RAM. Processor: Qualcomm Snapdragon 8 Gen 3. The screen is 6.81 inches. Battery: 5200 mAh. Cameras: rear 50MP, front 12MP. Weight: 203 g. Launch price: INR 89,999."
258,Honor,Magic7 Pro,219g,12GB,12MP,50MP,Qualcomm Snapdragon 8 Gen 3,"5,500mAh",6.81 inches,269999.0,109999.0,6999.0,1299.0,4699.0,2024,219.0,12.0,12.0,50.0,5500.0,6.81,,Magic7 Pro,,,,,,,,,,,,False,"Magic7 Pro by Honor is a smartphone launched in 2024. It has 12 GB RAM. Processor: Qualcomm Snapdragon 8 Gen 3. The screen is 6.81 inches. Battery: 5500 mAh. Cameras: rear 50MP, front 12MP. Weight: 219 g. Launch price: INR 109,999."
259,Honor,Magic7 Ultimate,234g,16GB,12MP,50MP,Qualcomm Snapdragon 8 Gen 3,"5,550mAh",6.81 inches,319999.0,129999.0,8199.0,1499.0,5499.0,2024,234.0,16.0,12.0,50.0,5550.0,6.81,,Magic7 Ultimate,,,,,,,,,,,,False,"Magic7 Ultimate by Honor is a smartphone launched in 2024. It has 16 GB RAM. Processor: Qualcomm Snapdragon 8 Gen 3. The screen is 6.81 inches. Battery: 5550 mAh. Cameras: rear 50MP, front 12MP. Weight: 234 g. Launch price: INR 129,999."
260,Honor,Magic V3,231g,12GB,16MP,50MP,Qualcomm Snapdragon 8 Gen 2,"5,000mAh",7.92 inches,389999.0,159999.0,10999.0,1899.0,6999.0,2024,231.0,12.0,16.0,50.0,5000.0,7.92,,Magic V3,,,,,,,,,,,,False,"Magic V3 by Honor is a smartphone launched in 2024. It has 12 GB RAM. Processor: Qualcomm Snapdragon 8 Gen 2. The screen is 7.92 inches. Battery: 5000 mAh. Cameras: rear 50MP, front 16MP. Weight: 231 g. Launch price: INR 159,999."
261,POCO,X6 128GB,193g,6GB,16MP,64MP,MediaTek Dimensity 8100,5000mAh,6.67 inches,59999.0,21999.0,2299.0,349.0,1299.0,2024,193.0,6.0,16.0,64.0,5000.0,6.67,128.0,X6,Xiaomi Poco X6 5G Premium Edition Dual SIM TD-LTE IN 512GB 23122PCD1I  (Xiaomi Garnet B),https://phonedb.net/index.php?m=device&id=24188&c=xiaomi_poco_x6_5g_premium_edition_dual_sim_td-lte_in_512gb_23122pcd1i__xiaomi_garnet_b,https://phonedb.net/img/xiaomi_poco_x6_5g_2.jpg,24999.0,INR,2024 Jan 16,Google Android 13 (Tiramisu),"Qualcomm Snapdragon 7s Gen 2 5G SM7435-AB, 2023, 64 bit, octa-core, 4 nm, Qualcomm Adreno 710 GPU",AM-OLED,120 Hz,1220x2712,True,"X6 128GB by POCO is a smartphone launched in 2024. It has 6 GB RAM and 128 GB storage. Processor: MediaTek Dimensity 8100. The screen is 6.67 inches (AM-OLED 120 Hz). Battery: 5000 mAh. Cameras: rear 64MP, front 16MP. Weight: 193 g. Launch price: INR 21,999."
262,POCO,X6 Pro 256GB,205g,8GB,20MP,108MP,MediaTek Dimensity 8300,5000mAh,6.67 inches,69999.0,24999.0,2599.0,399.0,1499.0,2024,205.0,8.0,20.0,108.0,5000.0,6.67,256.0,X6 Pro,Xiaomi Poco X6 Pro 5G Base Edition Dual SIM TD-LTE IN 256GB 2311DRK48I  (Xiaomi Duchamp),https://phonedb.net/index.php?m=device&id=23572&c=xiaomi_poco_x6_pro_5g_base_edition_dual_sim_td-lte_in_256gb_2311drk48i__xiaomi_duchamp,https://phonedb.net/img/xiaomi_poco_x6_pro_5g_2.jpg,24999.0,INR,2024 Jan 16,Google Android 14 (Upside Down Cake),"MediaTek Dimensity 8300-Ultra MT6897, 2023, 64 bit, octa-core, 4096 Kbyte L3, 4 nm, ARM Mali-G615 GPU",AM-OLED,120 Hz,1220x2712,True,"X6 Pro 256GB by POCO is a smartphone launched in 2024. It has 8 GB RAM and 256 GB storage. Processor: MediaTek Dimensity 8300. The screen is 6.67 inches (AM-OLED 120 Hz). Battery: 5000 mAh. Cameras: rear 108MP, front 20MP. Weight: 205 g. Launch price: INR 24,999."
263,POCO,F6 128GB,190g,6GB,20MP,64MP,Snapdragon 8 Gen 2,5000mAh,6.67 inches,89999.0,34999.0,2999.0,449.0,1699.0,2024,190.0,6.0,20.0,64.0,5000.0,6.67,128.0,F6,Xiaomi Poco F6 5G Standard Edition Dual SIM TD-LTE IN 256GB 24069PC21I  (Xiaomi Peridot),https://phonedb.net/index.php?m=device&id=23577&c=xiaomi_poco_f6_5g_standard_edition_dual_sim_td-lte_in_256gb_24069pc21i__xiaomi_peridot,https://phonedb.net/img/xiaomi_poco_f6_5g_2.jpg,29999.0,INR,2024 May 29,Google Android 14 (Upside Down Cake),"Qualcomm Snapdragon 8s Gen 3 SM8635, 2024, 64 bit, octa-core, 4 nm, Qualcomm Adreno 735 GPU",AM-OLED,120 Hz,1220x2712,True,"F6 128GB by POCO is a smartphone launched in 2024. It has 6 GB RAM and 128 GB storage. Processor: Snapdragon 8 Gen 2. The screen is 6.67 inches (AM-OLED 120 Hz). Battery: 5000 mAh. Cameras: rear 64MP, front 20MP. Weight: 190 g. Launch price: INR 34,999."
264,POCO,F6 Pro 256GB,210g,8GB,20MP,108MP,Snapdragon 8+ Gen 2,5160mAh,6.67 inches,109999.0,44999.0,3499.0,549.0,1999.0,2024,210.0,8.0,20.0,108.0,5160.0,6.67,256.0,F6 Pro,Xiaomi Poco F6 Pro 5G Standard Edition Dual SIM TD-LTE JP 512GB  (Xiaomi Vermeer P),https://phonedb.net/index.php?m=device&id=23541&c=xiaomi_poco_f6_pro_5g_standard_edition_dual_sim_td-lte_jp_512gb__xiaomi_vermeer_p,https://phonedb.net/img/xiaomi_poco_f6_pro_2.jpg,79980.0,JPY,2024 May 23,Google Android 14 (Upside Down Cake),"Qualcomm Snapdragon 8 Gen 2 5G SM8550-AB (Kalama), 2022, 64 bit, octa-core, 8192 Kbyte L3, 4 nm, Qualcomm Adreno 740 GPU",AM-OLED,120 Hz,1440x3200,True,"F6 Pro 256GB by POCO is a smartphone launched in 2024. It has 8 GB RAM and 256 GB storage. Processor: Snapdragon 8+ Gen 2. The screen is 6.67 inches (AM-OLED 120 Hz). Battery: 5160 mAh. Cameras: rear 108MP, front 20MP. Weight: 210 g. Launch price: INR 44,999."
265,POCO,C65 64GB,190g,4GB,5MP,50MP,MediaTek Helio G85,5000mAh,6.5 inches,24999.0,10999.0,999.0,149.0,599.0,2024,190.0,4.0,5.0,50.0,5000.0,6.5,64.0,C65,,,,,,,,,,,,False,"C65 64GB by POCO is a smartphone launched in 2024. It has 4 GB RAM and 64 GB storage. Processor: MediaTek Helio G85. The screen is 6.5 inches. Battery: 5000 mAh. Cameras: rear 50MP, front 5MP. Weight: 190 g. Launch price: INR 10,999."
266,POCO,X7 128GB,195g,6GB,16MP,64MP,MediaTek Dimensity 8200,5000mAh,6.67 inches,64999.0,22999.0,2199.0,329.0,1199.0,2025,195.0,6.0,16.0,64.0,5000.0,6.67,128.0,X7,Xiaomi Poco X7 5G Standard Edition Dual SIM TD-LTE IN 128GB 24095PCADI  (Xiaomi Malachite C),https://phonedb.net/index.php?m=device&id=24182&c=xiaomi_poco_x7_5g_standard_edition_dual_sim_td-lte_in_128gb_24095pcadi__xiaomi_malachite_c,https://phonedb.net/img/xiaomi_poco_x7_5g_3.jpg,21999.0,INR,2025 Jan,Google Android 14 (Upside Down Cake),"MediaTek Dimensity 7300 MT6878, 2024, 64 bit, octa-core, 4 nm, ARM Mali-G615 GPU",AM-OLED,120 Hz,1220x2712,True,"X7 128GB by POCO is a smartphone launched in 2025. It has 6 GB RAM and 128 GB storage. Processor: MediaTek Dimensity 8200. The screen is 6.67 inches (AM-OLED 120 Hz). Battery: 5000 mAh. Cameras: rear 64MP, front 16MP. Weight: 195 g. Launch price: INR 22,999."
267,POCO,X7 Pro 256GB,207g,8GB,20MP,108MP,MediaTek Dimensity 8400,6000mAh,6.67 inches,79999.0,27999.0,2699.0,399.0,1499.0,2025,207.0,8.0,20.0,108.0,6000.0,6.67,256.0,X7 Pro,Xiaomi Poco X7 Pro 5G Standard Edition Dual SIM TD-LTE IN 256GB 2412DPC0AI  (Xiaomi Rodin),https://phonedb.net/index.php?m=device&id=24199&c=xiaomi_poco_x7_pro_5g_standard_edition_dual_sim_td-lte_in_256gb_2412dpc0ai__xiaomi_rodin,https://phonedb.net/img/xiaomi_poco_x7_pro_5g_2.jpg,27999.0,INR,2025 Jan,Google Android 15 (Vanilla Ice Cream),"MediaTek Dimensity 8400-Ultra MT6899, 2024, 64 bit, octa-core, 3584 Kbyte L2, 6144 Kbyte L3, 4 nm, ARM Mali-G720 GPU",AM-OLED,120 Hz,1220x2712,True,"X7 Pro 256GB by POCO is a smartphone launched in 2025. It has 8 GB RAM and 256 GB storage. Processor: MediaTek Dimensity 8400. The screen is 6.67 inches (AM-OLED 120 Hz). Battery: 6000 mAh. Cameras: rear 108MP, front 20MP. Weight: 207 g. Launch price: INR 27,999."
268,POCO,M7 5G 128GB,198g,6GB,8MP,50MP,MediaTek Dimensity 7025,5110mAh,6.67 inches,39999.0,15999.0,1599.0,229.0,899.0,2024,198.0,6.0,8.0,50.0,5110.0,6.67,128.0,M7 5G,,,,,,,,,,,,False,"M7 5G 128GB by POCO is a smartphone launched in 2024. It has 6 GB RAM and 128 GB storage. Processor: MediaTek Dimensity 7025. The screen is 6.67 inches. Battery: 5110 mAh. Cameras: rear 50MP, front 8MP. Weight: 198 g. Launch price: INR 15,999."
269,Samsung,Galaxy Z Fold6 256GB,239g,12GB,"10MP, 4MP (UDC)",50MP,Snapdragon 8 Gen 3,4400mAh,7.6 inches,604999.0,164999.0,13999.0,1899.0,7199.0,2024,239.0,12.0,10.0,50.0,4400.0,7.6,256.0,Galaxy Z Fold6,Samsung SM-F956U1 Galaxy Z Fold6 5G UW Dual SIM TD-LTE US 1TB  (Samsung Q6),https://phonedb.net/index.php?m=device&id=23712&c=samsung_sm-f956u1_galaxy_z_fold6_5g_uw_dual_sim_td-lte_us_1tb__samsung_q6,https://phonedb.net/img/samsung_galaxy_z_fold6.jpg,2259.99,USD,2024 Jul 24,Google Android 14 (Upside Down Cake),"Qualcomm Snapdragon 8 Gen 3 for Galaxy SM8650-AC (Lanai), 2024, 64 bit, octa-core, 12288 Kbyte L3, 4 nm, Qualcomm Adreno 750 GPU",AM-OLED,120 Hz,968x2376,True,"Galaxy Z Fold6 256GB by Samsung is a smartphone launched in 2024. It has 12 GB RAM and 256 GB storage. Processor: Snapdragon 8 Gen 3. The screen is 7.6 inches (AM-OLED 120 Hz). Battery: 4400 mAh. Cameras: rear 50MP, front 10MP, 4MP (UDC). Weight: 239 g. Launch price: INR 164,999."
270,Samsung,Galaxy Z Fold6 512GB,239g,12GB,"10MP, 4MP (UDC)",50MP,Snapdragon 8 Gen 3,4400mAh,7.6 inches,544999.0,176999.0,15999.0,1719.0,7699.0,2024,239.0,12.0,10.0,50.0,4400.0,7.6,512.0,Galaxy Z Fold6,Samsung SM-F956U1 Galaxy Z Fold6 5G UW Dual SIM TD-LTE US 1TB  (Samsung Q6),https://phonedb.net/index.php?m=device&id=23712&c=samsung_sm-f956u1_galaxy_z_fold6_5g_uw_dual_sim_td-lte_us_1tb__samsung_q6,https://phonedb.net/img/samsung_galaxy_z_fold6.jpg,2259.99,USD,2024 Jul 24,Google Android 14 (Upside Down Cake),"Qualcomm Snapdragon 8 Gen 3 for Galaxy SM8650-AC (Lanai), 2024, 64 bit, octa-core, 12288 Kbyte L3, 4 nm, Qualcomm Adreno 750 GPU",AM-OLED,120 Hz,968x2376,True,"Galaxy Z Fold6 512GB by Samsung is a smartphone launched in 2024. It has 12 GB RAM and 512 GB storage. Processor: Snapdragon 8 Gen 3. The screen is 7.6 inches (AM-OLED 120 Hz). Battery: 4400 mAh. Cameras: rear 50MP, front 10MP, 4MP (UDC). Weight: 239 g. Launch price: INR 176,999."
271,Samsung,Galaxy Z Fold6 1TB,239g,12GB,"10MP, 4MP (UDC)",50MP,Snapdragon 8 Gen 3,4400mAh,7.6 inches,,200999.0,17999.0,2259.0,8699.0,2024,239.0,12.0,10.0,50.0,4400.0,7.6,1024.0,Galaxy Z Fold6,Samsung SM-F956U1 Galaxy Z Fold6 5G UW Dual SIM TD-LTE US 1TB  (Samsung Q6),https://phonedb.net/index.php?m=device&id=23712&c=samsung_sm-f956u1_galaxy_z_fold6_5g_uw_dual_sim_td-lte_us_1tb__samsung_q6,https://phonedb.net/img/samsung_galaxy_z_fold6.jpg,2259.99,USD,2024 Jul 24,Google Android 14 (Upside Down Cake),"Qualcomm Snapdragon 8 Gen 3 for Galaxy SM8650-AC (Lanai), 2024, 64 bit, octa-core, 12288 Kbyte L3, 4 nm, Qualcomm Adreno 750 GPU",AM-OLED,120 Hz,968x2376,True,"Galaxy Z Fold6 1TB by Samsung is a smartphone launched in 2024. It has 12 GB RAM and 1024 GB storage. Processor: Snapdragon 8 Gen 3. The screen is 7.6 inches (AM-OLED 120 Hz). Battery: 4400 mAh. Cameras: rear 50MP, front 10MP, 4MP (UDC). Weight: 239 g. Launch price: INR 200,999."
