laptop_id,name,brand,model,cpu,cpu_brand,cpu_family,ram_gb,storage_gb,storage_type,gpu,has_dedicated_gpu,screen_in,touchscreen,price_currency,price_inr,image_url,has_image,cpu_model,cpu_generation,gpu_final,price_local,description
1,"ASUS ExpertBook B1 B1502CBA-EJ0436X Intel Core i5-1235U/8GB/512GB SSD/15.6""",ASUS,ExpertBook,Intel Core i5,Intel,Core i5,8.0,512.0,SSD,,False,15.6,False,EUR,,,False,i5-1235U,12.0,,1009.0,"ASUS ExpertBook B1 B1502CBA-EJ0436X Intel Core i5-1235U/8GB/512GB SSD/15.6"" is a laptop by ASUS. Processor: i5-1235U (Intel generation 12). It has 8 GB RAM and 512 GB SSD storage. The screen is 15.6 inches. Listed price: 1009 EUR."
2,"Alurin Go Start Intel Celeron N4020/8GB/256GB SSD/15.6""",Alurin,Go,Intel Celeron,Intel,Celeron,8.0,256.0,SSD,,False,15.6,False,EUR,,,False,Celeron N4020,,,299.0,"Alurin Go Start Intel Celeron N4020/8GB/256GB SSD/15.6"" is a laptop by Alurin. Processor: Celeron N4020. It has 8 GB RAM and 256 GB SSD storage. The screen is 15.6 inches. Listed price: 299 EUR."
3,"ASUS ExpertBook B1 B1502CBA-EJ0424X Intel Core i3-1215U/8GB/256GB SSD/15.6""",ASUS,ExpertBook,Intel Core i3,Intel,Core i3,8.0,256.0,SSD,,False,15.6,False,EUR,,,False,i3-1215U,12.0,,789.0,"ASUS ExpertBook B1 B1502CBA-EJ0424X Intel Core i3-1215U/8GB/256GB SSD/15.6"" is a laptop by ASUS. Processor: i3-1215U (Intel generation 12). It has 8 GB RAM and 256 GB SSD storage. The screen is 15.6 inches. Listed price: 789 EUR."
4,"MSI Katana GF66 12UC-082XES Intel Core i7-12700H/16GB/1TB SSD/RTX3050/15.6""",MSI,Katana,Intel Core i7,Intel,Core i7,16.0,1000.0,SSD,RTX 3050,True,15.6,False,EUR,,,False,i7-12700H,12.0,RTX 3050,1199.0,"MSI Katana GF66 12UC-082XES Intel Core i7-12700H/16GB/1TB SSD/RTX3050/15.6"" is a laptop by MSI. Processor: i7-12700H (Intel generation 12). It has 16 GB RAM and 1000 GB SSD storage. Dedicated graphics: RTX 3050. The screen is 15.6 inches. Listed price: 1199 EUR."
5,"HP 15S-FQ5085NS Intel Core i5-1235U/16GB/512GB SSD/15.6""",HP,15S,Intel Core i5,Intel,Core i5,16.0,512.0,SSD,,False,15.6,False,EUR,,,False,i5-1235U,12.0,,669.01,"HP 15S-FQ5085NS Intel Core i5-1235U/16GB/512GB SSD/15.6"" is a laptop by HP. Processor: i5-1235U (Intel generation 12). It has 16 GB RAM and 512 GB SSD storage. The screen is 15.6 inches. Listed price: 669 EUR."
6,"MSI Crosshair 17 C12VF-264XES Intel Core i7-12650H/32GB/1TB SSD/RTX 4060/17.3""",MSI,Crosshair,Intel Core i7,Intel,Core i7,32.0,1000.0,SSD,RTX 4060,True,17.3,False,EUR,,,False,i7-12650H,12.0,RTX 4060,1699.0,"MSI Crosshair 17 C12VF-264XES Intel Core i7-12650H/32GB/1TB SSD/RTX 4060/17.3"" is a laptop by MSI. Processor: i7-12650H (Intel generation 12). It has 32 GB RAM and 1000 GB SSD storage. Dedicated graphics: RTX 4060. The screen is 17.3 inches. Listed price: 1699 EUR."
7,"Lenovo Thinkpad E14 Gen 4 AMD Ryzen 5 5625U/8GB/256GB SSD/14""",Lenovo,ThinkPad,AMD Ryzen 5,AMD,Ryzen 5,8.0,256.0,SSD,,False,14.0,False,EUR,,,False,Ryzen 5 5625U,,,909.0,"Lenovo Thinkpad E14 Gen 4 AMD Ryzen 5 5625U/8GB/256GB SSD/14"" is a laptop by Lenovo. Processor: Ryzen 5 5625U. It has 8 GB RAM and 256 GB SSD storage. The screen is 14 inches. Listed price: 909 EUR."
8,"ASUS VivoBook 15 F515JA-EJ2882W Intel Core i7-1065G7/8GB/512GB SSD/15.6""",ASUS,VivoBook,Intel Core i7,Intel,Core i7,8.0,512.0,SSD,,False,15.6,False,EUR,,,False,i7-1065G7,10.0,,809.01,"ASUS VivoBook 15 F515JA-EJ2882W Intel Core i7-1065G7/8GB/512GB SSD/15.6"" is a laptop by ASUS. Processor: i7-1065G7 (Intel generation 10). It has 8 GB RAM and 512 GB SSD storage. The screen is 15.6 inches. Listed price: 809 EUR."
9,"Medion Akoya E15415 Intel Core i5-10210U/8GB/256GB SSD/15.6""",Medion,Akoya,Intel Core i5,Intel,Core i5,8.0,256.0,SSD,,False,15.6,False,EUR,,,False,i5-10210U,10.0,,519.0,"Medion Akoya E15415 Intel Core i5-10210U/8GB/256GB SSD/15.6"" is a laptop by Medion. Processor: i5-10210U (Intel generation 10). It has 8 GB RAM and 256 GB SSD storage. The screen is 15.6 inches. Listed price: 519 EUR."
10,"HP Victus 16-d1038ns Intel Core i7-12700H/16GB/512GB SSD/RTX 3050/16.1""",HP,Victus,Intel Core i7,Intel,Core i7,16.0,512.0,SSD,RTX 3050,True,16.1,False,EUR,,,False,i7-12700H,12.0,RTX 3050,1149.0,"HP Victus 16-d1038ns Intel Core i7-12700H/16GB/512GB SSD/RTX 3050/16.1"" is a laptop by HP. Processor: i7-12700H (Intel generation 12). It has 16 GB RAM and 512 GB SSD storage. Dedicated graphics: RTX 3050. The screen is 16.1 inches. Listed price: 1149 EUR."
11,"Lenovo V15 IGL Intel Celeron N4020/8GB/256 GB SSD/15.6""",Lenovo,V15,Intel Celeron,Intel,Celeron,8.0,256.0,SSD,,False,15.6,False,EUR,,,False,Celeron N4020,,,349.0,"Lenovo V15 IGL Intel Celeron N4020/8GB/256 GB SSD/15.6"" is a laptop by Lenovo. Processor: Celeron N4020. It has 8 GB RAM and 256 GB SSD storage. The screen is 15.6 inches. Listed price: 349 EUR."
12,"MSI Thin GF63 12VE-021XES Intel Core i7-12650H/16GB/1TB SSD/RTX 4050/15.6""",MSI,Thin,Intel Core i7,Intel,Core i7,16.0,1000.0,SSD,RTX 4050,True,15.6,False,EUR,,,False,i7-12650H,12.0,RTX 4050,1399.0,"MSI Thin GF63 12VE-021XES Intel Core i7-12650H/16GB/1TB SSD/RTX 4050/15.6"" is a laptop by MSI. Processor: i7-12650H (Intel generation 12). It has 16 GB RAM and 1000 GB SSD storage. Dedicated graphics: RTX 4050. The screen is 15.6 inches. Listed price: 1399 EUR."
13,"ASUS ROG Strix G15 G513RC-HN088 AMD Ryzen 7 6800H/16GB/512GB SSD/RTX 3050/15.6""",ASUS,ROG,AMD Ryzen 7,AMD,Ryzen 7,16.0,512.0,SSD,RTX 3050,True,15.6,False,EUR,,,False,Ryzen 7 6800H,,RTX 3050,1199.0,"ASUS ROG Strix G15 G513RC-HN088 AMD Ryzen 7 6800H/16GB/512GB SSD/RTX 3050/15.6"" is a laptop by ASUS. Processor: Ryzen 7 6800H. It has 16 GB RAM and 512 GB SSD storage. Dedicated graphics: RTX 3050. The screen is 15.6 inches. Listed price: 1199 EUR."
14,"Lenovo V15 G3 ABA AMD Ryzen 5 5625U/16GB/512GB SSD/15.6""",Lenovo,V15,AMD Ryzen 5,AMD,Ryzen 5,16.0,512.0,SSD,,False,15.6,False,EUR,,,False,Ryzen 5 5625U,,,476.99,"Lenovo V15 G3 ABA AMD Ryzen 5 5625U/16GB/512GB SSD/15.6"" is a laptop by Lenovo. Processor: Ryzen 5 5625U. It has 16 GB RAM and 512 GB SSD storage. The screen is 15.6 inches. Listed price: 477 EUR."
15,"Lenovo IdeaPad 1 15ADA7 AMD Ryzen 3 3250U/8GB/256GB SSD/15.6""",Lenovo,IdeaPad,AMD Ryzen 3,AMD,Ryzen 3,8.0,256.0,SSD,,False,15.6,False,EUR,,,False,Ryzen 3 3250U,,,391.0,"Lenovo IdeaPad 1 15ADA7 AMD Ryzen 3 3250U/8GB/256GB SSD/15.6"" is a laptop by Lenovo. Processor: Ryzen 3 3250U. It has 8 GB RAM and 256 GB SSD storage. The screen is 15.6 inches. Listed price: 391 EUR."
16,"HP 15S-FQ5013NS Intel Core i5-1235U/8GB/512GB SSD/15.6""",HP,15S,Intel Core i5,Intel,Core i5,8.0,512.0,SSD,,False,15.6,False,EUR,,,False,i5-1235U,12.0,,699.0,"HP 15S-FQ5013NS Intel Core i5-1235U/8GB/512GB SSD/15.6"" is a laptop by HP. Processor: i5-1235U (Intel generation 12). It has 8 GB RAM and 512 GB SSD storage. The screen is 15.6 inches. Listed price: 699 EUR."
17,"Lenovo IdeaPad 3 15IAU7 Intel Core i5-1235U/16GB/512GB SSD/15.6""",Lenovo,IdeaPad,Intel Core i5,Intel,Core i5,16.0,512.0,SSD,,False,15.6,False,EUR,,,False,i5-1235U,12.0,,799.0,"Lenovo IdeaPad 3 15IAU7 Intel Core i5-1235U/16GB/512GB SSD/15.6"" is a laptop by Lenovo. Processor: i5-1235U (Intel generation 12). It has 16 GB RAM and 512 GB SSD storage. The screen is 15.6 inches. Listed price: 799 EUR."
18,"HP 15S-FQ2163NS Intel Core i3-1115G4/8GB/512GB SSD/15.6""",HP,15S,Intel Core i3,Intel,Core i3,8.0,512.0,SSD,,False,15.6,False,EUR,,,False,i3-1115G4,11.0,,549.0,"HP 15S-FQ2163NS Intel Core i3-1115G4/8GB/512GB SSD/15.6"" is a laptop by HP. Processor: i3-1115G4 (Intel generation 11). It has 8 GB RAM and 512 GB SSD storage. The screen is 15.6 inches. Listed price: 549 EUR."
19,"ASUS VivoBook 15 F515JA-EJ4134 Intel Core i7-1065G7/8GB/512GB SSD/15.6""",ASUS,VivoBook,Intel Core i7,Intel,Core i7,8.0,512.0,SSD,,False,15.6,False,EUR,,,False,i7-1065G7,10.0,,769.0,"ASUS VivoBook 15 F515JA-EJ4134 Intel Core i7-1065G7/8GB/512GB SSD/15.6"" is a laptop by ASUS. Processor: i7-1065G7 (Intel generation 10). It has 8 GB RAM and 512 GB SSD storage. The screen is 15.6 inches. Listed price: 769 EUR."
20,"MSI GF63 Thin 11UC-446XES Intel Core i7-11800H/16GB/512GB SSD/RTX 3050/15.6""",MSI,Thin,Intel Core i7,Intel,Core i7,16.0,512.0,SSD,RTX 3050,True,15.6,False,EUR,,,False,i7-11800H,11.0,RTX 3050,999.0,"MSI GF63 Thin 11UC-446XES Intel Core i7-11800H/16GB/512GB SSD/RTX 3050/15.6"" is a laptop by MSI. Processor: i7-11800H (Intel generation 11). It has 16 GB RAM and 512 GB SSD storage. Dedicated graphics: RTX 3050. The screen is 15.6 inches. Listed price: 999 EUR."
21,"MSI Cyborg 15 A12VF-098XES Intel Core i5-12450H/16GB/1TB SSD/RTX 4060/15.6""",MSI,Cyborg,Intel Core i5,Intel,Core i5,16.0,1000.0,SSD,RTX 4060,True,15.6,False,EUR,,,False,i5-12450H,12.0,RTX 4060,1249.0,"MSI Cyborg 15 A12VF-098XES Intel Core i5-12450H/16GB/1TB SSD/RTX 4060/15.6"" is a laptop by MSI. Processor: i5-12450H (Intel generation 12). It has 16 GB RAM and 1000 GB SSD storage. Dedicated graphics: RTX 4060. The screen is 15.6 inches. Listed price: 1249 EUR."
22,"ASUS M515UA-EJ486W AMD Ryzen 7 5700U/16GB/512GB SSD/15.6""",ASUS,M515UA,AMD Ryzen 7,AMD,Ryzen 7,16.0,512.0,SSD,,False,15.6,False,EUR,,,False,Ryzen 7 5700U,,,789.0,"ASUS M515UA-EJ486W AMD Ryzen 7 5700U/16GB/512GB SSD/15.6"" is a laptop by ASUS. Processor: Ryzen 7 5700U. It has 16 GB RAM and 512 GB SSD storage. The screen is 15.6 inches. Listed price: 789 EUR."
23,"Lenovo IdeaPad 3 15ALC6 AMD Ryzen 7 5700U/16GB/512GB SSD/15.6""",Lenovo,IdeaPad,AMD Ryzen 7,AMD,Ryzen 7,16.0,512.0,SSD,,False,15.6,False,EUR,,,False,Ryzen 7 5700U,,,729.0,"Lenovo IdeaPad 3 15ALC6 AMD Ryzen 7 5700U/16GB/512GB SSD/15.6"" is a laptop by Lenovo. Processor: Ryzen 7 5700U. It has 16 GB RAM and 512 GB SSD storage. The screen is 15.6 inches. Listed price: 729 EUR."
24,"ASUS TUF Gaming F15 FX506HC-HN004 Intel Core i5-11400H/16GB/512GB SSD/RTX 3050/15.6""",ASUS,TUF,Intel Core i5,Intel,Core i5,16.0,512.0,SSD,RTX 3050,True,15.6,False,EUR,,,False,i5-11400H,11.0,RTX 3050,1099.0,"ASUS TUF Gaming F15 FX506HC-HN004 Intel Core i5-11400H/16GB/512GB SSD/RTX 3050/15.6"" is a laptop by ASUS. Processor: i5-11400H (Intel generation 11). It has 16 GB RAM and 512 GB SSD storage. Dedicated graphics: RTX 3050. The screen is 15.6 inches. Listed price: 1099 EUR."
25,"Acer Aspire 3 A315-59-37GX Intel Core i3-1215U/8GB/256GB SSD/15.6""",Acer,Aspire,Intel Core i3,Intel,Core i3,8.0,256.0,SSD,,False,15.6,False,EUR,,,False,i3-1215U,12.0,,539.01,"Acer Aspire 3 A315-59-37GX Intel Core i3-1215U/8GB/256GB SSD/15.6"" is a laptop by Acer. Processor: i3-1215U (Intel generation 12). It has 8 GB RAM and 256 GB SSD storage. The screen is 15.6 inches. Listed price: 539 EUR."
26,"ASUS TUF Gaming F15 FX507ZC4-HN002 Intel Core i7-12700H/16GB/512GB SSD/RTX 3050/15.6""",ASUS,TUF,Intel Core i7,Intel,Core i7,16.0,512.0,SSD,RTX 3050,True,15.6,False,EUR,,,False,i7-12700H,12.0,RTX 3050,1179.0,"ASUS TUF Gaming F15 FX507ZC4-HN002 Intel Core i7-12700H/16GB/512GB SSD/RTX 3050/15.6"" is a laptop by ASUS. Processor: i7-12700H (Intel generation 12). It has 16 GB RAM and 512 GB SSD storage. Dedicated graphics: RTX 3050. The screen is 15.6 inches. Listed price: 1179 EUR."
27,"Alurin Go Start Intel Celeron N4020/8GB/256GB SSD/14""",Alurin,Go,Intel Celeron,Intel,Celeron,8.0,256.0,SSD,,False,14.0,False,EUR,,,False,Celeron N4020,,,239.0,"Alurin Go Start Intel Celeron N4020/8GB/256GB SSD/14"" is a laptop by Alurin. Processor: Celeron N4020. It has 8 GB RAM and 256 GB SSD storage. The screen is 14 inches. Listed price: 239 EUR."
28,"HP Victus 15-fa0012ns Intel Core i5-12500H/16GB/512GB SSD/RTX 3050/15.6""",HP,Victus,Intel Core i5,Intel,Core i5,16.0,512.0,SSD,RTX 3050,True,15.6,False,EUR,,,False,i5-12500H,12.0,RTX 3050,999.0,"HP Victus 15-fa0012ns Intel Core i5-12500H/16GB/512GB SSD/RTX 3050/15.6"" is a laptop by HP. Processor: i5-12500H (Intel generation 12). It has 16 GB RAM and 512 GB SSD storage. Dedicated graphics: RTX 3050. The screen is 15.6 inches. Listed price: 999 EUR."
29,"HP Pavilion 15-eh1004ns AMD Ryzen 5 5500U/16GB/512GB SSD/15.6""",HP,Pavilion,AMD Ryzen 5,AMD,Ryzen 5,16.0,512.0,SSD,,False,15.6,False,EUR,,,False,Ryzen 5 5500U,,,799.0,"HP Pavilion 15-eh1004ns AMD Ryzen 5 5500U/16GB/512GB SSD/15.6"" is a laptop by HP. Processor: Ryzen 5 5500U. It has 16 GB RAM and 512 GB SSD storage. The screen is 15.6 inches. Listed price: 799 EUR."
30,"Lenovo IdeaPad 3 15ITL6 Intel Core i5-1155G7/8GB/512GB SSD/15.6""",Lenovo,IdeaPad,Intel Core i5,Intel,Core i5,8.0,512.0,SSD,,False,15.6,False,EUR,,,False,i5-1155G7,11.0,,519.01,"Lenovo IdeaPad 3 15ITL6 Intel Core i5-1155G7/8GB/512GB SSD/15.6"" is a laptop by Lenovo. Processor: i5-1155G7 (Intel generation 11). It has 8 GB RAM and 512 GB SSD storage. The screen is 15.6 inches. Listed price: 519 EUR."
31,"HP 15S-FQ5028NS Intel Core i5-1235U/16GB/512GB SSD/15.6""",HP,15S,Intel Core i5,Intel,Core i5,16.0,512.0,SSD,,False,15.6,False,EUR,,,False,i5-1235U,12.0,,789.0,"HP 15S-FQ5028NS Intel Core i5-1235U/16GB/512GB SSD/15.6"" is a laptop by HP. Processor: i5-1235U (Intel generation 12). It has 16 GB RAM and 512 GB SSD storage. The screen is 15.6 inches. Listed price: 789 EUR."
32,"MSI Katana 15 B12VFK-095XES Intel Core i7-12650H/16GB/512GB SSD/RTX 4060/15.6""",MSI,Katana,Intel Core i7,Intel,Core i7,16.0,512.0,SSD,RTX 4060,True,15.6,False,EUR,,,False,i7-12650H,12.0,RTX 4060,1549.0,"MSI Katana 15 B12VFK-095XES Intel Core i7-12650H/16GB/512GB SSD/RTX 4060/15.6"" is a laptop by MSI. Processor: i7-12650H (Intel generation 12). It has 16 GB RAM and 512 GB SSD storage. Dedicated graphics: RTX 4060. The screen is 15.6 inches. Listed price: 1549 EUR."
33,"ASUS VivoBook F1500EA-EJ2384W Intel Core i3-1115G4/8GB/256GB SSD/15.6""",ASUS,VivoBook,Intel Core i3,Intel,Core i3,8.0,256.0,SSD,,False,15.6,False,EUR,,,False,i3-1115G4,11.0,,539.01,"ASUS VivoBook F1500EA-EJ2384W Intel Core i3-1115G4/8GB/256GB SSD/15.6"" is a laptop by ASUS. Processor: i3-1115G4 (Intel generation 11). It has 8 GB RAM and 256 GB SSD storage. The screen is 15.6 inches. Listed price: 539 EUR."
34,"HP 15S-fq2159ns Intel Core i3-1115G4/8GB/256GB SSD/15.6""",HP,15S,Intel Core i3,Intel,Core i3,8.0,256.0,SSD,,False,15.6,False,EUR,,,False,i3-1115G4,11.0,,539.0,"HP 15S-fq2159ns Intel Core i3-1115G4/8GB/256GB SSD/15.6"" is a laptop by HP. Processor: i3-1115G4 (Intel generation 11). It has 8 GB RAM and 256 GB SSD storage. The screen is 15.6 inches. Listed price: 539 EUR."
35,"MSI Vector GP77 13VF-022XES Intel Core i7-13700H/32GB/1TB SSD/RTX 4060/17.3""",MSI,Vector,Intel Core i7,Intel,Core i7,32.0,1000.0,SSD,RTX 4060,True,17.3,False,EUR,,,False,i7-13700H,13.0,RTX 4060,2249.0,"MSI Vector GP77 13VF-022XES Intel Core i7-13700H/32GB/1TB SSD/RTX 4060/17.3"" is a laptop by MSI. Processor: i7-13700H (Intel generation 13). It has 32 GB RAM and 1000 GB SSD storage. Dedicated graphics: RTX 4060. The screen is 17.3 inches. Listed price: 2249 EUR."
36,"ASUS VivoBook Pro 15 OLED M6500QC-L1010W AMD Ryzen 7 5800H/16GB/512GB SSD/RTX 3050/15.6""",ASUS,VivoBook,AMD Ryzen 7,AMD,Ryzen 7,16.0,512.0,SSD,RTX 3050,True,15.6,False,EUR,,,False,Ryzen 7 5800H,,RTX 3050,1299.01,"ASUS VivoBook Pro 15 OLED M6500QC-L1010W AMD Ryzen 7 5800H/16GB/512GB SSD/RTX 3050/15.6"" is a laptop by ASUS. Processor: Ryzen 7 5800H. It has 16 GB RAM and 512 GB SSD storage. Dedicated graphics: RTX 3050. The screen is 15.6 inches. Listed price: 1299 EUR."
37,"ASUS ROG Strix G15 G513RC-HF094 AMD Ryzen 7 6800H/16GB/512GB SSD/RTX3050/15.6""",ASUS,ROG,AMD Ryzen 7,AMD,Ryzen 7,16.0,512.0,SSD,RTX 3050,True,15.6,False,EUR,,,False,Ryzen 7 6800H,,RTX 3050,1139.01,"ASUS ROG Strix G15 G513RC-HF094 AMD Ryzen 7 6800H/16GB/512GB SSD/RTX3050/15.6"" is a laptop by ASUS. Processor: Ryzen 7 6800H. It has 16 GB RAM and 512 GB SSD storage. Dedicated graphics: RTX 3050. The screen is 15.6 inches. Listed price: 1139 EUR."
38,"ASUS Chromebook CX1500CNA-EJ0100 Intel Celeron N3350/8GB/64GB eMMC/15.6""",ASUS,Chromebook,Intel Celeron,Intel,Celeron,8.0,64.0,eMMC,,False,15.6,False,EUR,,,False,Celeron N3350,,,399.0,"ASUS Chromebook CX1500CNA-EJ0100 Intel Celeron N3350/8GB/64GB eMMC/15.6"" is a laptop by ASUS. Processor: Celeron N3350. It has 8 GB RAM and 64 GB eMMC storage. The screen is 15.6 inches. Listed price: 399 EUR."
39,"HP 15S-fq5101ns Intel Core i7-1255U/16GB/512GB SSD/15.6""",HP,15S,Intel Core i7,Intel,Core i7,16.0,512.0,SSD,,False,15.6,False,EUR,,,False,i7-1255U,12.0,,789.0,"HP 15S-fq5101ns Intel Core i7-1255U/16GB/512GB SSD/15.6"" is a laptop by HP. Processor: i7-1255U (Intel generation 12). It has 16 GB RAM and 512 GB SSD storage. The screen is 15.6 inches. Listed price: 789 EUR."
40,"HP 15S-EQ2090NS AMD Ryzen 5 5500U/8GB/512GB SSD/15.6""",HP,15S,AMD Ryzen 5,AMD,Ryzen 5,8.0,512.0,SSD,,False,15.6,False,EUR,,,False,Ryzen 5 5500U,,,599.01,"HP 15S-EQ2090NS AMD Ryzen 5 5500U/8GB/512GB SSD/15.6"" is a laptop by HP. Processor: Ryzen 5 5500U. It has 8 GB RAM and 512 GB SSD storage. The screen is 15.6 inches. Listed price: 599 EUR."
41,HP Omen 16-b1022ns Intel Core i7-12700H/32GB/1TB SSD/RTX 3060/16.1'',HP,Omen,Intel Core i7,Intel,Core i7,32.0,1000.0,SSD,RTX 3060,True,16.1,False,EUR,,,False,i7-12700H,12.0,RTX 3060,1699.0,HP Omen 16-b1022ns Intel Core i7-12700H/32GB/1TB SSD/RTX 3060/16.1'' is a laptop by HP. Processor: i7-12700H (Intel generation 12). It has 32 GB RAM and 1000 GB SSD storage. Dedicated graphics: RTX 3060. The screen is 16.1 inches. Listed price: 1699 EUR.
42,"ASUS VivoBook 15 F1502ZA-EJ733 Intel Core i5-1235U/8GB/512GB SSD/15.6""",ASUS,VivoBook,Intel Core i5,Intel,Core i5,8.0,512.0,SSD,,False,15.6,False,EUR,,,False,i5-1235U,12.0,,609.0,"ASUS VivoBook 15 F1502ZA-EJ733 Intel Core i5-1235U/8GB/512GB SSD/15.6"" is a laptop by ASUS. Processor: i5-1235U (Intel generation 12). It has 8 GB RAM and 512 GB SSD storage. The screen is 15.6 inches. Listed price: 609 EUR."
43,"Asus ZenBook 13 OLED UX325EA-KG245 Intel Core i7-1165G7/16GB/512GB SSD/13.3""",ASUS,ZenBook,Intel Core i7,Intel,Core i7,16.0,512.0,SSD,,False,13.3,False,EUR,,,False,i7-1165G7,11.0,,1089.0,"Asus ZenBook 13 OLED UX325EA-KG245 Intel Core i7-1165G7/16GB/512GB SSD/13.3"" is a laptop by ASUS. Processor: i7-1165G7 (Intel generation 11). It has 16 GB RAM and 512 GB SSD storage. The screen is 13.3 inches. Listed price: 1089 EUR."
44,HP Victus 16-d1033ns Intel Core i7-12700H/16GB/512GB SSD/RTX 3060/16.1'',HP,Victus,Intel Core i7,Intel,Core i7,16.0,512.0,SSD,RTX 3060,True,16.1,False,EUR,,,False,i7-12700H,12.0,RTX 3060,1399.0,HP Victus 16-d1033ns Intel Core i7-12700H/16GB/512GB SSD/RTX 3060/16.1'' is a laptop by HP. Processor: i7-12700H (Intel generation 12). It has 16 GB RAM and 512 GB SSD storage. Dedicated graphics: RTX 3060. The screen is 16.1 inches. Listed price: 1399 EUR.
45,"HP 15S-fq5055ns Intel Core i7-1255U/16GB/512GB SSD/15.6""",HP,15S,Intel Core i7,Intel,Core i7,16.0,512.0,SSD,,False,15.6,False,EUR,,,False,i7-1255U,12.0,,899.01,"HP 15S-fq5055ns Intel Core i7-1255U/16GB/512GB SSD/15.6"" is a laptop by HP. Processor: i7-1255U (Intel generation 12). It has 16 GB RAM and 512 GB SSD storage. The screen is 15.6 inches. Listed price: 899 EUR."
46,"HP 15S-eq2087ns AMD Ryzen 5 5500U/12GB/512GB SSD/15.6""",HP,15S,AMD Ryzen 5,AMD,Ryzen 5,12.0,512.0,SSD,,False,15.6,False,EUR,,,False,Ryzen 5 5500U,,,549.0,"HP 15S-eq2087ns AMD Ryzen 5 5500U/12GB/512GB SSD/15.6"" is a laptop by HP. Processor: Ryzen 5 5500U. It has 12 GB RAM and 512 GB SSD storage. The screen is 15.6 inches. Listed price: 549 EUR."
47,"Lenovo IdeaPad Gaming 3 15IHU6 Intel Core i5-11320H/16GB/512GB SSD/RTX3050/15.6""",Lenovo,IdeaPad,Intel Core i5,Intel,Core i5,16.0,512.0,SSD,RTX 3050,True,15.6,False,EUR,,,False,i5-11320H,11.0,RTX 3050,929.0,"Lenovo IdeaPad Gaming 3 15IHU6 Intel Core i5-11320H/16GB/512GB SSD/RTX3050/15.6"" is a laptop by Lenovo. Processor: i5-11320H (Intel generation 11). It has 16 GB RAM and 512 GB SSD storage. Dedicated graphics: RTX 3050. The screen is 15.6 inches. Listed price: 929 EUR."
48,"MSI Creator M16 B13VE-682XES Intel Core i7-13700H/32GB/1TB SSD/RTX 4050/16""",MSI,Creator,Intel Core i7,Intel,Core i7,32.0,1000.0,SSD,RTX 4050,True,16.0,False,EUR,,,False,i7-13700H,13.0,RTX 4050,1899.01,"MSI Creator M16 B13VE-682XES Intel Core i7-13700H/32GB/1TB SSD/RTX 4050/16"" is a laptop by MSI. Processor: i7-13700H (Intel generation 13). It has 32 GB RAM and 1000 GB SSD storage. Dedicated graphics: RTX 4050. The screen is 16 inches. Listed price: 1899 EUR."
49,"Lenovo IdeaPad 1 15ALC7 AMD Ryzen 7 5700U/16GB/512GB SSD/15.6""",Lenovo,IdeaPad,AMD Ryzen 7,AMD,Ryzen 7,16.0,512.0,SSD,,False,15.6,False,EUR,,,False,Ryzen 7 5700U,,,829.0,"Lenovo IdeaPad 1 15ALC7 AMD Ryzen 7 5700U/16GB/512GB SSD/15.6"" is a laptop by Lenovo. Processor: Ryzen 7 5700U. It has 16 GB RAM and 512 GB SSD storage. The screen is 15.6 inches. Listed price: 829 EUR."
50,"HP 15S-fq2158ns Intel Core i3-1115G4/8GB/256GB SSD/15.6""",HP,15S,Intel Core i3,Intel,Core i3,8.0,256.0,SSD,,False,15.6,False,EUR,,,False,i3-1115G4,11.0,,449.0,"HP 15S-fq2158ns Intel Core i3-1115G4/8GB/256GB SSD/15.6"" is a laptop by HP. Processor: i3-1115G4 (Intel generation 11). It has 8 GB RAM and 256 GB SSD storage. The screen is 15.6 inches. Listed price: 449 EUR."
51,"Apple MacBook Air Apple M1/8GB/256GB SSD/GPU Hepta Core/13.3"" Gris Espacial",Apple,MacBook Air,Apple M1,Apple,Apple M1,8.0,256.0,SSD,,False,13.3,False,EUR,,,False,Apple M1,,,1219.0,"Apple MacBook Air Apple M1/8GB/256GB SSD/GPU Hepta Core/13.3"" Gris Espacial is a laptop by Apple. Processor: Apple M1. It has 8 GB RAM and 256 GB SSD storage. The screen is 13.3 inches. Listed price: 1219 EUR."
52,"Lenovo ThinkBook 14 Intel Core i5-1135G7/8GB/256GB SSD/14""",Lenovo,ThinkBook,Intel Core i5,Intel,Core i5,8.0,256.0,SSD,,False,14.0,False,EUR,,,False,i5-1135G7,11.0,,699.0,"Lenovo ThinkBook 14 Intel Core i5-1135G7/8GB/256GB SSD/14"" is a laptop by Lenovo. Processor: i5-1135G7 (Intel generation 11). It has 8 GB RAM and 256 GB SSD storage. The screen is 14 inches. Listed price: 699 EUR."
53,"ASUS TUF Gaming A15 2023 FA507NV-LP041 AMD Ryzen 7 7735HS/16GB/1TB SSD/RTX 4060/15.6""",ASUS,TUF,AMD Ryzen 7,AMD,Ryzen 7,16.0,1000.0,SSD,RTX 4060,True,15.6,False,EUR,,,False,Ryzen 7 7735HS,,RTX 4060,1349.0,"ASUS TUF Gaming A15 2023 FA507NV-LP041 AMD Ryzen 7 7735HS/16GB/1TB SSD/RTX 4060/15.6"" is a laptop by ASUS. Processor: Ryzen 7 7735HS. It has 16 GB RAM and 1000 GB SSD storage. Dedicated graphics: RTX 4060. The screen is 15.6 inches. Listed price: 1349 EUR."
54,"MSI Katana 15 B12VGK-094XES Intel Core i7-12650H/16GB/1TB SSD/RTX 4070/15.6""",MSI,Katana,Intel Core i7,Intel,Core i7,16.0,1000.0,SSD,RTX 4070,True,15.6,False,EUR,,,False,i7-12650H,12.0,RTX 4070,1699.0,"MSI Katana 15 B12VGK-094XES Intel Core i7-12650H/16GB/1TB SSD/RTX 4070/15.6"" is a laptop by MSI. Processor: i7-12650H (Intel generation 12). It has 16 GB RAM and 1000 GB SSD storage. Dedicated graphics: RTX 4070. The screen is 15.6 inches. Listed price: 1699 EUR."
55,"ASUS M515UA-EJ522W AMD Ryzen 5 5500U/8GB/512GB SSD/15.6""",ASUS,M515UA,AMD Ryzen 5,AMD,Ryzen 5,8.0,512.0,SSD,,False,15.6,False,EUR,,,False,Ryzen 5 5500U,,,699.0,"ASUS M515UA-EJ522W AMD Ryzen 5 5500U/8GB/512GB SSD/15.6"" is a laptop by ASUS. Processor: Ryzen 5 5500U. It has 8 GB RAM and 512 GB SSD storage. The screen is 15.6 inches. Listed price: 699 EUR."
56,"HP Victus 16-e0101ns AMD Ryzen 7 5800H/16GB/512GB SSD/RTX 3060/16.1""",HP,Victus,AMD Ryzen 7,AMD,Ryzen 7,16.0,512.0,SSD,RTX 3060,True,16.1,False,EUR,,,False,Ryzen 7 5800H,,RTX 3060,1299.01,"HP Victus 16-e0101ns AMD Ryzen 7 5800H/16GB/512GB SSD/RTX 3060/16.1"" is a laptop by HP. Processor: Ryzen 7 5800H. It has 16 GB RAM and 512 GB SSD storage. Dedicated graphics: RTX 3060. The screen is 16.1 inches. Listed price: 1299 EUR."
57,"HP 250 G9 Intel Celeron N4500/8 GB/256GB SSD/15.6""",HP,250,Intel Celeron,Intel,Celeron,8.0,256.0,SSD,,False,15.6,False,EUR,,,False,Celeron N4500,,,399.0,"HP 250 G9 Intel Celeron N4500/8 GB/256GB SSD/15.6"" is a laptop by HP. Processor: Celeron N4500. It has 8 GB RAM and 256 GB SSD storage. The screen is 15.6 inches. Listed price: 399 EUR."
58,"HP OMEN 16-C0042NS AMD Ryzen 7 5800H/16GB/512GB SSD/RTX 3050 Ti/16.1""",HP,Omen,AMD Ryzen 7,AMD,Ryzen 7,16.0,512.0,SSD,RTX 3050,True,16.1,False,EUR,,,False,Ryzen 7 5800H,,RTX 3050,1149.0,"HP OMEN 16-C0042NS AMD Ryzen 7 5800H/16GB/512GB SSD/RTX 3050 Ti/16.1"" is a laptop by HP. Processor: Ryzen 7 5800H. It has 16 GB RAM and 512 GB SSD storage. Dedicated graphics: RTX 3050. The screen is 16.1 inches. Listed price: 1149 EUR."
59,"MSI Modern 15 B7M-041XES AMD Ryzen 5 7530U/16GB/512GB SSD/15.6""",MSI,Modern,AMD Ryzen 5,AMD,Ryzen 5,16.0,512.0,SSD,,False,15.6,False,EUR,,,False,Ryzen 5 7530U,,,839.0,"MSI Modern 15 B7M-041XES AMD Ryzen 5 7530U/16GB/512GB SSD/15.6"" is a laptop by MSI. Processor: Ryzen 5 7530U. It has 16 GB RAM and 512 GB SSD storage. The screen is 15.6 inches. Listed price: 839 EUR."
60,"HP 255 G9 AMD Athlon 3020e/8GB/512GB SSD/15.6""",HP,255,AMD Athlon,AMD,Athlon,8.0,512.0,SSD,,False,15.6,False,EUR,,,False,,,,379.0,"HP 255 G9 AMD Athlon 3020e/8GB/512GB SSD/15.6"" is a laptop by HP. Processor: AMD Athlon. It has 8 GB RAM and 512 GB SSD storage. The screen is 15.6 inches. Listed price: 379 EUR."
61,"ASUS VivoBook 15 F1500EA-EJ3022 Intel Core i7-1165G7/16GB/512GB SSD/15.6""",ASUS,VivoBook,Intel Core i7,Intel,Core i7,16.0,512.0,SSD,,False,15.6,False,EUR,,,False,i7-1165G7,11.0,,809.01,"ASUS VivoBook 15 F1500EA-EJ3022 Intel Core i7-1165G7/16GB/512GB SSD/15.6"" is a laptop by ASUS. Processor: i7-1165G7 (Intel generation 11). It has 16 GB RAM and 512 GB SSD storage. The screen is 15.6 inches. Listed price: 809 EUR."
62,"Lenovo V15 G2 ITL Intel Core i5-1135G7/8 GB/512 GB SSD/15.6""",Lenovo,V15,Intel Core i5,Intel,Core i5,8.0,512.0,SSD,,False,15.6,False,EUR,,,False,i5-1135G7,11.0,,779.0,"Lenovo V15 G2 ITL Intel Core i5-1135G7/8 GB/512 GB SSD/15.6"" is a laptop by Lenovo. Processor: i5-1135G7 (Intel generation 11). It has 8 GB RAM and 512 GB SSD storage. The screen is 15.6 inches. Listed price: 779 EUR."
63,"ASUS VivoBook 15 F1500EA-EJ3023 Intel Core i7-1165G7/8GB/512GB SSD/15.6""",ASUS,VivoBook,Intel Core i7,Intel,Core i7,8.0,512.0,SSD,,False,15.6,False,EUR,,,False,i7-1165G7,11.0,,749.0,"ASUS VivoBook 15 F1500EA-EJ3023 Intel Core i7-1165G7/8GB/512GB SSD/15.6"" is a laptop by ASUS. Processor: i7-1165G7 (Intel generation 11). It has 8 GB RAM and 512 GB SSD storage. The screen is 15.6 inches. Listed price: 749 EUR."
64,"MSI Thin GF63 12VE-009XES Intel Core i5-12450H/16GB/512GB SSD/RTX 4050/15.6""",MSI,Thin,Intel Core i5,Intel,Core i5,16.0,512.0,SSD,RTX 4050,True,15.6,False,EUR,,,False,i5-12450H,12.0,RTX 4050,1099.0,"MSI Thin GF63 12VE-009XES Intel Core i5-12450H/16GB/512GB SSD/RTX 4050/15.6"" is a laptop by MSI. Processor: i5-12450H (Intel generation 12). It has 16 GB RAM and 512 GB SSD storage. Dedicated graphics: RTX 4050. The screen is 15.6 inches. Listed price: 1099 EUR."
65,"MSI Modern 15 B13M-281XES Intel Core i7-1355U/16GB/1TB SSD/15.6""",MSI,Modern,Intel Core i7,Intel,Core i7,16.0,1000.0,SSD,,False,15.6,False,EUR,,,False,i7-1355U,13.0,,999.0,"MSI Modern 15 B13M-281XES Intel Core i7-1355U/16GB/1TB SSD/15.6"" is a laptop by MSI. Processor: i7-1355U (Intel generation 13). It has 16 GB RAM and 1000 GB SSD storage. The screen is 15.6 inches. Listed price: 999 EUR."
66,"HP 15S-eq2088ns AMD Ryzen 7 5700U/16GB/512GB SSD/15.6""",HP,15S,AMD Ryzen 7,AMD,Ryzen 7,16.0,512.0,SSD,,False,15.6,False,EUR,,,False,Ryzen 7 5700U,,,649.01,"HP 15S-eq2088ns AMD Ryzen 7 5700U/16GB/512GB SSD/15.6"" is a laptop by HP. Processor: Ryzen 7 5700U. It has 16 GB RAM and 512 GB SSD storage. The screen is 15.6 inches. Listed price: 649 EUR."
67,"MSI Vector GP77 13VG-021XES Intel Core i7-13700H/32GB/1TB SSD/RTX 4070/17.3""",MSI,Vector,Intel Core i7,Intel,Core i7,32.0,1000.0,SSD,RTX 4070,True,17.3,False,EUR,,,False,i7-13700H,13.0,RTX 4070,2499.0,"MSI Vector GP77 13VG-021XES Intel Core i7-13700H/32GB/1TB SSD/RTX 4070/17.3"" is a laptop by MSI. Processor: i7-13700H (Intel generation 13). It has 32 GB RAM and 1000 GB SSD storage. Dedicated graphics: RTX 4070. The screen is 17.3 inches. Listed price: 2499 EUR."
68,"ASUS VivoBook 15 F1500EA-EJ3067W Intel Core i7-1165G7/8GB/512GB SSD/15.6""",ASUS,VivoBook,Intel Core i7,Intel,Core i7,8.0,512.0,SSD,,False,15.6,False,EUR,,,False,i7-1165G7,11.0,,859.0,"ASUS VivoBook 15 F1500EA-EJ3067W Intel Core i7-1165G7/8GB/512GB SSD/15.6"" is a laptop by ASUS. Processor: i7-1165G7 (Intel generation 11). It has 8 GB RAM and 512 GB SSD storage. The screen is 15.6 inches. Listed price: 859 EUR."
69,"MSI Creator M16 B12UDX-809XES Intel Core i7-12650H/32GB/1TB SSD/RTX 3050/16""",MSI,Creator,Intel Core i7,Intel,Core i7,32.0,1000.0,SSD,RTX 3050,True,16.0,False,EUR,,,False,i7-12650H,12.0,RTX 3050,1499.01,"MSI Creator M16 B12UDX-809XES Intel Core i7-12650H/32GB/1TB SSD/RTX 3050/16"" is a laptop by MSI. Processor: i7-12650H (Intel generation 12). It has 32 GB RAM and 1000 GB SSD storage. Dedicated graphics: RTX 3050. The screen is 16 inches. Listed price: 1499 EUR."
70,"Apple Macbook Pro Apple M2/8GB/256GB SSD/GPU Deca Core/13.3"" Plata",Apple,MacBook Pro,Apple M2,Apple,Apple M2,8.0,256.0,SSD,,False,13.3,False,EUR,,,False,Apple M2,,,1599.0,"Apple Macbook Pro Apple M2/8GB/256GB SSD/GPU Deca Core/13.3"" Plata is a laptop by Apple. Processor: Apple M2. It has 8 GB RAM and 256 GB SSD storage. The screen is 13.3 inches. Listed price: 1599 EUR."
71,"ASUS TUF Gaming A15 2023 FA507XI-LP024 AMD Ryzen 9 7940HS/32GB/512GB SSD/RTX 4070/15.6""",ASUS,TUF,AMD Ryzen 9,AMD,Ryzen 9,32.0,512.0,SSD,RTX 4070,True,15.6,False,EUR,,,False,Ryzen 9 7940HS,,RTX 4070,1699.01,"ASUS TUF Gaming A15 2023 FA507XI-LP024 AMD Ryzen 9 7940HS/32GB/512GB SSD/RTX 4070/15.6"" is a laptop by ASUS. Processor: Ryzen 9 7940HS. It has 32 GB RAM and 512 GB SSD storage. Dedicated graphics: RTX 4070. The screen is 15.6 inches. Listed price: 1699 EUR."
72,"MSI Katana 15 B13VFK-031XES Intel Core i7-13620H/16GB/1TB SSD/RTX 4060/15.6""",MSI,Katana,Intel Core i7,Intel,Core i7,16.0,1000.0,SSD,RTX 4060,True,15.6,False,EUR,,,False,i7-13620H,13.0,RTX 4060,1699.0,"MSI Katana 15 B13VFK-031XES Intel Core i7-13620H/16GB/1TB SSD/RTX 4060/15.6"" is a laptop by MSI. Processor: i7-13620H (Intel generation 13). It has 16 GB RAM and 1000 GB SSD storage. Dedicated graphics: RTX 4060. The screen is 15.6 inches. Listed price: 1699 EUR."
73,"HP Victus 16-d1021ns Intel Core i7-12700H/16GB/512GB SSD/RTX 3050Ti/16.1""",HP,Victus,Intel Core i7,Intel,Core i7,16.0,512.0,SSD,RTX 3050,True,16.1,False,EUR,,,False,i7-12700H,12.0,RTX 3050,1199.0,"HP Victus 16-d1021ns Intel Core i7-12700H/16GB/512GB SSD/RTX 3050Ti/16.1"" is a laptop by HP. Processor: i7-12700H (Intel generation 12). It has 16 GB RAM and 512 GB SSD storage. Dedicated graphics: RTX 3050. The screen is 16.1 inches. Listed price: 1199 EUR."
74,"MSI Modern 14 C13M-426XES Intel Core i7-1355U/16GB/1TB SSD/14""",MSI,Modern,Intel Core i7,Intel,Core i7,16.0,1000.0,SSD,,False,14.0,False,EUR,,,False,i7-1355U,13.0,,999.0,"MSI Modern 14 C13M-426XES Intel Core i7-1355U/16GB/1TB SSD/14"" is a laptop by MSI. Processor: i7-1355U (Intel generation 13). It has 16 GB RAM and 1000 GB SSD storage. The screen is 14 inches. Listed price: 999 EUR."
75,"MSI Modern 15 B12M-430XES Intel Core i3-1215U/8GB/256GB SSD/15.6""",MSI,Modern,Intel Core i3,Intel,Core i3,8.0,256.0,SSD,,False,15.6,False,EUR,,,False,i3-1215U,12.0,,499.0,"MSI Modern 15 B12M-430XES Intel Core i3-1215U/8GB/256GB SSD/15.6"" is a laptop by MSI. Processor: i3-1215U (Intel generation 12). It has 8 GB RAM and 256 GB SSD storage. The screen is 15.6 inches. Listed price: 499 EUR."
76,"Lenovo IdeaPad 3 15ALC6 AMD Ryzen 3 5300U/8GB/256GB SSD/15.6""",Lenovo,IdeaPad,AMD Ryzen 3,AMD,Ryzen 3,8.0,256.0,SSD,,False,15.6,False,EUR,,,False,Ryzen 3 5300U,,,499.0,"Lenovo IdeaPad 3 15ALC6 AMD Ryzen 3 5300U/8GB/256GB SSD/15.6"" is a laptop by Lenovo. Processor: Ryzen 3 5300U. It has 8 GB RAM and 256 GB SSD storage. The screen is 15.6 inches. Listed price: 499 EUR."
77,"MSI Prestige 14H B12UCX-414XES Intel Core i5-12450H/16GB/512GB SSD/RTX 2050/14""",MSI,Prestige,Intel Core i5,Intel,Core i5,16.0,512.0,SSD,RTX 2050,True,14.0,False,EUR,,,False,i5-12450H,12.0,RTX 2050,999.0,"MSI Prestige 14H B12UCX-414XES Intel Core i5-12450H/16GB/512GB SSD/RTX 2050/14"" is a laptop by MSI. Processor: i5-12450H (Intel generation 12). It has 16 GB RAM and 512 GB SSD storage. Dedicated graphics: RTX 2050. The screen is 14 inches. Listed price: 999 EUR."
78,"Lenovo IdeaPad 3 15ITL6 Intel Core i7-1165G7/16GB/512 GB SSD/15.6""",Lenovo,IdeaPad,Intel Core i7,Intel,Core i7,16.0,512.0,SSD,,False,15.6,False,EUR,,,False,i7-1165G7,11.0,,749.0,"Lenovo IdeaPad 3 15ITL6 Intel Core i7-1165G7/16GB/512 GB SSD/15.6"" is a laptop by Lenovo. Processor: i7-1165G7 (Intel generation 11). It has 16 GB RAM and 512 GB SSD storage. The screen is 15.6 inches. Listed price: 749 EUR."
79,"Lenovo ThinkBook 15 G2 ITL Intel Core i5-1135G7/8 GB/256GB SSD/15.6"" Gris",Lenovo,ThinkBook,Intel Core i5,Intel,Core i5,8.0,256.0,SSD,,False,15.6,False,EUR,,,False,i5-1135G7,11.0,,879.0,"Lenovo ThinkBook 15 G2 ITL Intel Core i5-1135G7/8 GB/256GB SSD/15.6"" Gris is a laptop by Lenovo. Processor: i5-1135G7 (Intel generation 11). It has 8 GB RAM and 256 GB SSD storage. The screen is 15.6 inches. Listed price: 879 EUR."
80,"MSI Prestige 14H B12UCX-413XES Intel Core i7-12650H/16GB/1TB SSD/RTX 2050/14""",MSI,Prestige,Intel Core i7,Intel,Core i7,16.0,1000.0,SSD,RTX 2050,True,14.0,False,EUR,,,False,i7-12650H,12.0,RTX 2050,1489.0,"MSI Prestige 14H B12UCX-413XES Intel Core i7-12650H/16GB/1TB SSD/RTX 2050/14"" is a laptop by MSI. Processor: i7-12650H (Intel generation 12). It has 16 GB RAM and 1000 GB SSD storage. Dedicated graphics: RTX 2050. The screen is 14 inches. Listed price: 1489 EUR."
81,"HP Pavilion 15-eg2004ns Intel Core i7-1255U/16GB/512GB SSD/15.6""",HP,Pavilion,Intel Core i7,Intel,Core i7,16.0,512.0,SSD,,False,15.6,False,EUR,,,False,i7-1255U,12.0,,999.0,"HP Pavilion 15-eg2004ns Intel Core i7-1255U/16GB/512GB SSD/15.6"" is a laptop by HP. Processor: i7-1255U (Intel generation 12). It has 16 GB RAM and 512 GB SSD storage. The screen is 15.6 inches. Listed price: 999 EUR."
82,"HP Victus 15-fa0026ns Intel Core i5-12450H/16GB/512GB SSD/GTX 1650/15.6""",HP,Victus,Intel Core i5,Intel,Core i5,16.0,512.0,SSD,GTX 1650,True,15.6,False,EUR,,,False,i5-12450H,12.0,GTX 1650,999.0,"HP Victus 15-fa0026ns Intel Core i5-12450H/16GB/512GB SSD/GTX 1650/15.6"" is a laptop by HP. Processor: i5-12450H (Intel generation 12). It has 16 GB RAM and 512 GB SSD storage. Dedicated graphics: GTX 1650. The screen is 15.6 inches. Listed price: 999 EUR."
83,"Lenovo IdeaPad 3 15ITL6 Intel Core i5-1155G7/8 GB/512GB SSD/15.6""",Lenovo,IdeaPad,Intel Core i5,Intel,Core i5,8.0,512.0,SSD,,False,15.6,False,EUR,,,False,i5-1155G7,11.0,,589.0,"Lenovo IdeaPad 3 15ITL6 Intel Core i5-1155G7/8 GB/512GB SSD/15.6"" is a laptop by Lenovo. Processor: i5-1155G7 (Intel generation 11). It has 8 GB RAM and 512 GB SSD storage. The screen is 15.6 inches. Listed price: 589 EUR."
84,"Lenovo ThinkBook 14 G4 IAP Intel Core i5-1235U/8GB/256GB SSD/14""",Lenovo,ThinkBook,Intel Core i5,Intel,Core i5,8.0,256.0,SSD,,False,14.0,False,EUR,,,False,i5-1235U,12.0,,959.0,"Lenovo ThinkBook 14 G4 IAP Intel Core i5-1235U/8GB/256GB SSD/14"" is a laptop by Lenovo. Processor: i5-1235U (Intel generation 12). It has 8 GB RAM and 256 GB SSD storage. The screen is 14 inches. Listed price: 959 EUR."
85,"HP Victus 15-fa0004ns Intel Core i5-12500H/16GB/512GB SSD/GTX 1650/15.6""",HP,Victus,Intel Core i5,Intel,Core i5,16.0,512.0,SSD,GTX 1650,True,15.6,False,EUR,,,False,i5-12500H,12.0,GTX 1650,1039.0,"HP Victus 15-fa0004ns Intel Core i5-12500H/16GB/512GB SSD/GTX 1650/15.6"" is a laptop by HP. Processor: i5-12500H (Intel generation 12). It has 16 GB RAM and 512 GB SSD storage. Dedicated graphics: GTX 1650. The screen is 15.6 inches. Listed price: 1039 EUR."
86,"Lenovo IdeaPad 3 15ALC6 AMD Ryzen 5 5500U/8GB/512GBSSD/15.6""",Lenovo,IdeaPad,AMD Ryzen 5,AMD,Ryzen 5,8.0,512.0,SSD,,False,15.6,False,EUR,,,False,Ryzen 5 5500U,,,599.0,"Lenovo IdeaPad 3 15ALC6 AMD Ryzen 5 5500U/8GB/512GBSSD/15.6"" is a laptop by Lenovo. Processor: Ryzen 5 5500U. It has 8 GB RAM and 512 GB SSD storage. The screen is 15.6 inches. Listed price: 599 EUR."
87,"HP 15S-fq5094ns Intel Core i7-1255U/8GB/512GB SSD/15.6""",HP,15S,Intel Core i7,Intel,Core i7,8.0,512.0,SSD,,False,15.6,False,EUR,,,False,i7-1255U,12.0,,739.01,"HP 15S-fq5094ns Intel Core i7-1255U/8GB/512GB SSD/15.6"" is a laptop by HP. Processor: i7-1255U (Intel generation 12). It has 8 GB RAM and 512 GB SSD storage. The screen is 15.6 inches. Listed price: 739 EUR."
88,"MSI Stealth 16 Studio A13VF-038XES Intel Core i7-13700H/32GB/1TB SSD/RTX 4060/16""",MSI,Stealth,Intel Core i7,Intel,Core i7,32.0,1000.0,SSD,RTX 4060,True,16.0,False,EUR,,,False,i7-13700H,13.0,RTX 4060,2449.0,"MSI Stealth 16 Studio A13VF-038XES Intel Core i7-13700H/32GB/1TB SSD/RTX 4060/16"" is a laptop by MSI. Processor: i7-13700H (Intel generation 13). It has 32 GB RAM and 1000 GB SSD storage. Dedicated graphics: RTX 4060. The screen is 16 inches. Listed price: 2449 EUR."
89,"Acer Aspire 5 A515-57-76BV Intel Core i7-1255U/8GB/512GB SSD/15.6""",Acer,Aspire,Intel Core i7,Intel,Core i7,8.0,512.0,SSD,,False,15.6,False,EUR,,,False,i7-1255U,12.0,,839.0,"Acer Aspire 5 A515-57-76BV Intel Core i7-1255U/8GB/512GB SSD/15.6"" is a laptop by Acer. Processor: i7-1255U (Intel generation 12). It has 8 GB RAM and 512 GB SSD storage. The screen is 15.6 inches. Listed price: 839 EUR."
90,"Lenovo IdeaPad 3 15ALC6 AMD Ryzen 7 5700U/8 GB/512GB SSD/15.6""",Lenovo,IdeaPad,AMD Ryzen 7,AMD,Ryzen 7,8.0,512.0,SSD,,False,15.6,False,EUR,,,False,Ryzen 7 5700U,,,699.0,"Lenovo IdeaPad 3 15ALC6 AMD Ryzen 7 5700U/8 GB/512GB SSD/15.6"" is a laptop by Lenovo. Processor: Ryzen 7 5700U. It has 8 GB RAM and 512 GB SSD storage. The screen is 15.6 inches. Listed price: 699 EUR."
91,"MSI Pulse 15 B13VFK-448XES Intel Core i9-13900H/32GB/1TB SSD/RTX 4060/15.6""",MSI,Pulse,Intel Core i9,Intel,Core i9,32.0,1000.0,SSD,RTX 4060,True,15.6,False,EUR,,,False,i9-13900H,13.0,RTX 4060,2399.01,"MSI Pulse 15 B13VFK-448XES Intel Core i9-13900H/32GB/1TB SSD/RTX 4060/15.6"" is a laptop by MSI. Processor: i9-13900H (Intel generation 13). It has 32 GB RAM and 1000 GB SSD storage. Dedicated graphics: RTX 4060. The screen is 15.6 inches. Listed price: 2399 EUR."
92,"Lenovo IdeaPad 1 15ADA7 AMD 3020e/4GB/128GB SSD/15.6""",Lenovo,IdeaPad,AMD 3020e,AMD,,4.0,128.0,SSD,,False,15.6,False,EUR,,,False,,,,442.99,"Lenovo IdeaPad 1 15ADA7 AMD 3020e/4GB/128GB SSD/15.6"" is a laptop by Lenovo. Processor: AMD 3020e. It has 4 GB RAM and 128 GB SSD storage. The screen is 15.6 inches. Listed price: 443 EUR."
93,"Lenovo IdeaPad 3 15ALC6 AMD Ryzen 5 5500U/8 GB/512GB SSD/15.6""",Lenovo,IdeaPad,AMD Ryzen 5,AMD,Ryzen 5,8.0,512.0,SSD,,False,15.6,False,EUR,,,False,Ryzen 5 5500U,,,689.01,"Lenovo IdeaPad 3 15ALC6 AMD Ryzen 5 5500U/8 GB/512GB SSD/15.6"" is a laptop by Lenovo. Processor: Ryzen 5 5500U. It has 8 GB RAM and 512 GB SSD storage. The screen is 15.6 inches. Listed price: 689 EUR."
94,"Lenovo IdeaPad 3 15ITL6 Intel Core i5-1155G7/16 GB/512GB SSD/15.6""",Lenovo,IdeaPad,Intel Core i5,Intel,Core i5,16.0,512.0,SSD,,False,15.6,False,EUR,,,False,i5-1155G7,11.0,,749.0,"Lenovo IdeaPad 3 15ITL6 Intel Core i5-1155G7/16 GB/512GB SSD/15.6"" is a laptop by Lenovo. Processor: i5-1155G7 (Intel generation 11). It has 16 GB RAM and 512 GB SSD storage. The screen is 15.6 inches. Listed price: 749 EUR."
95,"Lenovo IdeaPad 1 15ADA7 AMD 3020e/4GB/256GB SSD/15.6""",Lenovo,IdeaPad,AMD 3020e,AMD,,4.0,256.0,SSD,,False,15.6,False,EUR,,,False,,,,321.99,"Lenovo IdeaPad 1 15ADA7 AMD 3020e/4GB/256GB SSD/15.6"" is a laptop by Lenovo. Processor: AMD 3020e. It has 4 GB RAM and 256 GB SSD storage. The screen is 15.6 inches. Listed price: 322 EUR."
96,"MSI Modern 15 B11M-043XES Intel Core i5-1155G7/8GB/512GB SSD/15.6""",MSI,Modern,Intel Core i5,Intel,Core i5,8.0,512.0,SSD,,False,15.6,False,EUR,,,False,i5-1155G7,11.0,,599.0,"MSI Modern 15 B11M-043XES Intel Core i5-1155G7/8GB/512GB SSD/15.6"" is a laptop by MSI. Processor: i5-1155G7 (Intel generation 11). It has 8 GB RAM and 512 GB SSD storage. The screen is 15.6 inches. Listed price: 599 EUR."
97,"ASUS ZenBook 13 OLED UX325EA-KG448W Intel Core i7-1165G7/16GB/512GB SSD/13.3""",ASUS,ZenBook,Intel Core i7,Intel,Core i7,16.0,512.0,SSD,,False,13.3,False,EUR,,,False,i7-1165G7,11.0,,1199.0,"ASUS ZenBook 13 OLED UX325EA-KG448W Intel Core i7-1165G7/16GB/512GB SSD/13.3"" is a laptop by ASUS. Processor: i7-1165G7 (Intel generation 11). It has 16 GB RAM and 512 GB SSD storage. The screen is 13.3 inches. Listed price: 1199 EUR."
98,"ASUS TUF Gaming F15 FX506HF-HN004 Intel Core i5-11400H/16GB/512GB SSD/RTX 2050/15.6""",ASUS,TUF,Intel Core i5,Intel,Core i5,16.0,512.0,SSD,RTX 2050,True,15.6,False,EUR,,,False,i5-11400H,11.0,RTX 2050,949.0,"ASUS TUF Gaming F15 FX506HF-HN004 Intel Core i5-11400H/16GB/512GB SSD/RTX 2050/15.6"" is a laptop by ASUS. Processor: i5-11400H (Intel generation 11). It has 16 GB RAM and 512 GB SSD storage. Dedicated graphics: RTX 2050. The screen is 15.6 inches. Listed price: 949 EUR."
99,"ASUS VivoBook F1605PA-MB125W Intel Core i5-11300H/16GB/512GB SSD/16""",ASUS,VivoBook,Intel Core i5,Intel,Core i5,16.0,512.0,SSD,,False,16.0,False,EUR,,,False,i5-11300H,11.0,,799.0,"ASUS VivoBook F1605PA-MB125W Intel Core i5-11300H/16GB/512GB SSD/16"" is a laptop by ASUS. Processor: i5-11300H (Intel generation 11). It has 16 GB RAM and 512 GB SSD storage. The screen is 16 inches. Listed price: 799 EUR."
100,"Razer Blade 15 Advanced Model QHD Intel Core i7-12800H/16GB/1TB SSD/RTX 3070Ti/15.6""",Razer,Blade,Intel Core i7,Intel,Core i7,16.0,1000.0,SSD,RTX 3070,True,15.6,False,EUR,,,False,i7-12800H,12.0,RTX 3070,3299.99,"Razer Blade 15 Advanced Model QHD Intel Core i7-12800H/16GB/1TB SSD/RTX 3070Ti/15.6"" is a laptop by Razer. Processor: i7-12800H (Intel generation 12). It has 16 GB RAM and 1000 GB SSD storage. Dedicated graphics: RTX 3070. The screen is 15.6 inches. Listed price: 3300 EUR."
101,"Medion Akoya E15301 AMD Ryzen 7 3700U/8 GB/256GB SSD/15.6""",Medion,Akoya,AMD Ryzen 7,AMD,Ryzen 7,8.0,256.0,SSD,,False,15.6,False,EUR,,,False,Ryzen 7 3700U,,,478.99,"Medion Akoya E15301 AMD Ryzen 7 3700U/8 GB/256GB SSD/15.6"" is a laptop by Medion. Processor: Ryzen 7 3700U. It has 8 GB RAM and 256 GB SSD storage. The screen is 15.6 inches. Listed price: 479 EUR."
102,"ASUS ExpertBook B1 B1502CBA-EJ0469X Intel Core i5-1235U/8GB/256GB SSD/15.6""",ASUS,ExpertBook,Intel Core i5,Intel,Core i5,8.0,256.0,SSD,,False,15.6,False,EUR,,,False,i5-1235U,12.0,,989.0,"ASUS ExpertBook B1 B1502CBA-EJ0469X Intel Core i5-1235U/8GB/256GB SSD/15.6"" is a laptop by ASUS. Processor: i5-1235U (Intel generation 12). It has 8 GB RAM and 256 GB SSD storage. The screen is 15.6 inches. Listed price: 989 EUR."
103,"Lenovo IdeaPad 1 15ADA7 AMD Ryzen 3 3250U/8 GB/256GB SSD/15.6""",Lenovo,IdeaPad,AMD Ryzen 3,AMD,Ryzen 3,8.0,256.0,SSD,,False,15.6,False,EUR,,,False,Ryzen 3 3250U,,,439.99,"Lenovo IdeaPad 1 15ADA7 AMD Ryzen 3 3250U/8 GB/256GB SSD/15.6"" is a laptop by Lenovo. Processor: Ryzen 3 3250U. It has 8 GB RAM and 256 GB SSD storage. The screen is 15.6 inches. Listed price: 440 EUR."
104,"HP 15S-eq2089ns AMD Ryzen 3 5300U/8GB/256GB SSD/15.6""",HP,15S,AMD Ryzen 3,AMD,Ryzen 3,8.0,256.0,SSD,,False,15.6,False,EUR,,,False,Ryzen 3 5300U,,,529.0,"HP 15S-eq2089ns AMD Ryzen 3 5300U/8GB/256GB SSD/15.6"" is a laptop by HP. Processor: Ryzen 3 5300U. It has 8 GB RAM and 256 GB SSD storage. The screen is 15.6 inches. Listed price: 529 EUR."
105,"ASUS VivoBook F1605PA-MB143 Intel Core i7-11370H/8GB/512GB SSD/16""",ASUS,VivoBook,Intel Core i7,Intel,Core i7,8.0,512.0,SSD,,False,16.0,False,EUR,,,False,i7-11370H,11.0,,709.0,"ASUS VivoBook F1605PA-MB143 Intel Core i7-11370H/8GB/512GB SSD/16"" is a laptop by ASUS. Processor: i7-11370H (Intel generation 11). It has 8 GB RAM and 512 GB SSD storage. The screen is 16 inches. Listed price: 709 EUR."
106,"ASUS Vivobook Go E1504FA-BQ204W AMD Ryzen 5 7520U/8GB/512GB SSD/Radeon 610M/15.6""",ASUS,VivoBook,AMD Ryzen 5,AMD,Ryzen 5,8.0,512.0,SSD,610 M,True,15.6,False,EUR,,,False,Ryzen 5 7520U,,610 M,509.99,"ASUS Vivobook Go E1504FA-BQ204W AMD Ryzen 5 7520U/8GB/512GB SSD/Radeon 610M/15.6"" is a laptop by ASUS. Processor: Ryzen 5 7520U. It has 8 GB RAM and 512 GB SSD storage. Dedicated graphics: 610 M. The screen is 15.6 inches. Listed price: 510 EUR."
107,"Lenovo IdeaPad 1 15ALC7 AMD Ryzen 5 5500U/8GB/512GB SSD/15.6""",Lenovo,IdeaPad,AMD Ryzen 5,AMD,Ryzen 5,8.0,512.0,SSD,,False,15.6,False,EUR,,,False,Ryzen 5 5500U,,,659.0,"Lenovo IdeaPad 1 15ALC7 AMD Ryzen 5 5500U/8GB/512GB SSD/15.6"" is a laptop by Lenovo. Processor: Ryzen 5 5500U. It has 8 GB RAM and 512 GB SSD storage. The screen is 15.6 inches. Listed price: 659 EUR."
108,"Lenovo IdeaPad 3 15ALC6 AMD Ryzen 7 5700U/8GB/512 GB SSD/15.6""",Lenovo,IdeaPad,AMD Ryzen 7,AMD,Ryzen 7,8.0,512.0,SSD,,False,15.6,False,EUR,,,False,Ryzen 7 5700U,,,589.0,"Lenovo IdeaPad 3 15ALC6 AMD Ryzen 7 5700U/8GB/512 GB SSD/15.6"" is a laptop by Lenovo. Processor: Ryzen 7 5700U. It has 8 GB RAM and 512 GB SSD storage. The screen is 15.6 inches. Listed price: 589 EUR."
109,"Lenovo IdeaPad 1 15ALC7 AMD Ryzen 5 5500U/8 GB/512GB SSD/15.6""",Lenovo,IdeaPad,AMD Ryzen 5,AMD,Ryzen 5,8.0,512.0,SSD,,False,15.6,False,EUR,,,False,Ryzen 5 5500U,,,549.0,"Lenovo IdeaPad 1 15ALC7 AMD Ryzen 5 5500U/8 GB/512GB SSD/15.6"" is a laptop by Lenovo. Processor: Ryzen 5 5500U. It has 8 GB RAM and 512 GB SSD storage. The screen is 15.6 inches. Listed price: 549 EUR."
110,"Lenovo IdeaPad 3 15ALC6 AMD Ryzen 3 5300U/8GB/256 GB SSD/15.6""",Lenovo,IdeaPad,AMD Ryzen 3,AMD,Ryzen 3,8.0,256.0,SSD,,False,15.6,False,EUR,,,False,Ryzen 3 5300U,,,459.0,"Lenovo IdeaPad 3 15ALC6 AMD Ryzen 3 5300U/8GB/256 GB SSD/15.6"" is a laptop by Lenovo. Processor: Ryzen 3 5300U. It has 8 GB RAM and 256 GB SSD storage. The screen is 15.6 inches. Listed price: 459 EUR."
111,"ASUS VivoBook F1605PA-MB124W Intel Core i7-11370H/8GB/512GB SSD/16""",ASUS,VivoBook,Intel Core i7,Intel,Core i7,8.0,512.0,SSD,,False,16.0,False,EUR,,,False,i7-11370H,11.0,,819.0,"ASUS VivoBook F1605PA-MB124W Intel Core i7-11370H/8GB/512GB SSD/16"" is a laptop by ASUS. Processor: i7-11370H (Intel generation 11). It has 8 GB RAM and 512 GB SSD storage. The screen is 16 inches. Listed price: 819 EUR."
112,"ASUS VivoBook F1605PA-MB146 Intel Core i5-11300H/8GB/512GB SSD/16""",ASUS,VivoBook,Intel Core i5,Intel,Core i5,8.0,512.0,SSD,,False,16.0,False,EUR,,,False,i5-11300H,11.0,,609.01,"ASUS VivoBook F1605PA-MB146 Intel Core i5-11300H/8GB/512GB SSD/16"" is a laptop by ASUS. Processor: i5-11300H (Intel generation 11). It has 8 GB RAM and 512 GB SSD storage. The screen is 16 inches. Listed price: 609 EUR."
113,"ASUS ZenBook 14 UM425QA-KI252 AMD Ryzen 7 5800H/16GB/512GB SSD/14""",ASUS,ZenBook,AMD Ryzen 7,AMD,Ryzen 7,16.0,512.0,SSD,,False,14.0,False,EUR,,,False,Ryzen 7 5800H,,,999.0,"ASUS ZenBook 14 UM425QA-KI252 AMD Ryzen 7 5800H/16GB/512GB SSD/14"" is a laptop by ASUS. Processor: Ryzen 7 5800H. It has 16 GB RAM and 512 GB SSD storage. The screen is 14 inches. Listed price: 999 EUR."
114,"Acer Aspire 3 A315-59-504M Intel Core i5-1235U/16GB/512GB SSD/15.6""",Acer,Aspire,Intel Core i5,Intel,Core i5,16.0,512.0,SSD,,False,15.6,False,EUR,,,False,i5-1235U,12.0,,739.01,"Acer Aspire 3 A315-59-504M Intel Core i5-1235U/16GB/512GB SSD/15.6"" is a laptop by Acer. Processor: i5-1235U (Intel generation 12). It has 16 GB RAM and 512 GB SSD storage. The screen is 15.6 inches. Listed price: 739 EUR."
115,"Lenovo IdeaPad Gaming 3 15IAH7 Intel Core i7-12700H/16GB/512GB SSD/RTX3060/15.6""",Lenovo,IdeaPad,Intel Core i7,Intel,Core i7,16.0,512.0,SSD,RTX 3060,True,15.6,False,EUR,,,False,i7-12700H,12.0,RTX 3060,1399.0,"Lenovo IdeaPad Gaming 3 15IAH7 Intel Core i7-12700H/16GB/512GB SSD/RTX3060/15.6"" is a laptop by Lenovo. Processor: i7-12700H (Intel generation 12). It has 16 GB RAM and 512 GB SSD storage. Dedicated graphics: RTX 3060. The screen is 15.6 inches. Listed price: 1399 EUR."
116,"ASUS VivoBook F1500EA-EJ3070W Intel Core i5-1135G7/16GB/512GB SSD/15.6""",ASUS,VivoBook,Intel Core i5,Intel,Core i5,16.0,512.0,SSD,,False,15.6,False,EUR,,,False,i5-1135G7,11.0,,759.01,"ASUS VivoBook F1500EA-EJ3070W Intel Core i5-1135G7/16GB/512GB SSD/15.6"" is a laptop by ASUS. Processor: i5-1135G7 (Intel generation 11). It has 16 GB RAM and 512 GB SSD storage. The screen is 15.6 inches. Listed price: 759 EUR."
117,"Lenovo IdeaPad 1 15ALC7 AMD Ryzen 5 5500U/16GB/512GB SSD/15.6""",Lenovo,IdeaPad,AMD Ryzen 5,AMD,Ryzen 5,16.0,512.0,SSD,,False,15.6,False,EUR,,,False,Ryzen 5 5500U,,,729.0,"Lenovo IdeaPad 1 15ALC7 AMD Ryzen 5 5500U/16GB/512GB SSD/15.6"" is a laptop by Lenovo. Processor: Ryzen 5 5500U. It has 16 GB RAM and 512 GB SSD storage. The screen is 15.6 inches. Listed price: 729 EUR."
118,"HP 255 G9 AMD Athlon 3020e/8GB/256GB SSD/15.6""",HP,255,AMD Athlon,AMD,Athlon,8.0,256.0,SSD,,False,15.6,False,EUR,,,False,,,,349.0,"HP 255 G9 AMD Athlon 3020e/8GB/256GB SSD/15.6"" is a laptop by HP. Processor: AMD Athlon. It has 8 GB RAM and 256 GB SSD storage. The screen is 15.6 inches. Listed price: 349 EUR."
119,"Lenovo IdeaPad 3 15ITL6 Intel Core i3-1115G4/8 GB/256GBSSD/15.6""",Lenovo,IdeaPad,Intel Core i3,Intel,Core i3,8.0,256.0,SSD,,False,15.6,False,EUR,,,False,i3-1115G4,11.0,,479.0,"Lenovo IdeaPad 3 15ITL6 Intel Core i3-1115G4/8 GB/256GBSSD/15.6"" is a laptop by Lenovo. Processor: i3-1115G4 (Intel generation 11). It has 8 GB RAM and 256 GB SSD storage. The screen is 15.6 inches. Listed price: 479 EUR."
120,"HP 255 G9 AMD Ryzen 5 5625U/16GB/512 GB SSD/15.6""",HP,255,AMD Ryzen 5,AMD,Ryzen 5,16.0,512.0,SSD,,False,15.6,False,EUR,,,False,Ryzen 5 5625U,,,873.29,"HP 255 G9 AMD Ryzen 5 5625U/16GB/512 GB SSD/15.6"" is a laptop by HP. Processor: Ryzen 5 5625U. It has 16 GB RAM and 512 GB SSD storage. The screen is 15.6 inches. Listed price: 873 EUR."
121,"Lenovo IdeaPad 5 15ALC05 AMD Ryzen 5 5500U/8GB/512GB SSD/15.6""",Lenovo,IdeaPad,AMD Ryzen 5,AMD,Ryzen 5,8.0,512.0,SSD,,False,15.6,False,EUR,,,False,Ryzen 5 5500U,,,589.0,"Lenovo IdeaPad 5 15ALC05 AMD Ryzen 5 5500U/8GB/512GB SSD/15.6"" is a laptop by Lenovo. Processor: Ryzen 5 5500U. It has 8 GB RAM and 512 GB SSD storage. The screen is 15.6 inches. Listed price: 589 EUR."
122,"ASUS Chromebook CX1400CKA-EK0138 Intel Celeron N4500/8GB/64GB eMMC/14""",ASUS,Chromebook,Intel Celeron,Intel,Celeron,8.0,64.0,eMMC,,False,14.0,False,EUR,,,False,Celeron N4500,,,399.01,"ASUS Chromebook CX1400CKA-EK0138 Intel Celeron N4500/8GB/64GB eMMC/14"" is a laptop by ASUS. Processor: Celeron N4500. It has 8 GB RAM and 64 GB eMMC storage. The screen is 14 inches. Listed price: 399 EUR."
123,"Lenovo Legion 5 15ACH6H AMD Ryzen 7 5800H/16GB/512GB SSD/RTX3050Ti/15.6""",Lenovo,Legion,AMD Ryzen 7,AMD,Ryzen 7,16.0,512.0,SSD,RTX 3050,True,15.6,False,EUR,,,False,Ryzen 7 5800H,,RTX 3050,1079.01,"Lenovo Legion 5 15ACH6H AMD Ryzen 7 5800H/16GB/512GB SSD/RTX3050Ti/15.6"" is a laptop by Lenovo. Processor: Ryzen 7 5800H. It has 16 GB RAM and 512 GB SSD storage. Dedicated graphics: RTX 3050. The screen is 15.6 inches. Listed price: 1079 EUR."
124,"Lenovo IdeaPad 3 15ITL6 Intel Core i5-1135G7/8GB/512GB SSD/15.6"" Azul",Lenovo,IdeaPad,Intel Core i5,Intel,Core i5,8.0,512.0,SSD,,False,15.6,False,EUR,,,False,i5-1135G7,11.0,,649.0,"Lenovo IdeaPad 3 15ITL6 Intel Core i5-1135G7/8GB/512GB SSD/15.6"" Azul is a laptop by Lenovo. Processor: i5-1135G7 (Intel generation 11). It has 8 GB RAM and 512 GB SSD storage. The screen is 15.6 inches. Listed price: 649 EUR."
125,"Lenovo IdeaPad Gaming 3 15ACH6 AMD Ryzen 7 5800H/16GB/512GB SSD/RTX 3050Ti/15.6""",Lenovo,IdeaPad,AMD Ryzen 7,AMD,Ryzen 7,16.0,512.0,SSD,RTX 3050,True,15.6,False,EUR,,,False,Ryzen 7 5800H,,RTX 3050,999.0,"Lenovo IdeaPad Gaming 3 15ACH6 AMD Ryzen 7 5800H/16GB/512GB SSD/RTX 3050Ti/15.6"" is a laptop by Lenovo. Processor: Ryzen 7 5800H. It has 16 GB RAM and 512 GB SSD storage. Dedicated graphics: RTX 3050. The screen is 15.6 inches. Listed price: 999 EUR."
126,"Lenovo ThinkBook 14 G2 ITL Intel Core i5-1135G7/16 GB/512GB SSD/14""",Lenovo,ThinkBook,Intel Core i5,Intel,Core i5,16.0,512.0,SSD,,False,14.0,False,EUR,,,False,i5-1135G7,11.0,,1019.0,"Lenovo ThinkBook 14 G2 ITL Intel Core i5-1135G7/16 GB/512GB SSD/14"" is a laptop by Lenovo. Processor: i5-1135G7 (Intel generation 11). It has 16 GB RAM and 512 GB SSD storage. The screen is 14 inches. Listed price: 1019 EUR."
127,"MSI Pulse GL76 12UEK-828XES Intel Core i7-12700H/32GB/1TB SSD/RTX 3060/17.3""",MSI,Pulse,Intel Core i7,Intel,Core i7,32.0,1000.0,SSD,RTX 3060,True,17.3,False,EUR,,,False,i7-12700H,12.0,RTX 3060,1499.0,"MSI Pulse GL76 12UEK-828XES Intel Core i7-12700H/32GB/1TB SSD/RTX 3060/17.3"" is a laptop by MSI. Processor: i7-12700H (Intel generation 12). It has 32 GB RAM and 1000 GB SSD storage. Dedicated graphics: RTX 3060. The screen is 17.3 inches. Listed price: 1499 EUR."
128,"Apple Macbook Air Apple M2/8GB/256GB SSD/GPU Octa Core/13.6"" Gris Espacial",Apple,MacBook Air,Apple M2,Apple,Apple M2,8.0,256.0,SSD,,False,13.6,False,EUR,,,False,Apple M2,,,1519.0,"Apple Macbook Air Apple M2/8GB/256GB SSD/GPU Octa Core/13.6"" Gris Espacial is a laptop by Apple. Processor: Apple M2. It has 8 GB RAM and 256 GB SSD storage. The screen is 13.6 inches. Listed price: 1519 EUR."
129,"Acer Aspire 3 A317-53-53U0 Intel Core i5-1135G7/8GB/512GB SSD/17.3""",Acer,Aspire,Intel Core i5,Intel,Core i5,8.0,512.0,SSD,,False,17.3,False,EUR,,,False,i5-1135G7,11.0,,729.0,"Acer Aspire 3 A317-53-53U0 Intel Core i5-1135G7/8GB/512GB SSD/17.3"" is a laptop by Acer. Processor: i5-1135G7 (Intel generation 11). It has 8 GB RAM and 512 GB SSD storage. The screen is 17.3 inches. Listed price: 729 EUR."
130,"MSI Raider GE68HX 13VF-045XES Intel Core i9-13950HX/32GB/1TB SSD/RTX 4060/16""",MSI,Raider,Intel Core i9,Intel,Core i9,32.0,1000.0,SSD,RTX 4060,True,16.0,False,EUR,,,False,i9-13950HX,13.0,RTX 4060,2599.0,"MSI Raider GE68HX 13VF-045XES Intel Core i9-13950HX/32GB/1TB SSD/RTX 4060/16"" is a laptop by MSI. Processor: i9-13950HX (Intel generation 13). It has 32 GB RAM and 1000 GB SSD storage. Dedicated graphics: RTX 4060. The screen is 16 inches. Listed price: 2599 EUR."
131,"HP 15S-fq4042ns Intel Core i7-1195G7/8GB/512GB SSD/15.6""",HP,15S,Intel Core i7,Intel,Core i7,8.0,512.0,SSD,,False,15.6,False,EUR,,,False,i7-1195G7,11.0,,699.0,"HP 15S-fq4042ns Intel Core i7-1195G7/8GB/512GB SSD/15.6"" is a laptop by HP. Processor: i7-1195G7 (Intel generation 11). It has 8 GB RAM and 512 GB SSD storage. The screen is 15.6 inches. Listed price: 699 EUR."
132,"Lenovo Legion 5 15IAH7H Intel Core i7-12700H/16GB/512GB SSD/RTX3060/15.6""",Lenovo,Legion,Intel Core i7,Intel,Core i7,16.0,512.0,SSD,RTX 3060,True,15.6,False,EUR,,,False,i7-12700H,12.0,RTX 3060,1599.0,"Lenovo Legion 5 15IAH7H Intel Core i7-12700H/16GB/512GB SSD/RTX3060/15.6"" is a laptop by Lenovo. Processor: i7-12700H (Intel generation 12). It has 16 GB RAM and 512 GB SSD storage. Dedicated graphics: RTX 3060. The screen is 15.6 inches. Listed price: 1599 EUR."
133,"HP ProBook 450 G8 Intel Core i5-1135G7/8 GB/256GB SSD/15.6""",HP,ProBook,Intel Core i5,Intel,Core i5,8.0,256.0,SSD,,False,15.6,False,EUR,,,False,i5-1135G7,11.0,,739.01,"HP ProBook 450 G8 Intel Core i5-1135G7/8 GB/256GB SSD/15.6"" is a laptop by HP. Processor: i5-1135G7 (Intel generation 11). It has 8 GB RAM and 256 GB SSD storage. The screen is 15.6 inches. Listed price: 739 EUR."
134,"ASUS VivoBook 15 F1500EA-EJ3021 Intel Core i5-1135G7/16GB/512GB SSD/15.6""",ASUS,VivoBook,Intel Core i5,Intel,Core i5,16.0,512.0,SSD,,False,15.6,False,EUR,,,False,i5-1135G7,11.0,,709.0,"ASUS VivoBook 15 F1500EA-EJ3021 Intel Core i5-1135G7/16GB/512GB SSD/15.6"" is a laptop by ASUS. Processor: i5-1135G7 (Intel generation 11). It has 16 GB RAM and 512 GB SSD storage. The screen is 15.6 inches. Listed price: 709 EUR."
135,"Lenovo IdeaPad Gaming 3 15IAH7 Intel Core i5-12500H/16 GB/512GB SSD/RTX3050Ti/15.6""",Lenovo,IdeaPad,Intel Core i5,Intel,Core i5,16.0,512.0,SSD,RTX 3050,True,15.6,False,EUR,,,False,i5-12500H,12.0,RTX 3050,1059.0,"Lenovo IdeaPad Gaming 3 15IAH7 Intel Core i5-12500H/16 GB/512GB SSD/RTX3050Ti/15.6"" is a laptop by Lenovo. Processor: i5-12500H (Intel generation 12). It has 16 GB RAM and 512 GB SSD storage. Dedicated graphics: RTX 3050. The screen is 15.6 inches. Listed price: 1059 EUR."
136,"MSI Modern 14 C13M-447XES Intel Core i5-1335U/16GB/512GB SSD/14""",MSI,Modern,Intel Core i5,Intel,Core i5,16.0,512.0,SSD,,False,14.0,False,EUR,,,False,i5-1335U,13.0,,799.0,"MSI Modern 14 C13M-447XES Intel Core i5-1335U/16GB/512GB SSD/14"" is a laptop by MSI. Processor: i5-1335U (Intel generation 13). It has 16 GB RAM and 512 GB SSD storage. The screen is 14 inches. Listed price: 799 EUR."
137,"MSI Modern 14 C12M-017XES Intel Core i7-1255U/16GB/512GB SSD/14""",MSI,Modern,Intel Core i7,Intel,Core i7,16.0,512.0,SSD,,False,14.0,False,EUR,,,False,i7-1255U,12.0,,999.0,"MSI Modern 14 C12M-017XES Intel Core i7-1255U/16GB/512GB SSD/14"" is a laptop by MSI. Processor: i7-1255U (Intel generation 12). It has 16 GB RAM and 512 GB SSD storage. The screen is 14 inches. Listed price: 999 EUR."
138,"MSI Pulse 15 B13VGK-433XES Intel Core i9-13900H/32GB/1TB SSD/RTX 4070/15.6""",MSI,Pulse,Intel Core i9,Intel,Core i9,32.0,1000.0,SSD,RTX 4070,True,15.6,False,EUR,,,False,i9-13900H,13.0,RTX 4070,2299.0,"MSI Pulse 15 B13VGK-433XES Intel Core i9-13900H/32GB/1TB SSD/RTX 4070/15.6"" is a laptop by MSI. Processor: i9-13900H (Intel generation 13). It has 32 GB RAM and 1000 GB SSD storage. Dedicated graphics: RTX 4070. The screen is 15.6 inches. Listed price: 2299 EUR."
139,MSI Stealth 15 A13VF-028XES Intel Core i7-13620H/32GB/1TB SSD/RTX 4060/15.6'',MSI,Stealth,Intel Core i7,Intel,Core i7,32.0,1000.0,SSD,RTX 4060,True,15.6,False,EUR,,,False,i7-13620H,13.0,RTX 4060,1899.0,MSI Stealth 15 A13VF-028XES Intel Core i7-13620H/32GB/1TB SSD/RTX 4060/15.6'' is a laptop by MSI. Processor: i7-13620H (Intel generation 13). It has 32 GB RAM and 1000 GB SSD storage. Dedicated graphics: RTX 4060. The screen is 15.6 inches. Listed price: 1899 EUR.
140,"ASUS Chromebook CX1400FKA-EC0078 Intel Celeron N4500/8GB/64GB eMMC/14"" Táctil",ASUS,Chromebook,Intel Celeron,Intel,Celeron,8.0,64.0,eMMC,,False,14.0,True,EUR,,,False,Celeron N4500,,,449.0,"ASUS Chromebook CX1400FKA-EC0078 Intel Celeron N4500/8GB/64GB eMMC/14"" Táctil is a laptop by ASUS. Processor: Celeron N4500. It has 8 GB RAM and 64 GB eMMC storage. The screen is 14 inches, touchscreen. Listed price: 449 EUR."
141,"Lenovo V15 G2 ITL Intel Core i5-1135G7/16 GB/512GB SSD/15.6""",Lenovo,V15,Intel Core i5,Intel,Core i5,16.0,512.0,SSD,,False,15.6,False,EUR,,,False,i5-1135G7,11.0,,699.0,"Lenovo V15 G2 ITL Intel Core i5-1135G7/16 GB/512GB SSD/15.6"" is a laptop by Lenovo. Processor: i5-1135G7 (Intel generation 11). It has 16 GB RAM and 512 GB SSD storage. The screen is 15.6 inches. Listed price: 699 EUR."
142,"ASUS Chromebook CX1400CNA-BV0210 Intel Celeron N3350/8GB/32GB/14""",ASUS,Chromebook,Intel Celeron,Intel,Celeron,8.0,32.0,,,False,14.0,False,EUR,,,False,Celeron N3350,,,349.0,"ASUS Chromebook CX1400CNA-BV0210 Intel Celeron N3350/8GB/32GB/14"" is a laptop by ASUS. Processor: Celeron N3350. It has 8 GB RAM and 32 GB storage. The screen is 14 inches. Listed price: 349 EUR."
143,"MSI Vector GP68HX 12VH-009XES Intel Core i9-12900HX/32GB/1TB SSD/RTX 4080/16""",MSI,Vector,Intel Core i9,Intel,Core i9,32.0,1000.0,SSD,RTX 4080,True,16.0,False,EUR,,,False,i9-12900HX,12.0,RTX 4080,2599.0,"MSI Vector GP68HX 12VH-009XES Intel Core i9-12900HX/32GB/1TB SSD/RTX 4080/16"" is a laptop by MSI. Processor: i9-12900HX (Intel generation 12). It has 32 GB RAM and 1000 GB SSD storage. Dedicated graphics: RTX 4080. The screen is 16 inches. Listed price: 2599 EUR."
144,"HP 15S-fq5075ns Intel Core i5-1235U/8GB/512GB SSD/15.6""",HP,15S,Intel Core i5,Intel,Core i5,8.0,512.0,SSD,,False,15.6,False,EUR,,,False,i5-1235U,12.0,,579.01,"HP 15S-fq5075ns Intel Core i5-1235U/8GB/512GB SSD/15.6"" is a laptop by HP. Processor: i5-1235U (Intel generation 12). It has 8 GB RAM and 512 GB SSD storage. The screen is 15.6 inches. Listed price: 579 EUR."
145,"Acer Aspire 3 A315-59-56GV Intel Core i5-1235U/8GB/512GB SSD/15.6""",Acer,Aspire,Intel Core i5,Intel,Core i5,8.0,512.0,SSD,,False,15.6,False,EUR,,,False,i5-1235U,12.0,,749.0,"Acer Aspire 3 A315-59-56GV Intel Core i5-1235U/8GB/512GB SSD/15.6"" is a laptop by Acer. Processor: i5-1235U (Intel generation 12). It has 8 GB RAM and 512 GB SSD storage. The screen is 15.6 inches. Listed price: 749 EUR."
146,"ASUS ExpertBook P1512CEA-EJ0083X Intel Core i3-1115G4/8GB/256GB SSD/15.6""",ASUS,ExpertBook,Intel Core i3,Intel,Core i3,8.0,256.0,SSD,,False,15.6,False,EUR,,,False,i3-1115G4,11.0,,549.0,"ASUS ExpertBook P1512CEA-EJ0083X Intel Core i3-1115G4/8GB/256GB SSD/15.6"" is a laptop by ASUS. Processor: i3-1115G4 (Intel generation 11). It has 8 GB RAM and 256 GB SSD storage. The screen is 15.6 inches. Listed price: 549 EUR."
147,"Lenovo IdeaPad Gaming 3 15ACH6 AMD Ryzen 5 5600H/16GB/512GB SSD/RTX3050/15.6""",Lenovo,IdeaPad,AMD Ryzen 5,AMD,Ryzen 5,16.0,512.0,SSD,RTX 3050,True,15.6,False,EUR,,,False,Ryzen 5 5600H,,RTX 3050,979.0,"Lenovo IdeaPad Gaming 3 15ACH6 AMD Ryzen 5 5600H/16GB/512GB SSD/RTX3050/15.6"" is a laptop by Lenovo. Processor: Ryzen 5 5600H. It has 16 GB RAM and 512 GB SSD storage. Dedicated graphics: RTX 3050. The screen is 15.6 inches. Listed price: 979 EUR."
148,"ASUS ZenBook 14 OLED UM3402YA-KM513 AMD Ryzen 5 7530U/16GB/512GB SSD/14""",ASUS,ZenBook,AMD Ryzen 5,AMD,Ryzen 5,16.0,512.0,SSD,,False,14.0,False,EUR,,,False,Ryzen 5 7530U,,,969.0,"ASUS ZenBook 14 OLED UM3402YA-KM513 AMD Ryzen 5 7530U/16GB/512GB SSD/14"" is a laptop by ASUS. Processor: Ryzen 5 7530U. It has 16 GB RAM and 512 GB SSD storage. The screen is 14 inches. Listed price: 969 EUR."
149,"Lenovo IdeaPad Gaming 3 15IAH7 Intel Core i5-12500H/16GB/512GB SSD/RTX3050/15.6""",Lenovo,IdeaPad,Intel Core i5,Intel,Core i5,16.0,512.0,SSD,RTX 3050,True,15.6,False,EUR,,,False,i5-12500H,12.0,RTX 3050,1099.0,"Lenovo IdeaPad Gaming 3 15IAH7 Intel Core i5-12500H/16GB/512GB SSD/RTX3050/15.6"" is a laptop by Lenovo. Processor: i5-12500H (Intel generation 12). It has 16 GB RAM and 512 GB SSD storage. Dedicated graphics: RTX 3050. The screen is 15.6 inches. Listed price: 1099 EUR."
150,"Lenovo Legion 5 15ITH6H Intel Core i5-11400H/16GB/512GB SSD/RTX3060/15.6""",Lenovo,Legion,Intel Core i5,Intel,Core i5,16.0,512.0,SSD,RTX 3060,True,15.6,False,EUR,,,False,i5-11400H,11.0,RTX 3060,1319.01,"Lenovo Legion 5 15ITH6H Intel Core i5-11400H/16GB/512GB SSD/RTX3060/15.6"" is a laptop by Lenovo. Processor: i5-11400H (Intel generation 11). It has 16 GB RAM and 512 GB SSD storage. Dedicated graphics: RTX 3060. The screen is 15.6 inches. Listed price: 1319 EUR."
151,"Lenovo IdeaPad Flex 5 14ALC05 AMD Ryzen 5 5500U/16GB/512GB SSD/14"" Táctil",Lenovo,IdeaPad,AMD Ryzen 5,AMD,Ryzen 5,16.0,512.0,SSD,,False,14.0,True,EUR,,,False,Ryzen 5 5500U,,,799.0,"Lenovo IdeaPad Flex 5 14ALC05 AMD Ryzen 5 5500U/16GB/512GB SSD/14"" Táctil is a laptop by Lenovo. Processor: Ryzen 5 5500U. It has 16 GB RAM and 512 GB SSD storage. The screen is 14 inches, touchscreen. Listed price: 799 EUR."
152,"Lenovo IdeaPad Gaming 3 15ACH6 AMD Ryzen 5 5600H/16 GB/512GB SSD/GTX1650/15.6""",Lenovo,IdeaPad,AMD Ryzen 5,AMD,Ryzen 5,16.0,512.0,SSD,GTX 1650,True,15.6,False,EUR,,,False,Ryzen 5 5600H,,GTX 1650,879.0,"Lenovo IdeaPad Gaming 3 15ACH6 AMD Ryzen 5 5600H/16 GB/512GB SSD/GTX1650/15.6"" is a laptop by Lenovo. Processor: Ryzen 5 5600H. It has 16 GB RAM and 512 GB SSD storage. Dedicated graphics: GTX 1650. The screen is 15.6 inches. Listed price: 879 EUR."
153,"MSI Prestige 14H B12UCX-427XES Intel Core i7-12650H/32GB/1TB SSD/RTX 2050/14""",MSI,Prestige,Intel Core i7,Intel,Core i7,32.0,1000.0,SSD,RTX 2050,True,14.0,False,EUR,,,False,i7-12650H,12.0,RTX 2050,1359.0,"MSI Prestige 14H B12UCX-427XES Intel Core i7-12650H/32GB/1TB SSD/RTX 2050/14"" is a laptop by MSI. Processor: i7-12650H (Intel generation 12). It has 32 GB RAM and 1000 GB SSD storage. Dedicated graphics: RTX 2050. The screen is 14 inches. Listed price: 1359 EUR."
154,"ASUS F515EA-EJ1858W Intel Core i7-1165G7/8GB/512GB SSD/15.6""",ASUS,F515,Intel Core i7,Intel,Core i7,8.0,512.0,SSD,,False,15.6,False,EUR,,,False,i7-1165G7,11.0,,839.0,"ASUS F515EA-EJ1858W Intel Core i7-1165G7/8GB/512GB SSD/15.6"" is a laptop by ASUS. Processor: i7-1165G7 (Intel generation 11). It has 8 GB RAM and 512 GB SSD storage. The screen is 15.6 inches. Listed price: 839 EUR."
155,"Gigabyte G5 KF-E3ES313SD Intel Core i5-12500H/16GB/512GB SSD/RTX 4060/15.6""",Gigabyte,G5,Intel Core i5,Intel,Core i5,16.0,512.0,SSD,RTX 4060,True,15.6,False,EUR,,,False,i5-12500H,12.0,RTX 4060,1109.0,"Gigabyte G5 KF-E3ES313SD Intel Core i5-12500H/16GB/512GB SSD/RTX 4060/15.6"" is a laptop by Gigabyte. Processor: i5-12500H (Intel generation 12). It has 16 GB RAM and 512 GB SSD storage. Dedicated graphics: RTX 4060. The screen is 15.6 inches. Listed price: 1109 EUR."
156,"HP ChromeBook 14b-na0017ns AMD Ryzen 3 3250C/8GB/128GB SSD/14""",HP,Chromebook,AMD Ryzen 3,AMD,Ryzen 3,8.0,128.0,SSD,,False,14.0,False,EUR,,,False,Ryzen 3 3250C,,,579.01,"HP ChromeBook 14b-na0017ns AMD Ryzen 3 3250C/8GB/128GB SSD/14"" is a laptop by HP. Processor: Ryzen 3 3250C. It has 8 GB RAM and 128 GB SSD storage. The screen is 14 inches. Listed price: 579 EUR."
157,"Dell Vostro 3510 Intel Core i3-1115G4/8 GB/256GB SSD/15.6""",Dell,Vostro,Intel Core i3,Intel,Core i3,8.0,256.0,SSD,,False,15.6,False,EUR,,,False,i3-1115G4,11.0,,599.0,"Dell Vostro 3510 Intel Core i3-1115G4/8 GB/256GB SSD/15.6"" is a laptop by Dell. Processor: i3-1115G4 (Intel generation 11). It has 8 GB RAM and 256 GB SSD storage. The screen is 15.6 inches. Listed price: 599 EUR."
158,"ASUS TUF Gaming A15 2023 FA507NV-LP031W AMD Ryzen 7 7735HS/16GB/512GB SSD/RTX 4060/15.6""",ASUS,TUF,AMD Ryzen 7,AMD,Ryzen 7,16.0,512.0,SSD,RTX 4060,True,15.6,False,EUR,,,False,Ryzen 7 7735HS,,RTX 4060,1349.0,"ASUS TUF Gaming A15 2023 FA507NV-LP031W AMD Ryzen 7 7735HS/16GB/512GB SSD/RTX 4060/15.6"" is a laptop by ASUS. Processor: Ryzen 7 7735HS. It has 16 GB RAM and 512 GB SSD storage. Dedicated graphics: RTX 4060. The screen is 15.6 inches. Listed price: 1349 EUR."
159,"MSI Thin GF63 12UDX-042XES Intel Core i5-12450H/16GB/512GB SSD/RTX 3050/15.6""",MSI,Thin,Intel Core i5,Intel,Core i5,16.0,512.0,SSD,RTX 3050,True,15.6,False,EUR,,,False,i5-12450H,12.0,RTX 3050,999.0,"MSI Thin GF63 12UDX-042XES Intel Core i5-12450H/16GB/512GB SSD/RTX 3050/15.6"" is a laptop by MSI. Processor: i5-12450H (Intel generation 12). It has 16 GB RAM and 512 GB SSD storage. Dedicated graphics: RTX 3050. The screen is 15.6 inches. Listed price: 999 EUR."
160,"Lenovo Ideapad Gaming 3 Gen 6 Intel Core i5-11320H/16GB/512GB SSD/GTX 1650/15.6""",Lenovo,IdeaPad,Intel Core i5,Intel,Core i5,16.0,512.0,SSD,GTX 1650,True,15.6,False,EUR,,,False,i5-11320H,11.0,GTX 1650,829.01,"Lenovo Ideapad Gaming 3 Gen 6 Intel Core i5-11320H/16GB/512GB SSD/GTX 1650/15.6"" is a laptop by Lenovo. Processor: i5-11320H (Intel generation 11). It has 16 GB RAM and 512 GB SSD storage. Dedicated graphics: GTX 1650. The screen is 15.6 inches. Listed price: 829 EUR."
161,"Lenovo Legion 5 15IAH7H Intel Core i7-12700H/16GB/1TB SSD/RTX3060/15.6""",Lenovo,Legion,Intel Core i7,Intel,Core i7,16.0,1000.0,SSD,RTX 3060,True,15.6,False,EUR,,,False,i7-12700H,12.0,RTX 3060,1569.01,"Lenovo Legion 5 15IAH7H Intel Core i7-12700H/16GB/1TB SSD/RTX3060/15.6"" is a laptop by Lenovo. Processor: i7-12700H (Intel generation 12). It has 16 GB RAM and 1000 GB SSD storage. Dedicated graphics: RTX 3060. The screen is 15.6 inches. Listed price: 1569 EUR."
162,"HP 15S-EQ2086NS AMD Ryzen 3 5300U/8GB/512GB SSD/15.6""",HP,15S,AMD Ryzen 3,AMD,Ryzen 3,8.0,512.0,SSD,,False,15.6,False,EUR,,,False,Ryzen 3 5300U,,,479.0,"HP 15S-EQ2086NS AMD Ryzen 3 5300U/8GB/512GB SSD/15.6"" is a laptop by HP. Processor: Ryzen 3 5300U. It has 8 GB RAM and 512 GB SSD storage. The screen is 15.6 inches. Listed price: 479 EUR."
163,"HP Essential 255 G8 AMD 3020e/8GB/256GB SSD/15.6""",HP,255,AMD 3020e,AMD,,8.0,256.0,SSD,,False,15.6,False,EUR,,,False,,,,339.0,"HP Essential 255 G8 AMD 3020e/8GB/256GB SSD/15.6"" is a laptop by HP. Processor: AMD 3020e. It has 8 GB RAM and 256 GB SSD storage. The screen is 15.6 inches. Listed price: 339 EUR."
164,"Lenovo IdeaPad Gaming 3 15ACH6 AMD Ryzen 5 5600H/16 GB/512 GB SSD/GTX 1650/15.6""",Lenovo,IdeaPad,AMD Ryzen 5,AMD,Ryzen 5,16.0,512.0,SSD,GTX 1650,True,15.6,False,EUR,,,False,Ryzen 5 5600H,,GTX 1650,779.01,"Lenovo IdeaPad Gaming 3 15ACH6 AMD Ryzen 5 5600H/16 GB/512 GB SSD/GTX 1650/15.6"" is a laptop by Lenovo. Processor: Ryzen 5 5600H. It has 16 GB RAM and 512 GB SSD storage. Dedicated graphics: GTX 1650. The screen is 15.6 inches. Listed price: 779 EUR."
165,"Medion Akoya E14301 AMD Ryzen 5 3500U/4GB/256GB SSD/14""",Medion,Akoya,AMD Ryzen 5,AMD,Ryzen 5,4.0,256.0,SSD,,False,14.0,False,EUR,,,False,Ryzen 5 3500U,,,499.0,"Medion Akoya E14301 AMD Ryzen 5 3500U/4GB/256GB SSD/14"" is a laptop by Medion. Processor: Ryzen 5 3500U. It has 4 GB RAM and 256 GB SSD storage. The screen is 14 inches. Listed price: 499 EUR."
166,"ASUS Vivobook 14 F1402ZA-EK610 Intel Core i3-1215U/8GB/256GB SSD/14""",ASUS,VivoBook,Intel Core i3,Intel,Core i3,8.0,256.0,SSD,,False,14.0,False,EUR,,,False,i3-1215U,12.0,,459.0,"ASUS Vivobook 14 F1402ZA-EK610 Intel Core i3-1215U/8GB/256GB SSD/14"" is a laptop by ASUS. Processor: i3-1215U (Intel generation 12). It has 8 GB RAM and 256 GB SSD storage. The screen is 14 inches. Listed price: 459 EUR."
167,"MSI Modern 15 B13M-280XES Intel Core i5-1335U/16GB/512GB SSD/15.6""",MSI,Modern,Intel Core i5,Intel,Core i5,16.0,512.0,SSD,,False,15.6,False,EUR,,,False,i5-1335U,13.0,,819.0,"MSI Modern 15 B13M-280XES Intel Core i5-1335U/16GB/512GB SSD/15.6"" is a laptop by MSI. Processor: i5-1335U (Intel generation 13). It has 16 GB RAM and 512 GB SSD storage. The screen is 15.6 inches. Listed price: 819 EUR."
168,"HP 15S-eq2091ns AMD Ryzen 7 5700U/12GB/512GB SSD/15.6""",HP,15S,AMD Ryzen 7,AMD,Ryzen 7,12.0,512.0,SSD,,False,15.6,False,EUR,,,False,Ryzen 7 5700U,,,749.0,"HP 15S-eq2091ns AMD Ryzen 7 5700U/12GB/512GB SSD/15.6"" is a laptop by HP. Processor: Ryzen 7 5700U. It has 12 GB RAM and 512 GB SSD storage. The screen is 15.6 inches. Listed price: 749 EUR."
169,"Lenovo Ideapad Duet 5 Chromebook Qualcomm Snapdragon 7c/8GB/128GB eMMC/13.3"" Táctil",Lenovo,IdeaPad,Qualcomm Snapdragon 7,Qualcomm,Snapdragon,8.0,128.0,eMMC,,False,13.3,True,EUR,,,False,,,,599.0,"Lenovo Ideapad Duet 5 Chromebook Qualcomm Snapdragon 7c/8GB/128GB eMMC/13.3"" Táctil is a laptop by Lenovo. Processor: Qualcomm Snapdragon 7. It has 8 GB RAM and 128 GB eMMC storage. The screen is 13.3 inches, touchscreen. Listed price: 599 EUR."
170,"Acer Nitro 5 AN515-47-R5K6 AMD Ryzen 5 7535HS/16GB/1TB SSD/RTX 3050Ti/15.6""",Acer,Nitro,AMD Ryzen 5,AMD,Ryzen 5,16.0,1000.0,SSD,RTX 3050,True,15.6,False,EUR,,,False,Ryzen 5 7535HS,,RTX 3050,1199.0,"Acer Nitro 5 AN515-47-R5K6 AMD Ryzen 5 7535HS/16GB/1TB SSD/RTX 3050Ti/15.6"" is a laptop by Acer. Processor: Ryzen 5 7535HS. It has 16 GB RAM and 1000 GB SSD storage. Dedicated graphics: RTX 3050. The screen is 15.6 inches. Listed price: 1199 EUR."
171,"Lenovo V15 G2 ITL Intel Core i3-1115G4/8 GB/512 GB SSD/15.6""",Lenovo,V15,Intel Core i3,Intel,Core i3,8.0,512.0,SSD,,False,15.6,False,EUR,,,False,i3-1115G4,11.0,,449.0,"Lenovo V15 G2 ITL Intel Core i3-1115G4/8 GB/512 GB SSD/15.6"" is a laptop by Lenovo. Processor: i3-1115G4 (Intel generation 11). It has 8 GB RAM and 512 GB SSD storage. The screen is 15.6 inches. Listed price: 449 EUR."
172,"MSI Prestige 16 Studio A13VF-042XES Intel Core i7-13700H/32GB/1TB SSD/RTX 4060/16""",MSI,Prestige,Intel Core i7,Intel,Core i7,32.0,1000.0,SSD,RTX 4060,True,16.0,False,EUR,,,False,i7-13700H,13.0,RTX 4060,1999.0,"MSI Prestige 16 Studio A13VF-042XES Intel Core i7-13700H/32GB/1TB SSD/RTX 4060/16"" is a laptop by MSI. Processor: i7-13700H (Intel generation 13). It has 32 GB RAM and 1000 GB SSD storage. Dedicated graphics: RTX 4060. The screen is 16 inches. Listed price: 1999 EUR."
173,"HP 15S-EQ1158NS AMD 3020e/4GB/128GB SSD/15.6""",HP,15S,AMD 3020e,AMD,,4.0,128.0,SSD,,False,15.6,False,EUR,,,False,,,,379.0,"HP 15S-EQ1158NS AMD 3020e/4GB/128GB SSD/15.6"" is a laptop by HP. Processor: AMD 3020e. It has 4 GB RAM and 128 GB SSD storage. The screen is 15.6 inches. Listed price: 379 EUR."
174,"Lenovo IdeaPad 3 15ITL6 Intel Core i3-1115G4/8GB/256GB SSD/15.6"" Azul",Lenovo,IdeaPad,Intel Core i3,Intel,Core i3,8.0,256.0,SSD,,False,15.6,False,EUR,,,False,i3-1115G4,11.0,,529.0,"Lenovo IdeaPad 3 15ITL6 Intel Core i3-1115G4/8GB/256GB SSD/15.6"" Azul is a laptop by Lenovo. Processor: i3-1115G4 (Intel generation 11). It has 8 GB RAM and 256 GB SSD storage. The screen is 15.6 inches. Listed price: 529 EUR."
175,"LG Gram 17Z90R-G.AA75B Intel Evo Core i7-1360P/16GB/512GB SSD/17""",LG,Gram,Intel Evo Core i7,Intel,Core i7,16.0,512.0,SSD,,False,17.0,False,EUR,,,False,i7-1360P,13.0,,1799.0,"LG Gram 17Z90R-G.AA75B Intel Evo Core i7-1360P/16GB/512GB SSD/17"" is a laptop by LG. Processor: i7-1360P (Intel generation 13). It has 16 GB RAM and 512 GB SSD storage. The screen is 17 inches. Listed price: 1799 EUR."
176,"MSI Prestige 16 Studio A13VE-045XES Intel Core i7-13700H/32GB/1TB SSD/RTX 4050/16""",MSI,Prestige,Intel Core i7,Intel,Core i7,32.0,1000.0,SSD,RTX 4050,True,16.0,False,EUR,,,False,i7-13700H,13.0,RTX 4050,1999.0,"MSI Prestige 16 Studio A13VE-045XES Intel Core i7-13700H/32GB/1TB SSD/RTX 4050/16"" is a laptop by MSI. Processor: i7-13700H (Intel generation 13). It has 32 GB RAM and 1000 GB SSD storage. Dedicated graphics: RTX 4050. The screen is 16 inches. Listed price: 1999 EUR."
177,"ASUS E410MA-EK1356WS Intel Celeron N4020/4GB/64GB eMMC/14""",ASUS,E410,Intel Celeron,Intel,Celeron,4.0,64.0,eMMC,,False,14.0,False,EUR,,,False,Celeron N4020,,,349.0,"ASUS E410MA-EK1356WS Intel Celeron N4020/4GB/64GB eMMC/14"" is a laptop by ASUS. Processor: Celeron N4020. It has 4 GB RAM and 64 GB eMMC storage. The screen is 14 inches. Listed price: 349 EUR."
178,"HP OMEN 17-cm2003ns Intel Core i7-13700HX/32GB/1TB SSD/RTX 4060/17.3""",HP,Omen,Intel Core i7,Intel,Core i7,32.0,1000.0,SSD,RTX 4060,True,17.3,False,EUR,,,False,i7-13700HX,13.0,RTX 4060,1799.0,"HP OMEN 17-cm2003ns Intel Core i7-13700HX/32GB/1TB SSD/RTX 4060/17.3"" is a laptop by HP. Processor: i7-13700HX (Intel generation 13). It has 32 GB RAM and 1000 GB SSD storage. Dedicated graphics: RTX 4060. The screen is 17.3 inches. Listed price: 1799 EUR."
179,"Medion Akoya E16401 MD62264 Intel Core i5-1135G7/8GB/512GB SSD/16.1""",Medion,Akoya,Intel Core i5,Intel,Core i5,8.0,512.0,SSD,,False,16.1,False,EUR,,,False,i5-1135G7,11.0,,499.0,"Medion Akoya E16401 MD62264 Intel Core i5-1135G7/8GB/512GB SSD/16.1"" is a laptop by Medion. Processor: i5-1135G7 (Intel generation 11). It has 8 GB RAM and 512 GB SSD storage. The screen is 16.1 inches. Listed price: 499 EUR."
180,"Lenovo V15 G2 ALC AMD Ryzen 3 5300U/8 GB/256 GB SSD/15.6""",Lenovo,V15,AMD Ryzen 3,AMD,Ryzen 3,8.0,256.0,SSD,,False,15.6,False,EUR,,,False,Ryzen 3 5300U,,,399.0,"Lenovo V15 G2 ALC AMD Ryzen 3 5300U/8 GB/256 GB SSD/15.6"" is a laptop by Lenovo. Processor: Ryzen 3 5300U. It has 8 GB RAM and 256 GB SSD storage. The screen is 15.6 inches. Listed price: 399 EUR."
181,"ASUS ZenBook 14 OLED UM3402YA-KM512WS AMD Ryzen 7 7730U/16GB/512GB SSD/14""",ASUS,ZenBook,AMD Ryzen 7,AMD,Ryzen 7,16.0,512.0,SSD,,False,14.0,False,EUR,,,False,Ryzen 7 7730U,,,1149.0,"ASUS ZenBook 14 OLED UM3402YA-KM512WS AMD Ryzen 7 7730U/16GB/512GB SSD/14"" is a laptop by ASUS. Processor: Ryzen 7 7730U. It has 16 GB RAM and 512 GB SSD storage. The screen is 14 inches. Listed price: 1149 EUR."
182,"Acer Aspire 3 A315-58-32EE Intel Core i3-1115G4/8GB/512GB SSD/15.6""",Acer,Aspire,Intel Core i3,Intel,Core i3,8.0,512.0,SSD,,False,15.6,False,EUR,,,False,i3-1115G4,11.0,,499.0,"Acer Aspire 3 A315-58-32EE Intel Core i3-1115G4/8GB/512GB SSD/15.6"" is a laptop by Acer. Processor: i3-1115G4 (Intel generation 11). It has 8 GB RAM and 512 GB SSD storage. The screen is 15.6 inches. Listed price: 499 EUR."
183,"ASUS Chromebook Vibe CX55 Flip CX5501FEA-NA0271 Intel Core i3-1115G4/8GB/256GB SSD/15.6"" Táctil",ASUS,Chromebook,Intel Core i3,Intel,Core i3,8.0,256.0,SSD,,False,15.6,True,EUR,,,False,i3-1115G4,11.0,,699.0,"ASUS Chromebook Vibe CX55 Flip CX5501FEA-NA0271 Intel Core i3-1115G4/8GB/256GB SSD/15.6"" Táctil is a laptop by ASUS. Processor: i3-1115G4 (Intel generation 11). It has 8 GB RAM and 256 GB SSD storage. The screen is 15.6 inches, touchscreen. Listed price: 699 EUR."
184,"MSI Stealth 17 Studio A13VG-017ES Intel Core i7-13700H/32GB/1TB SSD/RTX 4070/17.3""",MSI,Stealth,Intel Core i7,Intel,Core i7,32.0,1000.0,SSD,RTX 4070,True,17.3,False,EUR,,,False,i7-13700H,13.0,RTX 4070,2949.0,"MSI Stealth 17 Studio A13VG-017ES Intel Core i7-13700H/32GB/1TB SSD/RTX 4070/17.3"" is a laptop by MSI. Processor: i7-13700H (Intel generation 13). It has 32 GB RAM and 1000 GB SSD storage. Dedicated graphics: RTX 4070. The screen is 17.3 inches. Listed price: 2949 EUR."
185,"ASUS Vivobook 17 F1704VA-AU083W Intel Core i5-1335U/16GB/512GB SSD/17.3""",ASUS,VivoBook,Intel Core i5,Intel,Core i5,16.0,512.0,SSD,,False,17.3,False,EUR,,,False,i5-1335U,13.0,,899.0,"ASUS Vivobook 17 F1704VA-AU083W Intel Core i5-1335U/16GB/512GB SSD/17.3"" is a laptop by ASUS. Processor: i5-1335U (Intel generation 13). It has 16 GB RAM and 512 GB SSD storage. The screen is 17.3 inches. Listed price: 899 EUR."
186,"HP Victus 16-e1007ns AMD Ryzen 7 6800H/16GB/512GB SSD/RTX 3050/16.1""",HP,Victus,AMD Ryzen 7,AMD,Ryzen 7,16.0,512.0,SSD,RTX 3050,True,16.1,False,EUR,,,False,Ryzen 7 6800H,,RTX 3050,1099.0,"HP Victus 16-e1007ns AMD Ryzen 7 6800H/16GB/512GB SSD/RTX 3050/16.1"" is a laptop by HP. Processor: Ryzen 7 6800H. It has 16 GB RAM and 512 GB SSD storage. Dedicated graphics: RTX 3050. The screen is 16.1 inches. Listed price: 1099 EUR."
187,"MSI Pulse 17 B13VGK-085XES Intel Core i7-13700H/16GB/1TB SSD/RTX 4070/17.3""",MSI,Pulse,Intel Core i7,Intel,Core i7,16.0,1000.0,SSD,RTX 4070,True,17.3,False,EUR,,,False,i7-13700H,13.0,RTX 4070,2099.0,"MSI Pulse 17 B13VGK-085XES Intel Core i7-13700H/16GB/1TB SSD/RTX 4070/17.3"" is a laptop by MSI. Processor: i7-13700H (Intel generation 13). It has 16 GB RAM and 1000 GB SSD storage. Dedicated graphics: RTX 4070. The screen is 17.3 inches. Listed price: 2099 EUR."
188,"ASUS ExpertBook B1500CEAE-EJ3535X Intel Core i7-1165G7/16GB/512GB SSD/15.6""",ASUS,ExpertBook,Intel Core i7,Intel,Core i7,16.0,512.0,SSD,,False,15.6,False,EUR,,,False,i7-1165G7,11.0,,1049.0,"ASUS ExpertBook B1500CEAE-EJ3535X Intel Core i7-1165G7/16GB/512GB SSD/15.6"" is a laptop by ASUS. Processor: i7-1165G7 (Intel generation 11). It has 16 GB RAM and 512 GB SSD storage. The screen is 15.6 inches. Listed price: 1049 EUR."
189,"Medion Akoya E15301 AMD Ryzen 7 3700U/8 GB/512GB SSD/15.6""",Medion,Akoya,AMD Ryzen 7,AMD,Ryzen 7,8.0,512.0,SSD,,False,15.6,False,EUR,,,False,Ryzen 7 3700U,,,499.0,"Medion Akoya E15301 AMD Ryzen 7 3700U/8 GB/512GB SSD/15.6"" is a laptop by Medion. Processor: Ryzen 7 3700U. It has 8 GB RAM and 512 GB SSD storage. The screen is 15.6 inches. Listed price: 499 EUR."
190,"ASUS Vivobook 14 F1402ZA-EK611W Intel Core i5-1235U/8GB/512GB SSD/14""",ASUS,VivoBook,Intel Core i5,Intel,Core i5,8.0,512.0,SSD,,False,14.0,False,EUR,,,False,i5-1235U,12.0,,719.01,"ASUS Vivobook 14 F1402ZA-EK611W Intel Core i5-1235U/8GB/512GB SSD/14"" is a laptop by ASUS. Processor: i5-1235U (Intel generation 12). It has 8 GB RAM and 512 GB SSD storage. The screen is 14 inches. Listed price: 719 EUR."
191,"Razer Blade 15 QHD Intel Core i7-12800H/16GB/1TB SSD/RTX 3060/15.6""",Razer,Blade,Intel Core i7,Intel,Core i7,16.0,1000.0,SSD,RTX 3060,True,15.6,False,EUR,,,False,i7-12800H,12.0,RTX 3060,2799.99,"Razer Blade 15 QHD Intel Core i7-12800H/16GB/1TB SSD/RTX 3060/15.6"" is a laptop by Razer. Processor: i7-12800H (Intel generation 12). It has 16 GB RAM and 1000 GB SSD storage. Dedicated graphics: RTX 3060. The screen is 15.6 inches. Listed price: 2800 EUR."
192,"ASUS Chromebook CX1700CKA-BX0079 Intel Celeron N4500/8GB/64GB eMMC/17.3""",ASUS,Chromebook,Intel Celeron,Intel,Celeron,8.0,64.0,eMMC,,False,17.3,False,EUR,,,False,Celeron N4500,,,429.0,"ASUS Chromebook CX1700CKA-BX0079 Intel Celeron N4500/8GB/64GB eMMC/17.3"" is a laptop by ASUS. Processor: Celeron N4500. It has 8 GB RAM and 64 GB eMMC storage. The screen is 17.3 inches. Listed price: 429 EUR."
193,"ASUS VivoBook F1500EA-BQ2649W Intel Core i3-1115G4/8GB/512GB SSD/15.6""",ASUS,VivoBook,Intel Core i3,Intel,Core i3,8.0,512.0,SSD,,False,15.6,False,EUR,,,False,i3-1115G4,11.0,,499.0,"ASUS VivoBook F1500EA-BQ2649W Intel Core i3-1115G4/8GB/512GB SSD/15.6"" is a laptop by ASUS. Processor: i3-1115G4 (Intel generation 11). It has 8 GB RAM and 512 GB SSD storage. The screen is 15.6 inches. Listed price: 499 EUR."
194,HP Omen 16-b1016ns Intel Core i7-12700H/16GB/1TB SSD/RTX 3060/16.1'',HP,Omen,Intel Core i7,Intel,Core i7,16.0,1000.0,SSD,RTX 3060,True,16.1,False,EUR,,,False,i7-12700H,12.0,RTX 3060,1599.0,HP Omen 16-b1016ns Intel Core i7-12700H/16GB/1TB SSD/RTX 3060/16.1'' is a laptop by HP. Processor: i7-12700H (Intel generation 12). It has 16 GB RAM and 1000 GB SSD storage. Dedicated graphics: RTX 3060. The screen is 16.1 inches. Listed price: 1599 EUR.
195,"Lenovo IdeaPad Gaming 3 15ACH6 AMD Ryzen 7 5800H/16 GB/512GB SSD/RTX3050/15.6""",Lenovo,IdeaPad,AMD Ryzen 7,AMD,Ryzen 7,16.0,512.0,SSD,RTX 3050,True,15.6,False,EUR,,,False,Ryzen 7 5800H,,RTX 3050,1079.01,"Lenovo IdeaPad Gaming 3 15ACH6 AMD Ryzen 7 5800H/16 GB/512GB SSD/RTX3050/15.6"" is a laptop by Lenovo. Processor: Ryzen 7 5800H. It has 16 GB RAM and 512 GB SSD storage. Dedicated graphics: RTX 3050. The screen is 15.6 inches. Listed price: 1079 EUR."
196,"ASUS ZenBook 14 OLED UM3402YA-KM091 AMD Ryzen 5 5625U/16GB/512GB SSD/14""",ASUS,ZenBook,AMD Ryzen 5,AMD,Ryzen 5,16.0,512.0,SSD,,False,14.0,False,EUR,,,False,Ryzen 5 5625U,,,999.0,"ASUS ZenBook 14 OLED UM3402YA-KM091 AMD Ryzen 5 5625U/16GB/512GB SSD/14"" is a laptop by ASUS. Processor: Ryzen 5 5625U. It has 16 GB RAM and 512 GB SSD storage. The screen is 14 inches. Listed price: 999 EUR."
197,"MSI Bravo 15 B5ED-019XES AMD Ryzen 5 5600H/8GB/512GB SSD/RX 6500M/15.6""",MSI,Bravo,AMD Ryzen 5,AMD,Ryzen 5,8.0,512.0,SSD,RX 6500M,True,15.6,False,EUR,,,False,Ryzen 5 5600H,,RX 6500M,869.0,"MSI Bravo 15 B5ED-019XES AMD Ryzen 5 5600H/8GB/512GB SSD/RX 6500M/15.6"" is a laptop by MSI. Processor: Ryzen 5 5600H. It has 8 GB RAM and 512 GB SSD storage. Dedicated graphics: RX 6500M. The screen is 15.6 inches. Listed price: 869 EUR."
198,"ASUS TUF Dash F15 FX517ZE-HN050 Intel Core i7-12650H/16GB/512GB SSD/RTX 3050Ti/15.6""",ASUS,TUF,Intel Core i7,Intel,Core i7,16.0,512.0,SSD,RTX 3050,True,15.6,False,EUR,,,False,i7-12650H,12.0,RTX 3050,1299.0,"ASUS TUF Dash F15 FX517ZE-HN050 Intel Core i7-12650H/16GB/512GB SSD/RTX 3050Ti/15.6"" is a laptop by ASUS. Processor: i7-12650H (Intel generation 12). It has 16 GB RAM and 512 GB SSD storage. Dedicated graphics: RTX 3050. The screen is 15.6 inches. Listed price: 1299 EUR."
199,MSI Stealth 15 A13VF-019XES Intel Core i7-13620H/16GB/1TB SSD/RTX 4060/15.6'',MSI,Stealth,Intel Core i7,Intel,Core i7,16.0,1000.0,SSD,RTX 4060,True,15.6,False,EUR,,,False,i7-13620H,13.0,RTX 4060,1799.0,MSI Stealth 15 A13VF-019XES Intel Core i7-13620H/16GB/1TB SSD/RTX 4060/15.6'' is a laptop by MSI. Processor: i7-13620H (Intel generation 13). It has 16 GB RAM and 1000 GB SSD storage. Dedicated graphics: RTX 4060. The screen is 15.6 inches. Listed price: 1799 EUR.
200,"MSI Katana GF66 12UE-1202XES Intel Core i7-12650H/16GB/512GB SSD/RTX 3060/15.6""",MSI,Katana,Intel Core i7,Intel,Core i7,16.0,512.0,SSD,RTX 3060,True,15.6,False,EUR,,,False,i7-12650H,12.0,RTX 3060,1299.0,"MSI Katana GF66 12UE-1202XES Intel Core i7-12650H/16GB/512GB SSD/RTX 3060/15.6"" is a laptop by MSI. Processor: i7-12650H (Intel generation 12). It has 16 GB RAM and 512 GB SSD storage. Dedicated graphics: RTX 3060. The screen is 15.6 inches. Listed price: 1299 EUR."
201,"MSI Modern 15 B13M-283ES Intel Core i7-1355U/16GB/1TB SSD/15.6""",MSI,Modern,Intel Core i7,Intel,Core i7,16.0,1000.0,SSD,,False,15.6,False,EUR,,,False,i7-1355U,13.0,,1169.01,"MSI Modern 15 B13M-283ES Intel Core i7-1355U/16GB/1TB SSD/15.6"" is a laptop by MSI. Processor: i7-1355U (Intel generation 13). It has 16 GB RAM and 1000 GB SSD storage. The screen is 15.6 inches. Listed price: 1169 EUR."
202,"ASUS Chromebook Vibe CX34 Flip CX3401FBA-N90030 Intel Core i5-1235U/8GB/256GB SSD/14"" Táctil",ASUS,Chromebook,Intel Core i5,Intel,Core i5,8.0,256.0,SSD,,False,14.0,True,EUR,,,False,i5-1235U,12.0,,899.0,"ASUS Chromebook Vibe CX34 Flip CX3401FBA-N90030 Intel Core i5-1235U/8GB/256GB SSD/14"" Táctil is a laptop by ASUS. Processor: i5-1235U (Intel generation 12). It has 8 GB RAM and 256 GB SSD storage. The screen is 14 inches, touchscreen. Listed price: 899 EUR."
203,"Lenovo ThinkBook 16 G4+ IAP Intel Core i5-1235U/16GB/512GB SSD/16""",Lenovo,ThinkBook,Intel Core i5,Intel,Core i5,16.0,512.0,SSD,,False,16.0,False,EUR,,,False,i5-1235U,12.0,,1089.0,"Lenovo ThinkBook 16 G4+ IAP Intel Core i5-1235U/16GB/512GB SSD/16"" is a laptop by Lenovo. Processor: i5-1235U (Intel generation 12). It has 16 GB RAM and 512 GB SSD storage. The screen is 16 inches. Listed price: 1089 EUR."
204,"ASUS ZenBook 14X OLED UM5401QA-L7177 AMD Ryzen 7 5800H/16GB/512GB SSD/14""",ASUS,ZenBook,AMD Ryzen 7,AMD,Ryzen 7,16.0,512.0,SSD,,False,14.0,False,EUR,,,False,Ryzen 7 5800H,,,1199.0,"ASUS ZenBook 14X OLED UM5401QA-L7177 AMD Ryzen 7 5800H/16GB/512GB SSD/14"" is a laptop by ASUS. Processor: Ryzen 7 5800H. It has 16 GB RAM and 512 GB SSD storage. The screen is 14 inches. Listed price: 1199 EUR."
205,"Gigabyte AERO 16 XE5-73ES938HP Intel Core i7-12700H/16GB/2TB SSD/RTX 3070Ti/16""",Gigabyte,Aero,Intel Core i7,Intel,Core i7,16.0,2000.0,SSD,RTX 3070,True,16.0,False,EUR,,,False,i7-12700H,12.0,RTX 3070,2899.0,"Gigabyte AERO 16 XE5-73ES938HP Intel Core i7-12700H/16GB/2TB SSD/RTX 3070Ti/16"" is a laptop by Gigabyte. Processor: i7-12700H (Intel generation 12). It has 16 GB RAM and 2000 GB SSD storage. Dedicated graphics: RTX 3070. The screen is 16 inches. Listed price: 2899 EUR."
206,"Apple Macbook Air 2023 Apple M2/8GB/256GB SSD/GPU Deca Core/15.3"" Medianoche",Apple,MacBook Air,Apple M2,Apple,Apple M2,8.0,256.0,SSD,,False,15.3,False,EUR,,,False,Apple M2,,,1599.0,"Apple Macbook Air 2023 Apple M2/8GB/256GB SSD/GPU Deca Core/15.3"" Medianoche is a laptop by Apple. Processor: Apple M2. It has 8 GB RAM and 256 GB SSD storage. The screen is 15.3 inches. Listed price: 1599 EUR."
207,"Acer Nitro 5 AN515-58-7571 Intel Core i7-12700H/16GB/512GB SSD/RTX 3060/15.6""",Acer,Nitro,Intel Core i7,Intel,Core i7,16.0,512.0,SSD,RTX 3060,True,15.6,False,EUR,,,False,i7-12700H,12.0,RTX 3060,1499.0,"Acer Nitro 5 AN515-58-7571 Intel Core i7-12700H/16GB/512GB SSD/RTX 3060/15.6"" is a laptop by Acer. Processor: i7-12700H (Intel generation 12). It has 16 GB RAM and 512 GB SSD storage. Dedicated graphics: RTX 3060. The screen is 15.6 inches. Listed price: 1499 EUR."
208,"MSI Prestige 16 Studio A13VE-046XES Intel Core i7-13700H/16GB/1TB SSD/RTX 4050/16""",MSI,Prestige,Intel Core i7,Intel,Core i7,16.0,1000.0,SSD,RTX 4050,True,16.0,False,EUR,,,False,i7-13700H,13.0,RTX 4050,1899.0,"MSI Prestige 16 Studio A13VE-046XES Intel Core i7-13700H/16GB/1TB SSD/RTX 4050/16"" is a laptop by MSI. Processor: i7-13700H (Intel generation 13). It has 16 GB RAM and 1000 GB SSD storage. Dedicated graphics: RTX 4050. The screen is 16 inches. Listed price: 1899 EUR."
209,"ASUS ZenBook 13 OLED UX325EA-KG744W Intel Evo Core i7-1165G7/16GB/512GB SSD/13.3""",ASUS,ZenBook,Intel Evo Core i7,Intel,Core i7,16.0,512.0,SSD,,False,13.3,False,EUR,,,False,i7-1165G7,11.0,,1199.0,"ASUS ZenBook 13 OLED UX325EA-KG744W Intel Evo Core i7-1165G7/16GB/512GB SSD/13.3"" is a laptop by ASUS. Processor: i7-1165G7 (Intel generation 11). It has 16 GB RAM and 512 GB SSD storage. The screen is 13.3 inches. Listed price: 1199 EUR."
210,"MSI Bravo 15 B5ED-018XES AMD Ryzen 7 5800H/16GB/512GB SSD/RX6500M/15.6""",MSI,Bravo,AMD Ryzen 7,AMD,Ryzen 7,16.0,512.0,SSD,RX 6500M,True,15.6,False,EUR,,,False,Ryzen 7 5800H,,RX 6500M,999.0,"MSI Bravo 15 B5ED-018XES AMD Ryzen 7 5800H/16GB/512GB SSD/RX6500M/15.6"" is a laptop by MSI. Processor: Ryzen 7 5800H. It has 16 GB RAM and 512 GB SSD storage. Dedicated graphics: RX 6500M. The screen is 15.6 inches. Listed price: 999 EUR."
211,"ASUS TUF Gaming A15 2023 FA507NU-LP045 AMD Ryzen 7 7735HS/16GB/512GB SSD/RTX 4050/15.6""",ASUS,TUF,AMD Ryzen 7,AMD,Ryzen 7,16.0,512.0,SSD,RTX 4050,True,15.6,False,EUR,,,False,Ryzen 7 7735HS,,RTX 4050,1139.01,"ASUS TUF Gaming A15 2023 FA507NU-LP045 AMD Ryzen 7 7735HS/16GB/512GB SSD/RTX 4050/15.6"" is a laptop by ASUS. Processor: Ryzen 7 7735HS. It has 16 GB RAM and 512 GB SSD storage. Dedicated graphics: RTX 4050. The screen is 15.6 inches. Listed price: 1139 EUR."
212,"HP Chromebook 15a-na0000ns Intel Celeron N4500/4GB/64GB eMMC/15.6""",HP,Chromebook,Intel Celeron,Intel,Celeron,4.0,64.0,eMMC,,False,15.6,False,EUR,,,False,Celeron N4500,,,376.0,"HP Chromebook 15a-na0000ns Intel Celeron N4500/4GB/64GB eMMC/15.6"" is a laptop by HP. Processor: Celeron N4500. It has 4 GB RAM and 64 GB eMMC storage. The screen is 15.6 inches. Listed price: 376 EUR."
213,"HP OMEN 17-cm2006ns Intel Core i7-13700HX/32GB/1TB SSD/RTX 4070/17.3""",HP,Omen,Intel Core i7,Intel,Core i7,32.0,1000.0,SSD,RTX 4070,True,17.3,False,EUR,,,False,i7-13700HX,13.0,RTX 4070,1999.0,"HP OMEN 17-cm2006ns Intel Core i7-13700HX/32GB/1TB SSD/RTX 4070/17.3"" is a laptop by HP. Processor: i7-13700HX (Intel generation 13). It has 32 GB RAM and 1000 GB SSD storage. Dedicated graphics: RTX 4070. The screen is 17.3 inches. Listed price: 1999 EUR."
214,"Lenovo Yoga Slim 7 ProX 14IAH7 Intel Evo Core i5-12500H/16GB/512GB SSD/14.5""",Lenovo,Yoga,Intel Evo Core i5,Intel,Core i5,16.0,512.0,SSD,,False,14.5,False,EUR,,,False,i5-12500H,12.0,,1529.0,"Lenovo Yoga Slim 7 ProX 14IAH7 Intel Evo Core i5-12500H/16GB/512GB SSD/14.5"" is a laptop by Lenovo. Processor: i5-12500H (Intel generation 12). It has 16 GB RAM and 512 GB SSD storage. The screen is 14.5 inches. Listed price: 1529 EUR."
215,"ASUS ExpertBook B1 B1500CEAE-BQ2834X Intel Core i5-1135G7/16GB/512GB SSD/15.6""",ASUS,ExpertBook,Intel Core i5,Intel,Core i5,16.0,512.0,SSD,,False,15.6,False,EUR,,,False,i5-1135G7,11.0,,799.0,"ASUS ExpertBook B1 B1500CEAE-BQ2834X Intel Core i5-1135G7/16GB/512GB SSD/15.6"" is a laptop by ASUS. Processor: i5-1135G7 (Intel generation 11). It has 16 GB RAM and 512 GB SSD storage. The screen is 15.6 inches. Listed price: 799 EUR."
216,"MSI Pulse GL76 12UEK-827XES Intel Core i9-12900H/32GB/1TB SSD/RTX 3060/17.3""",MSI,Pulse,Intel Core i9,Intel,Core i9,32.0,1000.0,SSD,RTX 3060,True,17.3,False,EUR,,,False,i9-12900H,12.0,RTX 3060,1599.0,"MSI Pulse GL76 12UEK-827XES Intel Core i9-12900H/32GB/1TB SSD/RTX 3060/17.3"" is a laptop by MSI. Processor: i9-12900H (Intel generation 12). It has 32 GB RAM and 1000 GB SSD storage. Dedicated graphics: RTX 3060. The screen is 17.3 inches. Listed price: 1599 EUR."
217,"Acer Aspire 5 A515-57-51Q4 Intel Core i5-1235U/8GB/512GB SSD/MX550/15.6""",Acer,Aspire,Intel Core i5,Intel,Core i5,8.0,512.0,SSD,MX 550,True,15.6,False,EUR,,,False,i5-1235U,12.0,MX 550,1209.01,"Acer Aspire 5 A515-57-51Q4 Intel Core i5-1235U/8GB/512GB SSD/MX550/15.6"" is a laptop by Acer. Processor: i5-1235U (Intel generation 12). It has 8 GB RAM and 512 GB SSD storage. Dedicated graphics: MX 550. The screen is 15.6 inches. Listed price: 1209 EUR."
218,"Lenovo V15 G2 ITL Intel Core i7-1165G7/16 GB/512 GB SSD/15.6""",Lenovo,V15,Intel Core i7,Intel,Core i7,16.0,512.0,SSD,,False,15.6,False,EUR,,,False,i7-1165G7,11.0,,699.0,"Lenovo V15 G2 ITL Intel Core i7-1165G7/16 GB/512 GB SSD/15.6"" is a laptop by Lenovo. Processor: i7-1165G7 (Intel generation 11). It has 16 GB RAM and 512 GB SSD storage. The screen is 15.6 inches. Listed price: 699 EUR."
219,"Lenovo ThinkBook 14s Yoga G2 IAP Intel Core i5-1235U/8GB/256GB SSD/14"" Táctil",Lenovo,ThinkBook,Intel Core i5,Intel,Core i5,8.0,256.0,SSD,,False,14.0,True,EUR,,,False,i5-1235U,12.0,,1163.02,"Lenovo ThinkBook 14s Yoga G2 IAP Intel Core i5-1235U/8GB/256GB SSD/14"" Táctil is a laptop by Lenovo. Processor: i5-1235U (Intel generation 12). It has 8 GB RAM and 256 GB SSD storage. The screen is 14 inches, touchscreen. Listed price: 1163 EUR."
220,"ASUS P1512CEA-EJ0213X Intel Core i5-1135G7/8GB/256GB SSD/15.6""",ASUS,ExpertBook,Intel Core i5,Intel,Core i5,8.0,256.0,SSD,,False,15.6,False,EUR,,,False,i5-1135G7,11.0,,609.0,"ASUS P1512CEA-EJ0213X Intel Core i5-1135G7/8GB/256GB SSD/15.6"" is a laptop by ASUS. Processor: i5-1135G7 (Intel generation 11). It has 8 GB RAM and 256 GB SSD storage. The screen is 15.6 inches. Listed price: 609 EUR."
221,"ASUS VivoBook Flip TP470EA-EC402W Intel Core i5-1135G7/8GB/512GB SSD/14"" Táctil",ASUS,VivoBook,Intel Core i5,Intel,Core i5,8.0,512.0,SSD,,False,14.0,True,EUR,,,False,i5-1135G7,11.0,,899.0,"ASUS VivoBook Flip TP470EA-EC402W Intel Core i5-1135G7/8GB/512GB SSD/14"" Táctil is a laptop by ASUS. Processor: i5-1135G7 (Intel generation 11). It has 8 GB RAM and 512 GB SSD storage. The screen is 14 inches, touchscreen. Listed price: 899 EUR."
222,"Lenovo IdeaPad 5 Pro 14ITL6 Intel Core i7-1165G7/8GB/512GB SSD/14""",Lenovo,IdeaPad,Intel Core i7,Intel,Core i7,8.0,512.0,SSD,,False,14.0,False,EUR,,,False,i7-1165G7,11.0,,999.0,"Lenovo IdeaPad 5 Pro 14ITL6 Intel Core i7-1165G7/8GB/512GB SSD/14"" is a laptop by Lenovo. Processor: i7-1165G7 (Intel generation 11). It has 8 GB RAM and 512 GB SSD storage. The screen is 14 inches. Listed price: 999 EUR."
223,"MSI Stealth 14 Studio A13VG-047XES Intel Core i7-13700H/32GB/1TB SSD/RTX 4070/14""",MSI,Stealth,Intel Core i7,Intel,Core i7,32.0,1000.0,SSD,RTX 4070,True,14.0,False,EUR,,,False,i7-13700H,13.0,RTX 4070,2549.01,"MSI Stealth 14 Studio A13VG-047XES Intel Core i7-13700H/32GB/1TB SSD/RTX 4070/14"" is a laptop by MSI. Processor: i7-13700H (Intel generation 13). It has 32 GB RAM and 1000 GB SSD storage. Dedicated graphics: RTX 4070. The screen is 14 inches. Listed price: 2549 EUR."
224,"MSI Stealth 16 Studio A13VG-036XES Intel Core i7-13700H/32GB/1TB SSD/RTX 4070/16""",MSI,Stealth,Intel Core i7,Intel,Core i7,32.0,1000.0,SSD,RTX 4070,True,16.0,False,EUR,,,False,i7-13700H,13.0,RTX 4070,2599.01,"MSI Stealth 16 Studio A13VG-036XES Intel Core i7-13700H/32GB/1TB SSD/RTX 4070/16"" is a laptop by MSI. Processor: i7-13700H (Intel generation 13). It has 32 GB RAM and 1000 GB SSD storage. Dedicated graphics: RTX 4070. The screen is 16 inches. Listed price: 2599 EUR."
225,"Samsung Galaxy Book2 Pro Intel Core i7-1260P/16GB/512GB SSD/13.3""",Samsung,Galaxy Book,Intel Core i7,Intel,Core i7,16.0,512.0,SSD,,False,13.3,False,EUR,,,False,i7-1260P,12.0,,1549.0,"Samsung Galaxy Book2 Pro Intel Core i7-1260P/16GB/512GB SSD/13.3"" is a laptop by Samsung. Processor: i7-1260P (Intel generation 12). It has 16 GB RAM and 512 GB SSD storage. The screen is 13.3 inches. Listed price: 1549 EUR."
226,"ASUS ExpertBook P1512CEA-EJ0084X Intel Core i7-1165G7/8GB/512GB SSD/15.6""",ASUS,ExpertBook,Intel Core i7,Intel,Core i7,8.0,512.0,SSD,,False,15.6,False,EUR,,,False,i7-1165G7,11.0,,849.0,"ASUS ExpertBook P1512CEA-EJ0084X Intel Core i7-1165G7/8GB/512GB SSD/15.6"" is a laptop by ASUS. Processor: i7-1165G7 (Intel generation 11). It has 8 GB RAM and 512 GB SSD storage. The screen is 15.6 inches. Listed price: 849 EUR."
227,"MSI Modern 14 C12M-030XES Intel Core i5-1235U/16GB/512GB SSD/14""",MSI,Modern,Intel Core i5,Intel,Core i5,16.0,512.0,SSD,,False,14.0,False,EUR,,,False,i5-1235U,12.0,,699.0,"MSI Modern 14 C12M-030XES Intel Core i5-1235U/16GB/512GB SSD/14"" is a laptop by MSI. Processor: i5-1235U (Intel generation 12). It has 16 GB RAM and 512 GB SSD storage. The screen is 14 inches. Listed price: 699 EUR."
228,"Lenovo V15 G2 ITL Intel Core i3-1115G4/8 GB/256 GB SSD/15.6""",Lenovo,V15,Intel Core i3,Intel,Core i3,8.0,256.0,SSD,,False,15.6,False,EUR,,,False,i3-1115G4,11.0,,345.0,"Lenovo V15 G2 ITL Intel Core i3-1115G4/8 GB/256 GB SSD/15.6"" is a laptop by Lenovo. Processor: i3-1115G4 (Intel generation 11). It has 8 GB RAM and 256 GB SSD storage. The screen is 15.6 inches. Listed price: 345 EUR."
229,"Apple Macbook Pro Apple M2/8GB/256GB SSD/GPU Deca Core/13.3"" Gris Espacial",Apple,MacBook Pro,Apple M2,Apple,Apple M2,8.0,256.0,SSD,,False,13.3,False,EUR,,,False,Apple M2,,,1619.0,"Apple Macbook Pro Apple M2/8GB/256GB SSD/GPU Deca Core/13.3"" Gris Espacial is a laptop by Apple. Processor: Apple M2. It has 8 GB RAM and 256 GB SSD storage. The screen is 13.3 inches. Listed price: 1619 EUR."
230,"ASUS TUF Gaming F15 FX507ZU4-LP040 Intel Core i7-12700H/16GB/512GB SSD/RTX 4050/15.6""",ASUS,TUF,Intel Core i7,Intel,Core i7,16.0,512.0,SSD,RTX 4050,True,15.6,False,EUR,,,False,i7-12700H,12.0,RTX 4050,1519.01,"ASUS TUF Gaming F15 FX507ZU4-LP040 Intel Core i7-12700H/16GB/512GB SSD/RTX 4050/15.6"" is a laptop by ASUS. Processor: i7-12700H (Intel generation 12). It has 16 GB RAM and 512 GB SSD storage. Dedicated graphics: RTX 4050. The screen is 15.6 inches. Listed price: 1519 EUR."
231,"Acer Nitro 5 AN515-45-R6CN AMD Ryzen 7 5800H/32GB/1TB SSD/RTX 3080/15.6""",Acer,Nitro,AMD Ryzen 7,AMD,Ryzen 7,32.0,1000.0,SSD,RTX 3080,True,15.6,False,EUR,,,False,Ryzen 7 5800H,,RTX 3080,2299.0,"Acer Nitro 5 AN515-45-R6CN AMD Ryzen 7 5800H/32GB/1TB SSD/RTX 3080/15.6"" is a laptop by Acer. Processor: Ryzen 7 5800H. It has 32 GB RAM and 1000 GB SSD storage. Dedicated graphics: RTX 3080. The screen is 15.6 inches. Listed price: 2299 EUR."
232,"Razer Blade 17 QHD 240Hz Intel Core i7-12800H/16GB/1TB SSD/RTX 3060/17.3""",Razer,Blade,Intel Core i7,Intel,Core i7,16.0,1000.0,SSD,RTX 3060,True,17.3,False,EUR,,,False,i7-12800H,12.0,RTX 3060,3099.99,"Razer Blade 17 QHD 240Hz Intel Core i7-12800H/16GB/1TB SSD/RTX 3060/17.3"" is a laptop by Razer. Processor: i7-12800H (Intel generation 12). It has 16 GB RAM and 1000 GB SSD storage. Dedicated graphics: RTX 3060. The screen is 17.3 inches. Listed price: 3100 EUR."
233,"Lenovo V15 G2 ITL Intel Core i3-1115G4/8 GB/512GB SSD/15.6""",Lenovo,V15,Intel Core i3,Intel,Core i3,8.0,512.0,SSD,,False,15.6,False,EUR,,,False,i3-1115G4,11.0,,479.0,"Lenovo V15 G2 ITL Intel Core i3-1115G4/8 GB/512GB SSD/15.6"" is a laptop by Lenovo. Processor: i3-1115G4 (Intel generation 11). It has 8 GB RAM and 512 GB SSD storage. The screen is 15.6 inches. Listed price: 479 EUR."
234,"HP 250 G9 Intel Core i5-1235U/16GB/512GB SSD/15.6""",HP,250,Intel Core i5,Intel,Core i5,16.0,512.0,SSD,,False,15.6,False,EUR,,,False,i5-1235U,12.0,,629.01,"HP 250 G9 Intel Core i5-1235U/16GB/512GB SSD/15.6"" is a laptop by HP. Processor: i5-1235U (Intel generation 12). It has 16 GB RAM and 512 GB SSD storage. The screen is 15.6 inches. Listed price: 629 EUR."
235,"Lenovo V15 G2 ALC AMD Ryzen 5 5500U/16GB/512GB SSD/15.6""",Lenovo,V15,AMD Ryzen 5,AMD,Ryzen 5,16.0,512.0,SSD,,False,15.6,False,EUR,,,False,Ryzen 5 5500U,,,475.0,"Lenovo V15 G2 ALC AMD Ryzen 5 5500U/16GB/512GB SSD/15.6"" is a laptop by Lenovo. Processor: Ryzen 5 5500U. It has 16 GB RAM and 512 GB SSD storage. The screen is 15.6 inches. Listed price: 475 EUR."
236,"ASUS TUF Gaming F15 FX507ZV4-LP047 Intel Core i7-12700H/16GB/1TB SSD/RTX 4060/15.6""",ASUS,TUF,Intel Core i7,Intel,Core i7,16.0,1000.0,SSD,RTX 4060,True,15.6,False,EUR,,,False,i7-12700H,12.0,RTX 4060,1799.0,"ASUS TUF Gaming F15 FX507ZV4-LP047 Intel Core i7-12700H/16GB/1TB SSD/RTX 4060/15.6"" is a laptop by ASUS. Processor: i7-12700H (Intel generation 12). It has 16 GB RAM and 1000 GB SSD storage. Dedicated graphics: RTX 4060. The screen is 15.6 inches. Listed price: 1799 EUR."
237,"Lenovo V15 G2 ITL Intel Core i3-1115G4/8 GB/256GB SSD/15.6""",Lenovo,V15,Intel Core i3,Intel,Core i3,8.0,256.0,SSD,,False,15.6,False,EUR,,,False,i3-1115G4,11.0,,449.0,"Lenovo V15 G2 ITL Intel Core i3-1115G4/8 GB/256GB SSD/15.6"" is a laptop by Lenovo. Processor: i3-1115G4 (Intel generation 11). It has 8 GB RAM and 256 GB SSD storage. The screen is 15.6 inches. Listed price: 449 EUR."
238,"Acer Nitro 5 AN515-47-R6UV AMD Ryzen 7 7735HS/16GB/1TB SSD/RTX 3050Ti/15.6""",Acer,Nitro,AMD Ryzen 7,AMD,Ryzen 7,16.0,1000.0,SSD,RTX 3050,True,15.6,False,EUR,,,False,Ryzen 7 7735HS,,RTX 3050,1299.01,"Acer Nitro 5 AN515-47-R6UV AMD Ryzen 7 7735HS/16GB/1TB SSD/RTX 3050Ti/15.6"" is a laptop by Acer. Processor: Ryzen 7 7735HS. It has 16 GB RAM and 1000 GB SSD storage. Dedicated graphics: RTX 3050. The screen is 15.6 inches. Listed price: 1299 EUR."
239,"ASUS TUF Gaming F15 FX507ZV4-LP004 Intel Core i7-12700H/32GB/1TB SSD/RTX 4060/15.6""",ASUS,TUF,Intel Core i7,Intel,Core i7,32.0,1000.0,SSD,RTX 4060,True,15.6,False,EUR,,,False,i7-12700H,12.0,RTX 4060,1999.0,"ASUS TUF Gaming F15 FX507ZV4-LP004 Intel Core i7-12700H/32GB/1TB SSD/RTX 4060/15.6"" is a laptop by ASUS. Processor: i7-12700H (Intel generation 12). It has 32 GB RAM and 1000 GB SSD storage. Dedicated graphics: RTX 4060. The screen is 15.6 inches. Listed price: 1999 EUR."
240,"HP ChromeBook 14a-na1006ns Intel Celeron N4500/4GB/64GB eMMC/14""",HP,Chromebook,Intel Celeron,Intel,Celeron,4.0,64.0,eMMC,,False,14.0,False,EUR,,,False,Celeron N4500,,,379.0,"HP ChromeBook 14a-na1006ns Intel Celeron N4500/4GB/64GB eMMC/14"" is a laptop by HP. Processor: Celeron N4500. It has 4 GB RAM and 64 GB eMMC storage. The screen is 14 inches. Listed price: 379 EUR."
241,"MSI Creator Z16 HX Studio B13VFTO-034ES Intel Core i7-13700HX/32GB/1TB SSD/RTX 4060/16"" Táctil",MSI,Creator,Intel Core i7,Intel,Core i7,32.0,1000.0,SSD,RTX 4060,True,16.0,True,EUR,,,False,i7-13700HX,13.0,RTX 4060,2729.01,"MSI Creator Z16 HX Studio B13VFTO-034ES Intel Core i7-13700HX/32GB/1TB SSD/RTX 4060/16"" Táctil is a laptop by MSI. Processor: i7-13700HX (Intel generation 13). It has 32 GB RAM and 1000 GB SSD storage. Dedicated graphics: RTX 4060. The screen is 16 inches, touchscreen. Listed price: 2729 EUR."
242,"Medion Erazer Crawler E30 Intel Core i5-12450H/16GB/512GB SSD/RTX 3050 Ti/15.6""",Medion,Erazer,Intel Core i5,Intel,Core i5,16.0,512.0,SSD,RTX 3050,True,15.6,False,EUR,,,False,i5-12450H,12.0,RTX 3050,859.0,"Medion Erazer Crawler E30 Intel Core i5-12450H/16GB/512GB SSD/RTX 3050 Ti/15.6"" is a laptop by Medion. Processor: i5-12450H (Intel generation 12). It has 16 GB RAM and 512 GB SSD storage. Dedicated graphics: RTX 3050. The screen is 15.6 inches. Listed price: 859 EUR."
243,"LG Gram 17Z90Q Intel Evo Core i7-1260P/32GB/1TB SSD/17""",LG,Gram,Intel Evo Core i7,Intel,Core i7,32.0,1000.0,SSD,,False,17.0,False,EUR,,,False,i7-1260P,12.0,,1809.01,"LG Gram 17Z90Q Intel Evo Core i7-1260P/32GB/1TB SSD/17"" is a laptop by LG. Processor: i7-1260P (Intel generation 12). It has 32 GB RAM and 1000 GB SSD storage. The screen is 17 inches. Listed price: 1809 EUR."
244,"MSI Pulse 17 B13VFK-072XES Intel Core i7-13700H/16GB/1TB SSD/RTX 4060/17.3""",MSI,Pulse,Intel Core i7,Intel,Core i7,16.0,1000.0,SSD,RTX 4060,True,17.3,False,EUR,,,False,i7-13700H,13.0,RTX 4060,1899.0,"MSI Pulse 17 B13VFK-072XES Intel Core i7-13700H/16GB/1TB SSD/RTX 4060/17.3"" is a laptop by MSI. Processor: i7-13700H (Intel generation 13). It has 16 GB RAM and 1000 GB SSD storage. Dedicated graphics: RTX 4060. The screen is 17.3 inches. Listed price: 1899 EUR."
245,"HP 255 G8 AMD Ryzen 3 5300U/8GB/512GB SSD/15.6""",HP,255,AMD Ryzen 3,AMD,Ryzen 3,8.0,512.0,SSD,,False,15.6,False,EUR,,,False,Ryzen 3 5300U,,,388.0,"HP 255 G8 AMD Ryzen 3 5300U/8GB/512GB SSD/15.6"" is a laptop by HP. Processor: Ryzen 3 5300U. It has 8 GB RAM and 512 GB SSD storage. The screen is 15.6 inches. Listed price: 388 EUR."
246,"Lenovo V15 G2 Intel Core i5-1135G7/8GB/256GB SSD/15.6""",Lenovo,V15,Intel Core i5,Intel,Core i5,8.0,256.0,SSD,,False,15.6,False,EUR,,,False,i5-1135G7,11.0,,499.0,"Lenovo V15 G2 Intel Core i5-1135G7/8GB/256GB SSD/15.6"" is a laptop by Lenovo. Processor: i5-1135G7 (Intel generation 11). It has 8 GB RAM and 256 GB SSD storage. The screen is 15.6 inches. Listed price: 499 EUR."
247,"Lenovo IdeaPad Gaming 3 15ACH6-381 AMD Ryzen 5 5600H/8GB/512GB SSD/RTX3050/15.6"" (PT)",Lenovo,IdeaPad,AMD Ryzen 5,AMD,Ryzen 5,8.0,512.0,SSD,RTX 3050,True,15.6,False,EUR,,,False,Ryzen 5 5600H,,RTX 3050,944.82,"Lenovo IdeaPad Gaming 3 15ACH6-381 AMD Ryzen 5 5600H/8GB/512GB SSD/RTX3050/15.6"" (PT) is a laptop by Lenovo. Processor: Ryzen 5 5600H. It has 8 GB RAM and 512 GB SSD storage. Dedicated graphics: RTX 3050. The screen is 15.6 inches. Listed price: 945 EUR."
248,"ASUS ROG Strix G16 G614JZ-N3008 Intel Core i7-13650HX/32GB/1TB/RTX 4080/16""",ASUS,ROG,Intel Core i7,Intel,Core i7,32.0,1000.0,,RTX 4080,True,16.0,False,EUR,,,False,N3008,,RTX 4080,2599.01,"ASUS ROG Strix G16 G614JZ-N3008 Intel Core i7-13650HX/32GB/1TB/RTX 4080/16"" is a laptop by ASUS. Processor: N3008. It has 32 GB RAM and 1000 GB storage. Dedicated graphics: RTX 4080. The screen is 16 inches. Listed price: 2599 EUR."
249,"ASUS VivoBook 15 F1500EA-EJ3069W Intel Core i7-1165G7/16GB/512GB SSD/15.6""",ASUS,VivoBook,Intel Core i7,Intel,Core i7,16.0,512.0,SSD,,False,15.6,False,EUR,,,False,i7-1165G7,11.0,,909.0,"ASUS VivoBook 15 F1500EA-EJ3069W Intel Core i7-1165G7/16GB/512GB SSD/15.6"" is a laptop by ASUS. Processor: i7-1165G7 (Intel generation 11). It has 16 GB RAM and 512 GB SSD storage. The screen is 15.6 inches. Listed price: 909 EUR."
250,"MSI Summit E13 Flip Evo A13MT-228ES Intel Evo Core i7-1360P/16GB/1TB SSD/13.4"" Táctil",MSI,Summit,Intel Evo Core i7,Intel,Core i7,16.0,1000.0,SSD,,False,13.4,True,EUR,,,False,i7-1360P,13.0,,1799.0,"MSI Summit E13 Flip Evo A13MT-228ES Intel Evo Core i7-1360P/16GB/1TB SSD/13.4"" Táctil is a laptop by MSI. Processor: i7-1360P (Intel generation 13). It has 16 GB RAM and 1000 GB SSD storage. The screen is 13.4 inches, touchscreen. Listed price: 1799 EUR."
251,"ASUS E410MA-EK1928WS Intel Celeron N4020/4GB/64GB eMMC/14""",ASUS,E410,Intel Celeron,Intel,Celeron,4.0,64.0,eMMC,,False,14.0,False,EUR,,,False,Celeron N4020,,,452.0,"ASUS E410MA-EK1928WS Intel Celeron N4020/4GB/64GB eMMC/14"" is a laptop by ASUS. Processor: Celeron N4020. It has 4 GB RAM and 64 GB eMMC storage. The screen is 14 inches. Listed price: 452 EUR."
252,"HP Pavilion 14-dv2004ns Intel Core i5-1235U/16GB/512GB SSD/14""",HP,Pavilion,Intel Core i5,Intel,Core i5,16.0,512.0,SSD,,False,14.0,False,EUR,,,False,i5-1235U,12.0,,899.01,"HP Pavilion 14-dv2004ns Intel Core i5-1235U/16GB/512GB SSD/14"" is a laptop by HP. Processor: i5-1235U (Intel generation 12). It has 16 GB RAM and 512 GB SSD storage. The screen is 14 inches. Listed price: 899 EUR."
253,"LG Ultra PC 17U70Q-P.AA78B Intel Core i7-1260P/16GB/1TB SSD/RTX 3050Ti/17""",LG,Ultra,Intel Core i7,Intel,Core i7,16.0,1000.0,SSD,RTX 3050,True,17.0,False,EUR,,,False,i7-1260P,12.0,RTX 3050,1999.0,"LG Ultra PC 17U70Q-P.AA78B Intel Core i7-1260P/16GB/1TB SSD/RTX 3050Ti/17"" is a laptop by LG. Processor: i7-1260P (Intel generation 12). It has 16 GB RAM and 1000 GB SSD storage. Dedicated graphics: RTX 3050. The screen is 17 inches. Listed price: 1999 EUR."
254,"Lenovo IdeaPad Gaming 3 15IAH7 Intel Core i5-12500H/16 GB/512GB SSD/RTX3050/15.6""",Lenovo,IdeaPad,Intel Core i5,Intel,Core i5,16.0,512.0,SSD,RTX 3050,True,15.6,False,EUR,,,False,i5-12500H,12.0,RTX 3050,1029.01,"Lenovo IdeaPad Gaming 3 15IAH7 Intel Core i5-12500H/16 GB/512GB SSD/RTX3050/15.6"" is a laptop by Lenovo. Processor: i5-12500H (Intel generation 12). It has 16 GB RAM and 512 GB SSD storage. Dedicated graphics: RTX 3050. The screen is 15.6 inches. Listed price: 1029 EUR."
255,"Lenovo V15 G2 ITL Intel Core i5-1135G7/8 GB/512GB SSD/15.6""",Lenovo,V15,Intel Core i5,Intel,Core i5,8.0,512.0,SSD,,False,15.6,False,EUR,,,False,i5-1135G7,11.0,,509.0,"Lenovo V15 G2 ITL Intel Core i5-1135G7/8 GB/512GB SSD/15.6"" is a laptop by Lenovo. Processor: i5-1135G7 (Intel generation 11). It has 8 GB RAM and 512 GB SSD storage. The screen is 15.6 inches. Listed price: 509 EUR."
256,"Lenovo V15 G2 AMD Ryzen 5 5500U/8GB/512GB SSD/15.6""",Lenovo,V15,AMD Ryzen 5,AMD,Ryzen 5,8.0,512.0,SSD,,False,15.6,False,EUR,,,False,Ryzen 5 5500U,,,442.99,"Lenovo V15 G2 AMD Ryzen 5 5500U/8GB/512GB SSD/15.6"" is a laptop by Lenovo. Processor: Ryzen 5 5500U. It has 8 GB RAM and 512 GB SSD storage. The screen is 15.6 inches. Listed price: 443 EUR."
257,"MSI Creator Z16 HX Studio B13VETO-047XES Intel Core i7-13700HX/32GB/1TB SSD/RTX 4050/16"" Táctil",MSI,Creator,Intel Core i7,Intel,Core i7,32.0,1000.0,SSD,RTX 4050,True,16.0,True,EUR,,,False,i7-13700HX,13.0,RTX 4050,2499.0,"MSI Creator Z16 HX Studio B13VETO-047XES Intel Core i7-13700HX/32GB/1TB SSD/RTX 4050/16"" Táctil is a laptop by MSI. Processor: i7-13700HX (Intel generation 13). It has 32 GB RAM and 1000 GB SSD storage. Dedicated graphics: RTX 4050. The screen is 16 inches, touchscreen. Listed price: 2499 EUR."
258,"Samsung Galaxy Book2 Intel Core i5-1235U/8GB/256GB SSD/15.6"" Negro",Samsung,Galaxy Book,Intel Core i5,Intel,Core i5,8.0,256.0,SSD,,False,15.6,False,EUR,,,False,i5-1235U,12.0,,849.0,"Samsung Galaxy Book2 Intel Core i5-1235U/8GB/256GB SSD/15.6"" Negro is a laptop by Samsung. Processor: i5-1235U (Intel generation 12). It has 8 GB RAM and 256 GB SSD storage. The screen is 15.6 inches. Listed price: 849 EUR."
259,"Dell Vostro 3510 Intel Core i5-1135G7/8 GB/256GB SSD/15.6""",Dell,Vostro,Intel Core i5,Intel,Core i5,8.0,256.0,SSD,,False,15.6,False,EUR,,,False,i5-1135G7,11.0,,690.15,"Dell Vostro 3510 Intel Core i5-1135G7/8 GB/256GB SSD/15.6"" is a laptop by Dell. Processor: i5-1135G7 (Intel generation 11). It has 8 GB RAM and 256 GB SSD storage. The screen is 15.6 inches. Listed price: 690 EUR."
260,"ASUS ExpertBook B3 Flip B3402FBA-EC0434X Intel Core i5-1235U/8GB/256GB SSD/14"" Táctil",ASUS,ExpertBook,Intel Core i5,Intel,Core i5,8.0,256.0,SSD,,False,14.0,True,EUR,,,False,i5-1235U,12.0,,1179.0,"ASUS ExpertBook B3 Flip B3402FBA-EC0434X Intel Core i5-1235U/8GB/256GB SSD/14"" Táctil is a laptop by ASUS. Processor: i5-1235U (Intel generation 12). It has 8 GB RAM and 256 GB SSD storage. The screen is 14 inches, touchscreen. Listed price: 1179 EUR."
261,"ASUS TUF Gaming A17 FA707XI-HX019 AMD Ryzen 9 7940HS/32GB/1TB SSD/RTX 4070/17.3""",ASUS,TUF,AMD Ryzen 9,AMD,Ryzen 9,32.0,1000.0,SSD,RTX 4070,True,17.3,False,EUR,,,False,Ryzen 9 7940HS,,RTX 4070,1899.01,"ASUS TUF Gaming A17 FA707XI-HX019 AMD Ryzen 9 7940HS/32GB/1TB SSD/RTX 4070/17.3"" is a laptop by ASUS. Processor: Ryzen 9 7940HS. It has 32 GB RAM and 1000 GB SSD storage. Dedicated graphics: RTX 4070. The screen is 17.3 inches. Listed price: 1899 EUR."
262,HP Victus 16-d1040ns Intel Core i7-12700H/32GB/512GB SSD/RTX 3060/16.1'',HP,Victus,Intel Core i7,Intel,Core i7,32.0,512.0,SSD,RTX 3060,True,16.1,False,EUR,,,False,i7-12700H,12.0,RTX 3060,1499.01,HP Victus 16-d1040ns Intel Core i7-12700H/32GB/512GB SSD/RTX 3060/16.1'' is a laptop by HP. Processor: i7-12700H (Intel generation 12). It has 32 GB RAM and 512 GB SSD storage. Dedicated graphics: RTX 3060. The screen is 16.1 inches. Listed price: 1499 EUR.
263,"Asus TUF Gaming A15 FA507RR-HQ008 AMD Ryzen 7 6800H/32GB/1TB SSD/RTX 3070/15.6""",ASUS,TUF,AMD Ryzen 7,AMD,Ryzen 7,32.0,1000.0,SSD,RTX 3070,True,15.6,False,EUR,,,False,Ryzen 7 6800H,,RTX 3070,1889.0,"Asus TUF Gaming A15 FA507RR-HQ008 AMD Ryzen 7 6800H/32GB/1TB SSD/RTX 3070/15.6"" is a laptop by ASUS. Processor: Ryzen 7 6800H. It has 32 GB RAM and 1000 GB SSD storage. Dedicated graphics: RTX 3070. The screen is 15.6 inches. Listed price: 1889 EUR."
264,"Apple Macbook Air Apple M2/8GB/512GB SSD/GPU Deca Core/13.6"" Blanco Estrella",Apple,MacBook Air,Apple M2,Apple,Apple M2,8.0,512.0,SSD,,False,13.6,False,EUR,,,False,Apple M2,,,1869.0,"Apple Macbook Air Apple M2/8GB/512GB SSD/GPU Deca Core/13.6"" Blanco Estrella is a laptop by Apple. Processor: Apple M2. It has 8 GB RAM and 512 GB SSD storage. The screen is 13.6 inches. Listed price: 1869 EUR."
265,"Lenovo ThinkPad E15 Gen 4 AMD Ryzen 7 5825U/16GB/512GB SSD/15.6""",Lenovo,ThinkPad,AMD Ryzen 7,AMD,Ryzen 7,16.0,512.0,SSD,,False,15.6,False,EUR,,,False,Ryzen 7 5825U,,,1129.0,"Lenovo ThinkPad E15 Gen 4 AMD Ryzen 7 5825U/16GB/512GB SSD/15.6"" is a laptop by Lenovo. Processor: Ryzen 7 5825U. It has 16 GB RAM and 512 GB SSD storage. The screen is 15.6 inches. Listed price: 1129 EUR."
266,"MSI Prestige 13 Evo A13M-068ES Intel Evo Core i7-1360P/32GB/1TB SSD/13.3""",MSI,Prestige,Intel Evo Core i7,Intel,Core i7,32.0,1000.0,SSD,,False,13.3,False,EUR,,,False,i7-1360P,13.0,,1599.0,"MSI Prestige 13 Evo A13M-068ES Intel Evo Core i7-1360P/32GB/1TB SSD/13.3"" is a laptop by MSI. Processor: i7-1360P (Intel generation 13). It has 32 GB RAM and 1000 GB SSD storage. The screen is 13.3 inches. Listed price: 1599 EUR."
267,"Lenovo Chromebook IdeaPad 3 CB 14IGL05 Intel Celeron N4020/8GB/64GB eMMC/14""",Lenovo,IdeaPad,Intel Celeron,Intel,Celeron,8.0,64.0,eMMC,,False,14.0,False,EUR,,,False,Celeron N4020,,,391.0,"Lenovo Chromebook IdeaPad 3 CB 14IGL05 Intel Celeron N4020/8GB/64GB eMMC/14"" is a laptop by Lenovo. Processor: Celeron N4020. It has 8 GB RAM and 64 GB eMMC storage. The screen is 14 inches. Listed price: 391 EUR."
268,"HP ProBook 650 G8 Intel Core i5-1135G7/8GB/256GB SSD/15.6""",HP,ProBook,Intel Core i5,Intel,Core i5,8.0,256.0,SSD,,False,15.6,False,EUR,,,False,i5-1135G7,11.0,,709.0,"HP ProBook 650 G8 Intel Core i5-1135G7/8GB/256GB SSD/15.6"" is a laptop by HP. Processor: i5-1135G7 (Intel generation 11). It has 8 GB RAM and 256 GB SSD storage. The screen is 15.6 inches. Listed price: 709 EUR."
269,"Dell Vostro 3520 Intel Core i7-1255U/16GB/512GB SSD/15.6""",Dell,Vostro,Intel Core i7,Intel,Core i7,16.0,512.0,SSD,,False,15.6,False,EUR,,,False,i7-1255U,12.0,,889.0,"Dell Vostro 3520 Intel Core i7-1255U/16GB/512GB SSD/15.6"" is a laptop by Dell. Processor: i7-1255U (Intel generation 12). It has 16 GB RAM and 512 GB SSD storage. The screen is 15.6 inches. Listed price: 889 EUR."
270,"ASUS ROG Zephyrus G16 2023 GU603VI-N4006 Intel Core i9-13900H/32GB/1TB SSD/RTX 4070/16""",ASUS,ROG,Intel Core i9,Intel,Core i9,32.0,1000.0,SSD,RTX 4070,True,16.0,False,EUR,,,False,N4006,,RTX 4070,2599.0,"ASUS ROG Zephyrus G16 2023 GU603VI-N4006 Intel Core i9-13900H/32GB/1TB SSD/RTX 4070/16"" is a laptop by ASUS. Processor: N4006. It has 32 GB RAM and 1000 GB SSD storage. Dedicated graphics: RTX 4070. The screen is 16 inches. Listed price: 2599 EUR."
271,"MSI Modern 15 B5M-017XES AMD Ryzen 7 5825U/16GB/512GB SSD/15.6""",MSI,Modern,AMD Ryzen 7,AMD,Ryzen 7,16.0,512.0,SSD,,False,15.6,False,EUR,,,False,Ryzen 7 5825U,,,899.0,"MSI Modern 15 B5M-017XES AMD Ryzen 7 5825U/16GB/512GB SSD/15.6"" is a laptop by MSI. Processor: Ryzen 7 5825U. It has 16 GB RAM and 512 GB SSD storage. The screen is 15.6 inches. Listed price: 899 EUR."
272,"HP OMEN 16-n0012ns AMD Ryzen 7 6800H/16GB/512GB SSD/RTX 3050Ti/16.1""",HP,Omen,AMD Ryzen 7,AMD,Ryzen 7,16.0,512.0,SSD,RTX 3050,True,16.1,False,EUR,,,False,Ryzen 7 6800H,,RTX 3050,1399.0,"HP OMEN 16-n0012ns AMD Ryzen 7 6800H/16GB/512GB SSD/RTX 3050Ti/16.1"" is a laptop by HP. Processor: Ryzen 7 6800H. It has 16 GB RAM and 512 GB SSD storage. Dedicated graphics: RTX 3050. The screen is 16.1 inches. Listed price: 1399 EUR."
273,"HP ChromeBook 14a-na1009ns Intel Pentium Silver N6000/8GB/128GB eMMC/14""",HP,Chromebook,Intel Pentium,Intel,Pentium,8.0,128.0,eMMC,,False,14.0,False,EUR,,,False,N6000,,,458.99,"HP ChromeBook 14a-na1009ns Intel Pentium Silver N6000/8GB/128GB eMMC/14"" is a laptop by HP. Processor: N6000. It has 8 GB RAM and 128 GB eMMC storage. The screen is 14 inches. Listed price: 459 EUR."
274,"MSI Creator Z17 HX Studio A13VFT-048ES Intel Core i9-13950HX/32GB/1TB SSD/RTX 4060/17"" Táctil",MSI,Creator,Intel Core i9,Intel,Core i9,32.0,1000.0,SSD,RTX 4060,True,17.0,True,EUR,,,False,i9-13950HX,13.0,RTX 4060,2979.01,"MSI Creator Z17 HX Studio A13VFT-048ES Intel Core i9-13950HX/32GB/1TB SSD/RTX 4060/17"" Táctil is a laptop by MSI. Processor: i9-13950HX (Intel generation 13). It has 32 GB RAM and 1000 GB SSD storage. Dedicated graphics: RTX 4060. The screen is 17 inches, touchscreen. Listed price: 2979 EUR."
275,"MSI Prestige 14 Evo B13M-276ES Intel Evo Core i7-13700H/16GB/512GB SSD/14""",MSI,Prestige,Intel Evo Core i7,Intel,Core i7,16.0,512.0,SSD,,False,14.0,False,EUR,,,False,i7-13700H,13.0,,1399.0,"MSI Prestige 14 Evo B13M-276ES Intel Evo Core i7-13700H/16GB/512GB SSD/14"" is a laptop by MSI. Processor: i7-13700H (Intel generation 13). It has 16 GB RAM and 512 GB SSD storage. The screen is 14 inches. Listed price: 1399 EUR."
276,"HP Pavilion Plus 14-eh0008ns Intel Core i7-1255U/16GB/512GB SSD/RTX 2050/14""",HP,Pavilion,Intel Core i7,Intel,Core i7,16.0,512.0,SSD,RTX 2050,True,14.0,False,EUR,,,False,i7-1255U,12.0,RTX 2050,1729.01,"HP Pavilion Plus 14-eh0008ns Intel Core i7-1255U/16GB/512GB SSD/RTX 2050/14"" is a laptop by HP. Processor: i7-1255U (Intel generation 12). It has 16 GB RAM and 512 GB SSD storage. Dedicated graphics: RTX 2050. The screen is 14 inches. Listed price: 1729 EUR."
277,"Acer Aspire 3 A314-36P-30XR Intel Core i3-N305/8GB/512GB SSD/14""",Acer,Aspire,Intel Core i3,Intel,Core i3,8.0,512.0,SSD,,False,14.0,False,EUR,,,False,,,,599.0,"Acer Aspire 3 A314-36P-30XR Intel Core i3-N305/8GB/512GB SSD/14"" is a laptop by Acer. Processor: Intel Core i3. It has 8 GB RAM and 512 GB SSD storage. The screen is 14 inches. Listed price: 599 EUR."
278,"MSI Raider GE68HX 13VF-046XES Intel Core i7-13700HX/32GB/1TB SSD/RTX 4060/16""",MSI,Raider,Intel Core i7,Intel,Core i7,32.0,1000.0,SSD,RTX 4060,True,16.0,False,EUR,,,False,i7-13700HX,13.0,RTX 4060,2499.0,"MSI Raider GE68HX 13VF-046XES Intel Core i7-13700HX/32GB/1TB SSD/RTX 4060/16"" is a laptop by MSI. Processor: i7-13700HX (Intel generation 13). It has 32 GB RAM and 1000 GB SSD storage. Dedicated graphics: RTX 4060. The screen is 16 inches. Listed price: 2499 EUR."
279,"ASUS ROG Strix Scar 16 2023 G634JY-N4013 Intel Core i9-13980HX/32GB/1TB SSD/RTX 4090/16""",ASUS,ROG,Intel Core i9,Intel,Core i9,32.0,1000.0,SSD,RTX 4090,True,16.0,False,EUR,,,False,N4013,,RTX 4090,3699.01,"ASUS ROG Strix Scar 16 2023 G634JY-N4013 Intel Core i9-13980HX/32GB/1TB SSD/RTX 4090/16"" is a laptop by ASUS. Processor: N4013. It has 32 GB RAM and 1000 GB SSD storage. Dedicated graphics: RTX 4090. The screen is 16 inches. Listed price: 3699 EUR."
280,"Acer Extensa 15 EX215-54-51BK Intel Core i5-1135G7/8GB/512GB SSD/15.6""",Acer,Extensa,Intel Core i5,Intel,Core i5,8.0,512.0,SSD,,False,15.6,False,EUR,,,False,i5-1135G7,11.0,,450.0,"Acer Extensa 15 EX215-54-51BK Intel Core i5-1135G7/8GB/512GB SSD/15.6"" is a laptop by Acer. Processor: i5-1135G7 (Intel generation 11). It has 8 GB RAM and 512 GB SSD storage. The screen is 15.6 inches. Listed price: 450 EUR."
281,"Acer Aspire 3 A315-58-77EL Intel Core i7-1165G7/16GB/512GB SSD/15.6""",Acer,Aspire,Intel Core i7,Intel,Core i7,16.0,512.0,SSD,,False,15.6,False,EUR,,,False,i7-1165G7,11.0,,749.0,"Acer Aspire 3 A315-58-77EL Intel Core i7-1165G7/16GB/512GB SSD/15.6"" is a laptop by Acer. Processor: i7-1165G7 (Intel generation 11). It has 16 GB RAM and 512 GB SSD storage. The screen is 15.6 inches. Listed price: 749 EUR."
282,"Apple MacBook Pro Apple M2 Pro 10 Núcleos/16GB/512GB SSD/14.2"" Gris Espacial",Apple,MacBook Pro,Apple M2 Pro,Apple,Apple M2,16.0,512.0,SSD,,False,14.2,False,EUR,,,False,Apple M2 Pro,,,2209.0,"Apple MacBook Pro Apple M2 Pro 10 Núcleos/16GB/512GB SSD/14.2"" Gris Espacial is a laptop by Apple. Processor: Apple M2 Pro. It has 16 GB RAM and 512 GB SSD storage. The screen is 14.2 inches. Listed price: 2209 EUR."
283,"MSI Creator M16 B12UDX-688XES Intel Core i7-12650H/16GB/512GB SSD/RTX 3050/16""",MSI,Creator,Intel Core i7,Intel,Core i7,16.0,512.0,SSD,RTX 3050,True,16.0,False,EUR,,,False,i7-12650H,12.0,RTX 3050,1399.0,"MSI Creator M16 B12UDX-688XES Intel Core i7-12650H/16GB/512GB SSD/RTX 3050/16"" is a laptop by MSI. Processor: i7-12650H (Intel generation 12). It has 16 GB RAM and 512 GB SSD storage. Dedicated graphics: RTX 3050. The screen is 16 inches. Listed price: 1399 EUR."
284,"Lenovo V15 G2 ALC AMD Ryzen 5 5500U/8 GB/256 GB SSD/15.6""",Lenovo,V15,AMD Ryzen 5,AMD,Ryzen 5,8.0,256.0,SSD,,False,15.6,False,EUR,,,False,Ryzen 5 5500U,,,449.0,"Lenovo V15 G2 ALC AMD Ryzen 5 5500U/8 GB/256 GB SSD/15.6"" is a laptop by Lenovo. Processor: Ryzen 5 5500U. It has 8 GB RAM and 256 GB SSD storage. The screen is 15.6 inches. Listed price: 449 EUR."
285,"Alurin Flex Intel Core i3-10110U/8GB/512GB SSD/nOS/14""",Alurin,Flex,Intel Core i3,Intel,Core i3,8.0,512.0,SSD,,False,14.0,False,EUR,,,False,i3-10110U,10.0,,449.9,"Alurin Flex Intel Core i3-10110U/8GB/512GB SSD/nOS/14"" is a laptop by Alurin. Processor: i3-10110U (Intel generation 10). It has 8 GB RAM and 512 GB SSD storage. The screen is 14 inches. Listed price: 450 EUR."
286,"ASUS Chromebook Flip CM1 CM1400FXA-EC0109 3015Ce/8GB/64GB eMMC/14"" Táctil",ASUS,Chromebook,Apple M1,Apple,Apple M1,8.0,64.0,eMMC,,False,14.0,True,EUR,,,False,,,,449.01,"ASUS Chromebook Flip CM1 CM1400FXA-EC0109 3015Ce/8GB/64GB eMMC/14"" Táctil is a laptop by ASUS. Processor: Apple M1. It has 8 GB RAM and 64 GB eMMC storage. The screen is 14 inches, touchscreen. Listed price: 449 EUR."
287,"Lenovo V15 G2 ITL Intel Core i3-1115G4/8GB/512GB SSD/15.6""",Lenovo,V15,Intel Core i3,Intel,Core i3,8.0,512.0,SSD,,False,15.6,False,EUR,,,False,i3-1115G4,11.0,,419.0,"Lenovo V15 G2 ITL Intel Core i3-1115G4/8GB/512GB SSD/15.6"" is a laptop by Lenovo. Processor: i3-1115G4 (Intel generation 11). It has 8 GB RAM and 512 GB SSD storage. The screen is 15.6 inches. Listed price: 419 EUR."
288,"MSI Prestige 14 Evo B13M-282ES Intel Evo Core i5-13500H/16GB/512GB SSD/14""",MSI,Prestige,Intel Evo Core i5,Intel,Core i5,16.0,512.0,SSD,,False,14.0,False,EUR,,,False,i5-13500H,13.0,,1339.01,"MSI Prestige 14 Evo B13M-282ES Intel Evo Core i5-13500H/16GB/512GB SSD/14"" is a laptop by MSI. Processor: i5-13500H (Intel generation 13). It has 16 GB RAM and 512 GB SSD storage. The screen is 14 inches. Listed price: 1339 EUR."
289,HP Victus 16-d1030ns Intel Core i7-12700H/16GB/1TB SSD/RTX 3050Ti/16.1'',HP,Victus,Intel Core i7,Intel,Core i7,16.0,1000.0,SSD,RTX 3050,True,16.1,False,EUR,,,False,i7-12700H,12.0,RTX 3050,1299.01,HP Victus 16-d1030ns Intel Core i7-12700H/16GB/1TB SSD/RTX 3050Ti/16.1'' is a laptop by HP. Processor: i7-12700H (Intel generation 12). It has 16 GB RAM and 1000 GB SSD storage. Dedicated graphics: RTX 3050. The screen is 16.1 inches. Listed price: 1299 EUR.
290,"HP Pavilion 14-ec0011ns AMD Ryzen 7 5700U/16GB/512GB SSD/14""",HP,Pavilion,AMD Ryzen 7,AMD,Ryzen 7,16.0,512.0,SSD,,False,14.0,False,EUR,,,False,Ryzen 7 5700U,,,899.01,"HP Pavilion 14-ec0011ns AMD Ryzen 7 5700U/16GB/512GB SSD/14"" is a laptop by HP. Processor: Ryzen 7 5700U. It has 16 GB RAM and 512 GB SSD storage. The screen is 14 inches. Listed price: 899 EUR."
291,"MSI Creator M16 B13VE-680XES Intel Core i7-13700H/16GB/1TB SSD/RTX 4050/16""",MSI,Creator,Intel Core i7,Intel,Core i7,16.0,1000.0,SSD,RTX 4050,True,16.0,False,EUR,,,False,i7-13700H,13.0,RTX 4050,1749.0,"MSI Creator M16 B13VE-680XES Intel Core i7-13700H/16GB/1TB SSD/RTX 4050/16"" is a laptop by MSI. Processor: i7-13700H (Intel generation 13). It has 16 GB RAM and 1000 GB SSD storage. Dedicated graphics: RTX 4050. The screen is 16 inches. Listed price: 1749 EUR."
292,"ASUS ROG Strix Scar 18 2023 G834JY-N5012 Intel Core i9-13980HX/32GB/1TB SSD/RTX 4090/18""",ASUS,ROG,Intel Core i9,Intel,Core i9,32.0,1000.0,SSD,RTX 4090,True,18.0,False,EUR,,,False,N5012,,RTX 4090,3699.01,"ASUS ROG Strix Scar 18 2023 G834JY-N5012 Intel Core i9-13980HX/32GB/1TB SSD/RTX 4090/18"" is a laptop by ASUS. Processor: N5012. It has 32 GB RAM and 1000 GB SSD storage. Dedicated graphics: RTX 4090. The screen is 18 inches. Listed price: 3699 EUR."
293,"ASUS Zenbook 14 OLED UX3402ZA-KM020W Intel Evo Core i5-1240P/16GB/512GB SSD/14""",ASUS,ZenBook,Intel Evo Core i5,Intel,Core i5,16.0,512.0,SSD,,False,14.0,False,EUR,,,False,i5-1240P,12.0,,1199.0,"ASUS Zenbook 14 OLED UX3402ZA-KM020W Intel Evo Core i5-1240P/16GB/512GB SSD/14"" is a laptop by ASUS. Processor: i5-1240P (Intel generation 12). It has 16 GB RAM and 512 GB SSD storage. The screen is 14 inches. Listed price: 1199 EUR."
294,"ASUS Vivobook 17 F1704VA-AU084W Intel Core i7-1355U/16GB/512GB SSD/17.3""",ASUS,VivoBook,Intel Core i7,Intel,Core i7,16.0,512.0,SSD,,False,17.3,False,EUR,,,False,i7-1355U,13.0,,999.0,"ASUS Vivobook 17 F1704VA-AU084W Intel Core i7-1355U/16GB/512GB SSD/17.3"" is a laptop by ASUS. Processor: i7-1355U (Intel generation 13). It has 16 GB RAM and 512 GB SSD storage. The screen is 17.3 inches. Listed price: 999 EUR."
295,"Apple MacBook Air Apple M1/16GB/256GB SSD/GPU Hepta Core/13.3"" Gris Espacial",Apple,MacBook Air,Apple M1,Apple,Apple M1,16.0,256.0,SSD,,False,13.3,False,EUR,,,False,Apple M1,,,1349.0,"Apple MacBook Air Apple M1/16GB/256GB SSD/GPU Hepta Core/13.3"" Gris Espacial is a laptop by Apple. Processor: Apple M1. It has 16 GB RAM and 256 GB SSD storage. The screen is 13.3 inches. Listed price: 1349 EUR."
296,"PcCom Revolt 3060 Intel Core i7-12700H/32GB/500GB SSD/RTX 3060/15.6""",Pccom,Revolt,Intel Core i7,Intel,Core i7,32.0,500.0,SSD,RTX 3060,True,15.6,False,EUR,,,False,i7-12700H,12.0,RTX 3060,1549.0,"PcCom Revolt 3060 Intel Core i7-12700H/32GB/500GB SSD/RTX 3060/15.6"" is a laptop by Pccom. Processor: i7-12700H (Intel generation 12). It has 32 GB RAM and 500 GB SSD storage. Dedicated graphics: RTX 3060. The screen is 15.6 inches. Listed price: 1549 EUR."
297,"HP OMEN 16-n0009ns AMD Ryzen 7 6800H/16GB/1TB SSD/RTX 3060/16.1""",HP,Omen,AMD Ryzen 7,AMD,Ryzen 7,16.0,1000.0,SSD,RTX 3060,True,16.1,False,EUR,,,False,Ryzen 7 6800H,,RTX 3060,1699.01,"HP OMEN 16-n0009ns AMD Ryzen 7 6800H/16GB/1TB SSD/RTX 3060/16.1"" is a laptop by HP. Processor: Ryzen 7 6800H. It has 16 GB RAM and 1000 GB SSD storage. Dedicated graphics: RTX 3060. The screen is 16.1 inches. Listed price: 1699 EUR."
298,"ASUS TUF Dash F15 FX517ZM-HN002 Intel Core i7-12650H/16GB/512GB SSD/RTX 3060/15.6""",ASUS,TUF,Intel Core i7,Intel,Core i7,16.0,512.0,SSD,RTX 3060,True,15.6,False,EUR,,,False,i7-12650H,12.0,RTX 3060,1699.0,"ASUS TUF Dash F15 FX517ZM-HN002 Intel Core i7-12650H/16GB/512GB SSD/RTX 3060/15.6"" is a laptop by ASUS. Processor: i7-12650H (Intel generation 12). It has 16 GB RAM and 512 GB SSD storage. Dedicated graphics: RTX 3060. The screen is 15.6 inches. Listed price: 1699 EUR."
299,"ASUS Chromebook CX1500CKA-EJ0181 Intel Celeron N4500/8GB/64GB eMMC/15.6""",ASUS,Chromebook,Intel Celeron,Intel,Celeron,8.0,64.0,eMMC,,False,15.6,False,EUR,,,False,Celeron N4500,,,382.0,"ASUS Chromebook CX1500CKA-EJ0181 Intel Celeron N4500/8GB/64GB eMMC/15.6"" is a laptop by ASUS. Processor: Celeron N4500. It has 8 GB RAM and 64 GB eMMC storage. The screen is 15.6 inches. Listed price: 382 EUR."
300,"Alurin Go Intel Pentium N4200/8GB/128GB SSD/nOS/14.1""",Alurin,Go,Intel Pentium,Intel,Pentium,8.0,128.0,SSD,,False,14.1,False,EUR,,,False,N4200,,,309.91,"Alurin Go Intel Pentium N4200/8GB/128GB SSD/nOS/14.1"" is a laptop by Alurin. Processor: N4200. It has 8 GB RAM and 128 GB SSD storage. The screen is 14.1 inches. Listed price: 310 EUR."
301,"HP 255 G8 AMD Ryzen 3 3250U/8 GB/256GB SSD/15.6""",HP,255,AMD Ryzen 3,AMD,Ryzen 3,8.0,256.0,SSD,,False,15.6,False,EUR,,,False,Ryzen 3 3250U,,,379.0,"HP 255 G8 AMD Ryzen 3 3250U/8 GB/256GB SSD/15.6"" is a laptop by HP. Processor: Ryzen 3 3250U. It has 8 GB RAM and 256 GB SSD storage. The screen is 15.6 inches. Listed price: 379 EUR."
302,"ASUS ExpertBook B7 Flip B7402FBA-L90638X Intel Core i7-1260P/16GB/512GB SSD/14"" Táctil",ASUS,ExpertBook,Intel Core i7,Intel,Core i7,16.0,512.0,SSD,,False,14.0,True,EUR,,,False,i7-1260P,12.0,,2109.0,"ASUS ExpertBook B7 Flip B7402FBA-L90638X Intel Core i7-1260P/16GB/512GB SSD/14"" Táctil is a laptop by ASUS. Processor: i7-1260P (Intel generation 12). It has 16 GB RAM and 512 GB SSD storage. The screen is 14 inches, touchscreen. Listed price: 2109 EUR."
303,"MSI Prestige 16 A12UD-220ES Intel Core i7-1280P/16GB/1TB SSD/RTX 3050Ti/16""",MSI,Prestige,Intel Core i7,Intel,Core i7,16.0,1000.0,SSD,RTX 3050,True,16.0,False,EUR,,,False,i7-1280P,12.0,RTX 3050,1889.0,"MSI Prestige 16 A12UD-220ES Intel Core i7-1280P/16GB/1TB SSD/RTX 3050Ti/16"" is a laptop by MSI. Processor: i7-1280P (Intel generation 12). It has 16 GB RAM and 1000 GB SSD storage. Dedicated graphics: RTX 3050. The screen is 16 inches. Listed price: 1889 EUR."
304,"Dell Latitude 3520 Intel Core i5-1135G7/8GB/256 GB SSD/15.6""",Dell,Latitude,Intel Core i5,Intel,Core i5,8.0,256.0,SSD,,False,15.6,False,EUR,,,False,i5-1135G7,11.0,,789.0,"Dell Latitude 3520 Intel Core i5-1135G7/8GB/256 GB SSD/15.6"" is a laptop by Dell. Processor: i5-1135G7 (Intel generation 11). It has 8 GB RAM and 256 GB SSD storage. The screen is 15.6 inches. Listed price: 789 EUR."
305,"HP ENVY x360 13-bf0003ns Intel Evo Core i7-1250U/16GB/1TB SSD/13.3"" Táctil",HP,Envy,Intel Evo Core i7,Intel,Core i7,16.0,1000.0,SSD,,False,13.3,True,EUR,,,False,i7-1250U,12.0,,1399.0,"HP ENVY x360 13-bf0003ns Intel Evo Core i7-1250U/16GB/1TB SSD/13.3"" Táctil is a laptop by HP. Processor: i7-1250U (Intel generation 12). It has 16 GB RAM and 1000 GB SSD storage. The screen is 13.3 inches, touchscreen. Listed price: 1399 EUR."
306,ASUS TUF Gaming F17 FX707ZV4-HX004 Intel Core i7-12700H/32GB/1TB SSD/RTX 4060/17.3'',ASUS,TUF,Intel Core i7,Intel,Core i7,32.0,1000.0,SSD,RTX 4060,True,17.3,False,EUR,,,False,i7-12700H,12.0,RTX 4060,1999.0,ASUS TUF Gaming F17 FX707ZV4-HX004 Intel Core i7-12700H/32GB/1TB SSD/RTX 4060/17.3'' is a laptop by ASUS. Processor: i7-12700H (Intel generation 12). It has 32 GB RAM and 1000 GB SSD storage. Dedicated graphics: RTX 4060. The screen is 17.3 inches. Listed price: 1999 EUR.
307,"ASUS VivoBook 15 F515EA-BQ1359 Intel Core i3-1115G4/8GB/256GB SSD/15.6""",ASUS,VivoBook,Intel Core i3,Intel,Core i3,8.0,256.0,SSD,,False,15.6,False,EUR,,,False,i3-1115G4,11.0,,399.0,"ASUS VivoBook 15 F515EA-BQ1359 Intel Core i3-1115G4/8GB/256GB SSD/15.6"" is a laptop by ASUS. Processor: i3-1115G4 (Intel generation 11). It has 8 GB RAM and 256 GB SSD storage. The screen is 15.6 inches. Listed price: 399 EUR."
308,"Apple Macbook Air Apple M2/16GB/256GB SSD/GPU Octa Core/13.6"" Midnight",Apple,MacBook Air,Apple M2,Apple,Apple M2,16.0,256.0,SSD,,False,13.6,False,EUR,,,False,Apple M2,,,1639.01,"Apple Macbook Air Apple M2/16GB/256GB SSD/GPU Octa Core/13.6"" Midnight is a laptop by Apple. Processor: Apple M2. It has 16 GB RAM and 256 GB SSD storage. The screen is 13.6 inches. Listed price: 1639 EUR."
309,"HP 250 G8 Intel Core i5-1135G7/16GB/512GB SSD/15.6"" Plata Ceniza",HP,250,Intel Core i5,Intel,Core i5,16.0,512.0,SSD,,False,15.6,False,EUR,,,False,i5-1135G7,11.0,,669.01,"HP 250 G8 Intel Core i5-1135G7/16GB/512GB SSD/15.6"" Plata Ceniza is a laptop by HP. Processor: i5-1135G7 (Intel generation 11). It has 16 GB RAM and 512 GB SSD storage. The screen is 15.6 inches. Listed price: 669 EUR."
310,Lenovo IdeaPad 1 15AMN7-923 AMD Ryzen 3-7320U/8GB/256 SSD/15.6'' (PT),Lenovo,IdeaPad,AMD Ryzen 3,AMD,Ryzen 3,8.0,256.0,SSD,,False,15.6,False,EUR,,,False,,,,511.49,Lenovo IdeaPad 1 15AMN7-923 AMD Ryzen 3-7320U/8GB/256 SSD/15.6'' (PT) is a laptop by Lenovo. Processor: AMD Ryzen 3. It has 8 GB RAM and 256 GB SSD storage. The screen is 15.6 inches. Listed price: 511 EUR.
311,"Medion Erazer Deputy P50 Intel Core i7-13700HX/16GB/1TB SSD/RTX 4060/15.6""",Medion,Deputy,Intel Core i7,Intel,Core i7,16.0,1000.0,SSD,RTX 4060,True,15.6,False,EUR,,,False,i7-13700HX,13.0,RTX 4060,1529.0,"Medion Erazer Deputy P50 Intel Core i7-13700HX/16GB/1TB SSD/RTX 4060/15.6"" is a laptop by Medion. Processor: i7-13700HX (Intel generation 13). It has 16 GB RAM and 1000 GB SSD storage. Dedicated graphics: RTX 4060. The screen is 15.6 inches. Listed price: 1529 EUR."
312,"MSI Summit E16 Flip A13VET-083ES Intel Core i7-1360P/32GB/1TB SSD/RTX 4050/16"" Táctil",MSI,Summit,Intel Core i7,Intel,Core i7,32.0,1000.0,SSD,RTX 4050,True,16.0,True,EUR,,,False,i7-1360P,13.0,RTX 4050,2379.01,"MSI Summit E16 Flip A13VET-083ES Intel Core i7-1360P/32GB/1TB SSD/RTX 4050/16"" Táctil is a laptop by MSI. Processor: i7-1360P (Intel generation 13). It has 32 GB RAM and 1000 GB SSD storage. Dedicated graphics: RTX 4050. The screen is 16 inches, touchscreen. Listed price: 2379 EUR."
313,"Dell Vostro 3510 Intel Core i5-1135G7/16 GB/512GB SSD/15.6""",Dell,Vostro,Intel Core i5,Intel,Core i5,16.0,512.0,SSD,,False,15.6,False,EUR,,,False,i5-1135G7,11.0,,869.0,"Dell Vostro 3510 Intel Core i5-1135G7/16 GB/512GB SSD/15.6"" is a laptop by Dell. Processor: i5-1135G7 (Intel generation 11). It has 16 GB RAM and 512 GB SSD storage. The screen is 15.6 inches. Listed price: 869 EUR."
314,"ASUS M515UA-EJ541 AMD Ryzen 7 5700U/16GB/512GB SSD/15.6""",ASUS,M515UA,AMD Ryzen 7,AMD,Ryzen 7,16.0,512.0,SSD,,False,15.6,False,EUR,,,False,Ryzen 7 5700U,,,699.0,"ASUS M515UA-EJ541 AMD Ryzen 7 5700U/16GB/512GB SSD/15.6"" is a laptop by ASUS. Processor: Ryzen 7 5700U. It has 16 GB RAM and 512 GB SSD storage. The screen is 15.6 inches. Listed price: 699 EUR."
315,"ASUS ROG Strix G18 G814JI-N6004 Intel Core i9-13980HX/32GB/1TB SSD/RTX 4070/18""",ASUS,ROG,Intel Core i9,Intel,Core i9,32.0,1000.0,SSD,RTX 4070,True,18.0,False,EUR,,,False,N6004,,RTX 4070,2659.0,"ASUS ROG Strix G18 G814JI-N6004 Intel Core i9-13980HX/32GB/1TB SSD/RTX 4070/18"" is a laptop by ASUS. Processor: N6004. It has 32 GB RAM and 1000 GB SSD storage. Dedicated graphics: RTX 4070. The screen is 18 inches. Listed price: 2659 EUR."
316,"ASUS VivoBook 16X M1603QA-MB013W AMD Ryzen 5 5600H/16GB/512GB SSD/16""",ASUS,VivoBook,AMD Ryzen 5,AMD,Ryzen 5,16.0,512.0,SSD,,False,16.0,False,EUR,,,False,Ryzen 5 5600H,,,579.01,"ASUS VivoBook 16X M1603QA-MB013W AMD Ryzen 5 5600H/16GB/512GB SSD/16"" is a laptop by ASUS. Processor: Ryzen 5 5600H. It has 16 GB RAM and 512 GB SSD storage. The screen is 16 inches. Listed price: 579 EUR."
317,"MSI Thin GF63 12VE-040ES Intel Core i5-12450H/16GB/512GB SSD/RTX 4050/15.6""",MSI,Thin,Intel Core i5,Intel,Core i5,16.0,512.0,SSD,RTX 4050,True,15.6,False,EUR,,,False,i5-12450H,12.0,RTX 4050,1199.0,"MSI Thin GF63 12VE-040ES Intel Core i5-12450H/16GB/512GB SSD/RTX 4050/15.6"" is a laptop by MSI. Processor: i5-12450H (Intel generation 12). It has 16 GB RAM and 512 GB SSD storage. Dedicated graphics: RTX 4050. The screen is 15.6 inches. Listed price: 1199 EUR."
318,"Gigabyte G5 KF-E3ES313SH Intel Core i5-12500H/16GB/512GB SSD/RTX 4060/15.6""",Gigabyte,G5,Intel Core i5,Intel,Core i5,16.0,512.0,SSD,RTX 4060,True,15.6,False,EUR,,,False,i5-12500H,12.0,RTX 4060,1189.01,"Gigabyte G5 KF-E3ES313SH Intel Core i5-12500H/16GB/512GB SSD/RTX 4060/15.6"" is a laptop by Gigabyte. Processor: i5-12500H (Intel generation 12). It has 16 GB RAM and 512 GB SSD storage. Dedicated graphics: RTX 4060. The screen is 15.6 inches. Listed price: 1189 EUR."
319,ASUS Zenbook UM3402YA AMD Ryzen 5-5625U/8GB/512GB SSD/14'' (PT),ASUS,ZenBook,AMD Ryzen 5,AMD,Ryzen 5,8.0,512.0,SSD,,False,14.0,False,EUR,,,False,,,,809.45,ASUS Zenbook UM3402YA AMD Ryzen 5-5625U/8GB/512GB SSD/14'' (PT) is a laptop by ASUS. Processor: AMD Ryzen 5. It has 8 GB RAM and 512 GB SSD storage. The screen is 14 inches. Listed price: 809 EUR.
320,"MSI Creator M16 B13UDX-687XES Intel Core i7-13700H/16GB/1TB SSD/RTX 3050/16""",MSI,Creator,Intel Core i7,Intel,Core i7,16.0,1000.0,SSD,RTX 3050,True,16.0,False,EUR,,,False,i7-13700H,13.0,RTX 3050,1599.0,"MSI Creator M16 B13UDX-687XES Intel Core i7-13700H/16GB/1TB SSD/RTX 3050/16"" is a laptop by MSI. Processor: i7-13700H (Intel generation 13). It has 16 GB RAM and 1000 GB SSD storage. Dedicated graphics: RTX 3050. The screen is 16 inches. Listed price: 1599 EUR."
321,"HP Victus 16-e0061ns AMD Ryzen 7 5800H/16GB/512GB SSD/RTX 3050/16.1""",HP,Victus,AMD Ryzen 7,AMD,Ryzen 7,16.0,512.0,SSD,RTX 3050,True,16.1,False,EUR,,,False,Ryzen 7 5800H,,RTX 3050,1149.0,"HP Victus 16-e0061ns AMD Ryzen 7 5800H/16GB/512GB SSD/RTX 3050/16.1"" is a laptop by HP. Processor: Ryzen 7 5800H. It has 16 GB RAM and 512 GB SSD storage. Dedicated graphics: RTX 3050. The screen is 16.1 inches. Listed price: 1149 EUR."
322,"ASUS ROG Strix G17 G713RS-LL008 AMD Ryzen 9 6900HX/32GB/1TB SSD/RTX 3080/17.3""",ASUS,ROG,AMD Ryzen 9,AMD,Ryzen 9,32.0,1000.0,SSD,RTX 3080,True,17.3,False,EUR,,,False,Ryzen 9 6900HX,,RTX 3080,2999.0,"ASUS ROG Strix G17 G713RS-LL008 AMD Ryzen 9 6900HX/32GB/1TB SSD/RTX 3080/17.3"" is a laptop by ASUS. Processor: Ryzen 9 6900HX. It has 32 GB RAM and 1000 GB SSD storage. Dedicated graphics: RTX 3080. The screen is 17.3 inches. Listed price: 2999 EUR."
323,"Apple Macbook Pro Apple M2/8GB/512GB SSD/GPU Deca Core/13.3"" Plata",Apple,MacBook Pro,Apple M2,Apple,Apple M2,8.0,512.0,SSD,,False,13.3,False,EUR,,,False,Apple M2,,,1849.0,"Apple Macbook Pro Apple M2/8GB/512GB SSD/GPU Deca Core/13.3"" Plata is a laptop by Apple. Processor: Apple M2. It has 8 GB RAM and 512 GB SSD storage. The screen is 13.3 inches. Listed price: 1849 EUR."
324,"Apple Macbook Pro Apple M2/16GB/256GB SSD/GPU Deca Core/13.3"" Gris Espacial",Apple,MacBook Pro,Apple M2,Apple,Apple M2,16.0,256.0,SSD,,False,13.3,False,EUR,,,False,Apple M2,,,1729.01,"Apple Macbook Pro Apple M2/16GB/256GB SSD/GPU Deca Core/13.3"" Gris Espacial is a laptop by Apple. Processor: Apple M2. It has 16 GB RAM and 256 GB SSD storage. The screen is 13.3 inches. Listed price: 1729 EUR."
325,"ASUS Expertbook B9 B9400CBA-KC0686X Intel Core i5-1235U/16GB/512GB SSD/14""",ASUS,ExpertBook,Intel Core i5,Intel,Core i5,16.0,512.0,SSD,,False,14.0,False,EUR,,,False,i5-1235U,12.0,,1579.0,"ASUS Expertbook B9 B9400CBA-KC0686X Intel Core i5-1235U/16GB/512GB SSD/14"" is a laptop by ASUS. Processor: i5-1235U (Intel generation 12). It has 16 GB RAM and 512 GB SSD storage. The screen is 14 inches. Listed price: 1579 EUR."
326,"MSI Stealth 16 Studio A13VG-033ES Intel Core i9-13900H/32GB/2TB SSD/RTX 4070/16""",MSI,Stealth,Intel Core i9,Intel,Core i9,32.0,2000.0,SSD,RTX 4070,True,16.0,False,EUR,,,False,i9-13900H,13.0,RTX 4070,2914.18,"MSI Stealth 16 Studio A13VG-033ES Intel Core i9-13900H/32GB/2TB SSD/RTX 4070/16"" is a laptop by MSI. Processor: i9-13900H (Intel generation 13). It has 32 GB RAM and 2000 GB SSD storage. Dedicated graphics: RTX 4070. The screen is 16 inches. Listed price: 2914 EUR."
327,"ASUS ROG Zephyrus G16 2023 GU603ZU-N4004 Intel Core i7-12700H/32GB/1TB SSD/RTX 4050/16""",ASUS,ROG,Intel Core i7,Intel,Core i7,32.0,1000.0,SSD,RTX 4050,True,16.0,False,EUR,,,False,N4004,,RTX 4050,1999.0,"ASUS ROG Zephyrus G16 2023 GU603ZU-N4004 Intel Core i7-12700H/32GB/1TB SSD/RTX 4050/16"" is a laptop by ASUS. Processor: N4004. It has 32 GB RAM and 1000 GB SSD storage. Dedicated graphics: RTX 4050. The screen is 16 inches. Listed price: 1999 EUR."
328,"MSI GF63 Thin 11UC-447XES Intel Core i5-11400H/16GB/512GB SSD/RTX 3050/15.6""",MSI,Thin,Intel Core i5,Intel,Core i5,16.0,512.0,SSD,RTX 3050,True,15.6,False,EUR,,,False,i5-11400H,11.0,RTX 3050,1049.0,"MSI GF63 Thin 11UC-447XES Intel Core i5-11400H/16GB/512GB SSD/RTX 3050/15.6"" is a laptop by MSI. Processor: i5-11400H (Intel generation 11). It has 16 GB RAM and 512 GB SSD storage. Dedicated graphics: RTX 3050. The screen is 15.6 inches. Listed price: 1049 EUR."
329,"ASUS TUF Gaming F15 FX507ZU4-LP003 Intel Core i7-12700H/16GB/1TB SSD/RTX 4050/15.6""",ASUS,TUF,Intel Core i7,Intel,Core i7,16.0,1000.0,SSD,RTX 4050,True,15.6,False,EUR,,,False,i7-12700H,12.0,RTX 4050,2049.0,"ASUS TUF Gaming F15 FX507ZU4-LP003 Intel Core i7-12700H/16GB/1TB SSD/RTX 4050/15.6"" is a laptop by ASUS. Processor: i7-12700H (Intel generation 12). It has 16 GB RAM and 1000 GB SSD storage. Dedicated graphics: RTX 4050. The screen is 15.6 inches. Listed price: 2049 EUR."
330,"HP Chromebook 15a-na0002ns Intel Celeron N4500/8GB/128GB eMMC/15.6""",HP,Chromebook,Intel Celeron,Intel,Celeron,8.0,128.0,eMMC,,False,15.6,False,EUR,,,False,Celeron N4500,,,429.01,"HP Chromebook 15a-na0002ns Intel Celeron N4500/8GB/128GB eMMC/15.6"" is a laptop by HP. Processor: Celeron N4500. It has 8 GB RAM and 128 GB eMMC storage. The screen is 15.6 inches. Listed price: 429 EUR."
331,"LG Ultra PC 17U70Q-P.AD78B Intel Evo Core i7-1260P/32GB/1TB SSD/RTX 3050Ti/17""",LG,Ultra,Intel Evo Core i7,Intel,Core i7,32.0,1000.0,SSD,RTX 3050,True,17.0,False,EUR,,,False,i7-1260P,12.0,RTX 3050,2199.0,"LG Ultra PC 17U70Q-P.AD78B Intel Evo Core i7-1260P/32GB/1TB SSD/RTX 3050Ti/17"" is a laptop by LG. Processor: i7-1260P (Intel generation 12). It has 32 GB RAM and 1000 GB SSD storage. Dedicated graphics: RTX 3050. The screen is 17 inches. Listed price: 2199 EUR."
332,"ASUS ROG Zephyrus M16 2023 GU604VZ-NM008W Intel Core i9-13900H/32GB/1TB SSD/RTX 4080/16""",ASUS,ROG,Intel Core i9,Intel,Core i9,32.0,1000.0,SSD,RTX 4080,True,16.0,False,EUR,,,False,i9-13900H,13.0,RTX 4080,3599.0,"ASUS ROG Zephyrus M16 2023 GU604VZ-NM008W Intel Core i9-13900H/32GB/1TB SSD/RTX 4080/16"" is a laptop by ASUS. Processor: i9-13900H (Intel generation 13). It has 32 GB RAM and 1000 GB SSD storage. Dedicated graphics: RTX 4080. The screen is 16 inches. Listed price: 3599 EUR."
333,"Lenovo V15 Gen 2 ALC AMD Ryzen 7 5700U/16GB/512GB SSD/15.6""",Lenovo,V15,AMD Ryzen 7,AMD,Ryzen 7,16.0,512.0,SSD,,False,15.6,False,EUR,,,False,Ryzen 7 5700U,,,739.01,"Lenovo V15 Gen 2 ALC AMD Ryzen 7 5700U/16GB/512GB SSD/15.6"" is a laptop by Lenovo. Processor: Ryzen 7 5700U. It has 16 GB RAM and 512 GB SSD storage. The screen is 15.6 inches. Listed price: 739 EUR."
334,"MSI Creator M16 B12VE-685XES Intel Core i7-12650H/32GB/1TB SSD/RTX 4050/16""",MSI,Creator,Intel Core i7,Intel,Core i7,32.0,1000.0,SSD,RTX 4050,True,16.0,False,EUR,,,False,i7-12650H,12.0,RTX 4050,1699.0,"MSI Creator M16 B12VE-685XES Intel Core i7-12650H/32GB/1TB SSD/RTX 4050/16"" is a laptop by MSI. Processor: i7-12650H (Intel generation 12). It has 32 GB RAM and 1000 GB SSD storage. Dedicated graphics: RTX 4050. The screen is 16 inches. Listed price: 1699 EUR."
335,"MSI Summit E16 Flip Evo A13MT-238ES Intel Evo Core i7-1360P/16GB/1TB SSD/16"" Táctil",MSI,Summit,Intel Evo Core i7,Intel,Core i7,16.0,1000.0,SSD,,False,16.0,True,EUR,,,False,i7-1360P,13.0,,1829.0,"MSI Summit E16 Flip Evo A13MT-238ES Intel Evo Core i7-1360P/16GB/1TB SSD/16"" Táctil is a laptop by MSI. Processor: i7-1360P (Intel generation 13). It has 16 GB RAM and 1000 GB SSD storage. The screen is 16 inches, touchscreen. Listed price: 1829 EUR."
336,"HP 15S-fq4043ns Intel Core i7-1195G7/16GB/512GB SSD/15.6""",HP,15S,Intel Core i7,Intel,Core i7,16.0,512.0,SSD,,False,15.6,False,EUR,,,False,i7-1195G7,11.0,,759.01,"HP 15S-fq4043ns Intel Core i7-1195G7/16GB/512GB SSD/15.6"" is a laptop by HP. Processor: i7-1195G7 (Intel generation 11). It has 16 GB RAM and 512 GB SSD storage. The screen is 15.6 inches. Listed price: 759 EUR."
337,"ASUS ROG Strix G17 G713RS-LL042 AMD Ryzen 7 6800H/32GB/1TB SSD/RTX 3080/17.3""",ASUS,ROG,AMD Ryzen 7,AMD,Ryzen 7,32.0,1000.0,SSD,RTX 3080,True,17.3,False,EUR,,,False,Ryzen 7 6800H,,RTX 3080,2999.0,"ASUS ROG Strix G17 G713RS-LL042 AMD Ryzen 7 6800H/32GB/1TB SSD/RTX 3080/17.3"" is a laptop by ASUS. Processor: Ryzen 7 6800H. It has 32 GB RAM and 1000 GB SSD storage. Dedicated graphics: RTX 3080. The screen is 17.3 inches. Listed price: 2999 EUR."
338,"MSI Prestige 14 Evo B13M-242ES Intel Core i7-13700H/32GB/1TB SSD/14""",MSI,Prestige,Intel Core i7,Intel,Core i7,32.0,1000.0,SSD,,False,14.0,False,EUR,,,False,i7-13700H,13.0,,1589.01,"MSI Prestige 14 Evo B13M-242ES Intel Core i7-13700H/32GB/1TB SSD/14"" is a laptop by MSI. Processor: i7-13700H (Intel generation 13). It has 32 GB RAM and 1000 GB SSD storage. The screen is 14 inches. Listed price: 1589 EUR."
339,"ASUS ROG Zephyrus G14 2023 GA402XV-N2028W AMD Ryzen 9 7940HS/32GB/1TB SSD/RTX 4060/14""",ASUS,ROG,AMD Ryzen 9,AMD,Ryzen 9,32.0,1000.0,SSD,RTX 4060,True,14.0,False,EUR,,,False,Ryzen 9 7940HS,,RTX 4060,2499.0,"ASUS ROG Zephyrus G14 2023 GA402XV-N2028W AMD Ryzen 9 7940HS/32GB/1TB SSD/RTX 4060/14"" is a laptop by ASUS. Processor: Ryzen 9 7940HS. It has 32 GB RAM and 1000 GB SSD storage. Dedicated graphics: RTX 4060. The screen is 14 inches. Listed price: 2499 EUR."
340,"MSI Katana GF66 12UC-820XES Intel Core i7-12650H/16GB/512GB SSD/RTX3050/15.6""",MSI,Katana,Intel Core i7,Intel,Core i7,16.0,512.0,SSD,RTX 3050,True,15.6,False,EUR,,,False,i7-12650H,12.0,RTX 3050,1199.0,"MSI Katana GF66 12UC-820XES Intel Core i7-12650H/16GB/512GB SSD/RTX3050/15.6"" is a laptop by MSI. Processor: i7-12650H (Intel generation 12). It has 16 GB RAM and 512 GB SSD storage. Dedicated graphics: RTX 3050. The screen is 15.6 inches. Listed price: 1199 EUR."
341,"Apple MacBook Pro Apple M2 Pro 10 Núcleos/16GB/512GB SSD/14.2"" Plata",Apple,MacBook Pro,Apple M2 Pro,Apple,Apple M2,16.0,512.0,SSD,,False,14.2,False,EUR,,,False,Apple M2 Pro,,,2269.0,"Apple MacBook Pro Apple M2 Pro 10 Núcleos/16GB/512GB SSD/14.2"" Plata is a laptop by Apple. Processor: Apple M2 Pro. It has 16 GB RAM and 512 GB SSD storage. The screen is 14.2 inches. Listed price: 2269 EUR."
342,"ASUS ROG Strix Scar 18 2023 G834JZ-N6004W Intel Core i9-13980HX/32GB/1TB SSD/RTX 4080/18""",ASUS,ROG,Intel Core i9,Intel,Core i9,32.0,1000.0,SSD,RTX 4080,True,18.0,False,EUR,,,False,i9-13980HX,13.0,RTX 4080,3399.0,"ASUS ROG Strix Scar 18 2023 G834JZ-N6004W Intel Core i9-13980HX/32GB/1TB SSD/RTX 4080/18"" is a laptop by ASUS. Processor: i9-13980HX (Intel generation 13). It has 32 GB RAM and 1000 GB SSD storage. Dedicated graphics: RTX 4080. The screen is 18 inches. Listed price: 3399 EUR."
343,"ASUS F1500EA-BQ3065W Intel Core i5-1135G7/8GB/512GB SSD/15.6""",ASUS,VivoBook,Intel Core i5,Intel,Core i5,8.0,512.0,SSD,,False,15.6,False,EUR,,,False,i5-1135G7,11.0,,509.0,"ASUS F1500EA-BQ3065W Intel Core i5-1135G7/8GB/512GB SSD/15.6"" is a laptop by ASUS. Processor: i5-1135G7 (Intel generation 11). It has 8 GB RAM and 512 GB SSD storage. The screen is 15.6 inches. Listed price: 509 EUR."
344,"Apple MacBook Air Apple M1/16 GB/512GB SSD/GPU Hepta Core/13.3"" Gris Espacial",Apple,MacBook Air,Apple M1,Apple,Apple M1,16.0,512.0,SSD,,False,13.3,False,EUR,,,False,Apple M1,,,1569.01,"Apple MacBook Air Apple M1/16 GB/512GB SSD/GPU Hepta Core/13.3"" Gris Espacial is a laptop by Apple. Processor: Apple M1. It has 16 GB RAM and 512 GB SSD storage. The screen is 13.3 inches. Listed price: 1569 EUR."
345,"ASUS Expertbook B9 B9400CBA-KC0681X Intel Core i7-1255U/16GB/512GB SSD/14""",ASUS,ExpertBook,Intel Core i7,Intel,Core i7,16.0,512.0,SSD,,False,14.0,False,EUR,,,False,i7-1255U,12.0,,1719.0,"ASUS Expertbook B9 B9400CBA-KC0681X Intel Core i7-1255U/16GB/512GB SSD/14"" is a laptop by ASUS. Processor: i7-1255U (Intel generation 12). It has 16 GB RAM and 512 GB SSD storage. The screen is 14 inches. Listed price: 1719 EUR."
346,ASUS M515UA-R55BHDSB2 AMD Ryzen 5 5500U/16GB/256GB SSD/15.6'' (PT),ASUS,M515UA,AMD Ryzen 5,AMD,Ryzen 5,16.0,256.0,SSD,,False,15.6,False,EUR,,,False,Ryzen 5 5500U,,,625.41,ASUS M515UA-R55BHDSB2 AMD Ryzen 5 5500U/16GB/256GB SSD/15.6'' (PT) is a laptop by ASUS. Processor: Ryzen 5 5500U. It has 16 GB RAM and 256 GB SSD storage. The screen is 15.6 inches. Listed price: 625 EUR.
347,"Apple Macbook Pro Apple M2/16GB/512GB SSD/GPU Deca Core/13.3"" Gris Espacial",Apple,MacBook Pro,Apple M2,Apple,Apple M2,16.0,512.0,SSD,,False,13.3,False,EUR,,,False,Apple M2,,,1899.01,"Apple Macbook Pro Apple M2/16GB/512GB SSD/GPU Deca Core/13.3"" Gris Espacial is a laptop by Apple. Processor: Apple M2. It has 16 GB RAM and 512 GB SSD storage. The screen is 13.3 inches. Listed price: 1899 EUR."
348,"ASUS VivoBook F1500EA-BQ2361W Intel Core i3-1115G4/8GB/256GB SSD/15.6""",ASUS,VivoBook,Intel Core i3,Intel,Core i3,8.0,256.0,SSD,,False,15.6,False,EUR,,,False,i3-1115G4,11.0,,396.0,"ASUS VivoBook F1500EA-BQ2361W Intel Core i3-1115G4/8GB/256GB SSD/15.6"" is a laptop by ASUS. Processor: i3-1115G4 (Intel generation 11). It has 8 GB RAM and 256 GB SSD storage. The screen is 15.6 inches. Listed price: 396 EUR."
349,"Medion Akoya S15449-MD62128 Intel Core i5-1135G7/8GB/512GB SSD/15.6""",Medion,Akoya,Intel Core i5,Intel,Core i5,8.0,512.0,SSD,,False,15.6,False,EUR,,,False,i5-1135G7,11.0,,669.01,"Medion Akoya S15449-MD62128 Intel Core i5-1135G7/8GB/512GB SSD/15.6"" is a laptop by Medion. Processor: i5-1135G7 (Intel generation 11). It has 8 GB RAM and 512 GB SSD storage. The screen is 15.6 inches. Listed price: 669 EUR."
350,"ASUS TUF Gaming A16 Advantage Edition 2023 FA617NS-N3020 AMD Ryzen 7 7735HS/16GB/1TB SSD/Radeon RX 7600S/16""",ASUS,TUF,AMD Ryzen 7,AMD,Ryzen 7,16.0,1000.0,SSD,RX 7600S,True,16.0,False,EUR,,,False,N3020,,RX 7600S,1499.0,"ASUS TUF Gaming A16 Advantage Edition 2023 FA617NS-N3020 AMD Ryzen 7 7735HS/16GB/1TB SSD/Radeon RX 7600S/16"" is a laptop by ASUS. Processor: N3020. It has 16 GB RAM and 1000 GB SSD storage. Dedicated graphics: RX 7600S. The screen is 16 inches. Listed price: 1499 EUR."
351,"Apple Macbook Air 2023 Apple M2/8GB/512GB SSD/GPU Deca Core/15.3"" Medianoche",Apple,MacBook Air,Apple M2,Apple,Apple M2,8.0,512.0,SSD,,False,15.3,False,EUR,,,False,Apple M2,,,1829.0,"Apple Macbook Air 2023 Apple M2/8GB/512GB SSD/GPU Deca Core/15.3"" Medianoche is a laptop by Apple. Processor: Apple M2. It has 8 GB RAM and 512 GB SSD storage. The screen is 15.3 inches. Listed price: 1829 EUR."
352,"Acer Aspire 3 A315-58 Intel Core i7-1165G7/8GB/512GB SSD/15.6""",Acer,Aspire,Intel Core i7,Intel,Core i7,8.0,512.0,SSD,,False,15.6,False,EUR,,,False,i7-1165G7,11.0,,729.0,"Acer Aspire 3 A315-58 Intel Core i7-1165G7/8GB/512GB SSD/15.6"" is a laptop by Acer. Processor: i7-1165G7 (Intel generation 11). It has 8 GB RAM and 512 GB SSD storage. The screen is 15.6 inches. Listed price: 729 EUR."
353,"HP Pavilion x360 14-ek0015ns Intel Core i5-1235U/8GB/512GB SSD/14"" Táctil",HP,Pavilion,Intel Core i5,Intel,Core i5,8.0,512.0,SSD,,False,14.0,True,EUR,,,False,i5-1235U,12.0,,1149.0,"HP Pavilion x360 14-ek0015ns Intel Core i5-1235U/8GB/512GB SSD/14"" Táctil is a laptop by HP. Processor: i5-1235U (Intel generation 12). It has 8 GB RAM and 512 GB SSD storage. The screen is 14 inches, touchscreen. Listed price: 1149 EUR."
354,"HP ProBook 455 G10 AMD Ryzen 5 7530U/16GB/512GB SSD/15.6""",HP,ProBook,AMD Ryzen 5,AMD,Ryzen 5,16.0,512.0,SSD,,False,15.6,False,EUR,,,False,Ryzen 5 7530U,,,799.0,"HP ProBook 455 G10 AMD Ryzen 5 7530U/16GB/512GB SSD/15.6"" is a laptop by HP. Processor: Ryzen 5 7530U. It has 16 GB RAM and 512 GB SSD storage. The screen is 15.6 inches. Listed price: 799 EUR."
355,"MSI Raider GE68HX 13VG-042XES Intel Core i9-13950HX/32GB/1TB SSD/RTX 4070/16""",MSI,Raider,Intel Core i9,Intel,Core i9,32.0,1000.0,SSD,RTX 4070,True,16.0,False,EUR,,,False,i9-13950HX,13.0,RTX 4070,3099.0,"MSI Raider GE68HX 13VG-042XES Intel Core i9-13950HX/32GB/1TB SSD/RTX 4070/16"" is a laptop by MSI. Processor: i9-13950HX (Intel generation 13). It has 32 GB RAM and 1000 GB SSD storage. Dedicated graphics: RTX 4070. The screen is 16 inches. Listed price: 3099 EUR."
356,"Acer Predator Helios 300 PH315-55-7174 Intel Core i7-12700H/16GB/512GB SSD/RTX 3060/15.6""",Acer,Predator,Intel Core i7,Intel,Core i7,16.0,512.0,SSD,RTX 3060,True,15.6,False,EUR,,,False,i7-12700H,12.0,RTX 3060,1779.0,"Acer Predator Helios 300 PH315-55-7174 Intel Core i7-12700H/16GB/512GB SSD/RTX 3060/15.6"" is a laptop by Acer. Processor: i7-12700H (Intel generation 12). It has 16 GB RAM and 512 GB SSD storage. Dedicated graphics: RTX 3060. The screen is 15.6 inches. Listed price: 1779 EUR."
357,"HP 250 G9 Intel Core i7-1255U/16 GB/512GB SSD/15.6""",HP,250,Intel Core i7,Intel,Core i7,16.0,512.0,SSD,,False,15.6,False,EUR,,,False,i7-1255U,12.0,,819.0,"HP 250 G9 Intel Core i7-1255U/16 GB/512GB SSD/15.6"" is a laptop by HP. Processor: i7-1255U (Intel generation 12). It has 16 GB RAM and 512 GB SSD storage. The screen is 15.6 inches. Listed price: 819 EUR."
358,"HP Envy 16-h0002ns Intel Evo Core i7-12700H/16GB/1TB SSD/Intel Arc A370M/16""",HP,Envy,Intel Evo Core i7,Intel,Core i7,16.0,1000.0,SSD,A 370M,True,16.0,False,EUR,,,False,i7-12700H,12.0,A 370M,1799.0,"HP Envy 16-h0002ns Intel Evo Core i7-12700H/16GB/1TB SSD/Intel Arc A370M/16"" is a laptop by HP. Processor: i7-12700H (Intel generation 12). It has 16 GB RAM and 1000 GB SSD storage. Dedicated graphics: A 370M. The screen is 16 inches. Listed price: 1799 EUR."
359,"ASUS TUF Gaming A16 Advantage Edition 2023 FA617XS-N3035 AMD Ryzen 9 7940HS/16GB/1TB SSD/Radeon RX 7600S/16""",ASUS,TUF,AMD Ryzen 9,AMD,Ryzen 9,16.0,1000.0,SSD,RX 7600S,True,16.0,False,EUR,,,False,N3035,,RX 7600S,1699.0,"ASUS TUF Gaming A16 Advantage Edition 2023 FA617XS-N3035 AMD Ryzen 9 7940HS/16GB/1TB SSD/Radeon RX 7600S/16"" is a laptop by ASUS. Processor: N3035. It has 16 GB RAM and 1000 GB SSD storage. Dedicated graphics: RX 7600S. The screen is 16 inches. Listed price: 1699 EUR."
360,"ASUS TUF Gaming F15 FX506LHB-HN324 Intel Core i5-10300H/16GB/512GB SSD/GTX 1650/15.6""",ASUS,TUF,Intel Core i5,Intel,Core i5,16.0,512.0,SSD,GTX 1650,True,15.6,False,EUR,,,False,i5-10300H,10.0,GTX 1650,999.0,"ASUS TUF Gaming F15 FX506LHB-HN324 Intel Core i5-10300H/16GB/512GB SSD/GTX 1650/15.6"" is a laptop by ASUS. Processor: i5-10300H (Intel generation 10). It has 16 GB RAM and 512 GB SSD storage. Dedicated graphics: GTX 1650. The screen is 15.6 inches. Listed price: 999 EUR."
361,"HP 250 G8 Intel Celeron N4020/8 GB/256 GB SSD/15.6""",HP,250,Intel Celeron,Intel,Celeron,8.0,256.0,SSD,,False,15.6,False,EUR,,,False,Celeron N4020,,,383.26,"HP 250 G8 Intel Celeron N4020/8 GB/256 GB SSD/15.6"" is a laptop by HP. Processor: Celeron N4020. It has 8 GB RAM and 256 GB SSD storage. The screen is 15.6 inches. Listed price: 383 EUR."
362,"HP ChromeBook x360 14a-ca0029ns Intel Celeron N4120/4GB/64GB eMMC/14"" Táctil",HP,Chromebook,Intel Celeron,Intel,Celeron,4.0,64.0,eMMC,,False,14.0,True,EUR,,,False,Celeron N4120,,,399.0,"HP ChromeBook x360 14a-ca0029ns Intel Celeron N4120/4GB/64GB eMMC/14"" Táctil is a laptop by HP. Processor: Celeron N4120. It has 4 GB RAM and 64 GB eMMC storage. The screen is 14 inches, touchscreen. Listed price: 399 EUR."
363,"ASUS ROG Strix G16 G614JI-N4089W Intel Core i9-13980HX/32GB/1TB SSD/RTX 4070/16""",ASUS,ROG,Intel Core i9,Intel,Core i9,32.0,1000.0,SSD,RTX 4070,True,16.0,False,EUR,,,False,i9-13980HX,13.0,RTX 4070,2699.0,"ASUS ROG Strix G16 G614JI-N4089W Intel Core i9-13980HX/32GB/1TB SSD/RTX 4070/16"" is a laptop by ASUS. Processor: i9-13980HX (Intel generation 13). It has 32 GB RAM and 1000 GB SSD storage. Dedicated graphics: RTX 4070. The screen is 16 inches. Listed price: 2699 EUR."
364,"MSI Raider GE78HX 13VG-041XES Intel Core i7-13700HX/32GB/1TB SSD/RTX 4070/17""",MSI,Raider,Intel Core i7,Intel,Core i7,32.0,1000.0,SSD,RTX 4070,True,17.0,False,EUR,,,False,i7-13700HX,13.0,RTX 4070,2799.0,"MSI Raider GE78HX 13VG-041XES Intel Core i7-13700HX/32GB/1TB SSD/RTX 4070/17"" is a laptop by MSI. Processor: i7-13700HX (Intel generation 13). It has 32 GB RAM and 1000 GB SSD storage. Dedicated graphics: RTX 4070. The screen is 17 inches. Listed price: 2799 EUR."
365,"Acer Aspire 3 A315-34 Intel Celeron N4020/8 GB/256GB SSD/15.6""",Acer,Aspire,Intel Celeron,Intel,Celeron,8.0,256.0,SSD,,False,15.6,False,EUR,,,False,Celeron N4020,,,306.99,"Acer Aspire 3 A315-34 Intel Celeron N4020/8 GB/256GB SSD/15.6"" is a laptop by Acer. Processor: Celeron N4020. It has 8 GB RAM and 256 GB SSD storage. The screen is 15.6 inches. Listed price: 307 EUR."
366,"PcCom Revolt 3060 Intel Core i7-12700H/32GB/1TB SSD/RTX 3060/15.6""",Pccom,Revolt,Intel Core i7,Intel,Core i7,32.0,1000.0,SSD,RTX 3060,True,15.6,False,EUR,,,False,i7-12700H,12.0,RTX 3060,1649.0,"PcCom Revolt 3060 Intel Core i7-12700H/32GB/1TB SSD/RTX 3060/15.6"" is a laptop by Pccom. Processor: i7-12700H (Intel generation 12). It has 32 GB RAM and 1000 GB SSD storage. Dedicated graphics: RTX 3060. The screen is 15.6 inches. Listed price: 1649 EUR."
367,"Microsoft Surface Laptop Go 2 Intel Core i5-1135G7/8GB/256GB SSD/12.4"" Táctil",Microsoft,Surface Laptop,Intel Core i5,Intel,Core i5,8.0,256.0,SSD,,False,12.4,True,EUR,,,False,i5-1135G7,11.0,,869.0,"Microsoft Surface Laptop Go 2 Intel Core i5-1135G7/8GB/256GB SSD/12.4"" Táctil is a laptop by Microsoft. Processor: i5-1135G7 (Intel generation 11). It has 8 GB RAM and 256 GB SSD storage. The screen is 12.4 inches, touchscreen. Listed price: 869 EUR."
368,ASUS TUF Gaming F17 FX707VV4-HX025 Intel Core i9-13900H/32GB/1TB SSD/RTX 4060/17.3'',ASUS,TUF,Intel Core i9,Intel,Core i9,32.0,1000.0,SSD,RTX 4060,True,17.3,False,EUR,,,False,i9-13900H,13.0,RTX 4060,2099.0,ASUS TUF Gaming F17 FX707VV4-HX025 Intel Core i9-13900H/32GB/1TB SSD/RTX 4060/17.3'' is a laptop by ASUS. Processor: i9-13900H (Intel generation 13). It has 32 GB RAM and 1000 GB SSD storage. Dedicated graphics: RTX 4060. The screen is 17.3 inches. Listed price: 2099 EUR.
369,"ASUS Vivobook 15X OLED M1503QA-R75BOHDSB1 AMD Ryzen 7 5800H/HS/16GB/1TB SSD/15.6"" (PT)",ASUS,VivoBook,AMD Ryzen 7,AMD,Ryzen 7,16.0,1000.0,SSD,,False,15.6,False,EUR,,,False,Ryzen 7 5800H,,,1149.04,"ASUS Vivobook 15X OLED M1503QA-R75BOHDSB1 AMD Ryzen 7 5800H/HS/16GB/1TB SSD/15.6"" (PT) is a laptop by ASUS. Processor: Ryzen 7 5800H. It has 16 GB RAM and 1000 GB SSD storage. The screen is 15.6 inches. Listed price: 1149 EUR."
370,ASUS TUF Gaming F17 FX707VU4-HX028 Intel Core i9-13900H/32GB/1TB SSD/RTX 4050/17.3'',ASUS,TUF,Intel Core i9,Intel,Core i9,32.0,1000.0,SSD,RTX 4050,True,17.3,False,EUR,,,False,i9-13900H,13.0,RTX 4050,1889.0,ASUS TUF Gaming F17 FX707VU4-HX028 Intel Core i9-13900H/32GB/1TB SSD/RTX 4050/17.3'' is a laptop by ASUS. Processor: i9-13900H (Intel generation 13). It has 32 GB RAM and 1000 GB SSD storage. Dedicated graphics: RTX 4050. The screen is 17.3 inches. Listed price: 1889 EUR.
371,ASUS TUF Gaming F17 FX707ZU4-HX005 Intel Core i7-12700H/16GB/1TB SSD/RTX 4050/17.3'',ASUS,TUF,Intel Core i7,Intel,Core i7,16.0,1000.0,SSD,RTX 4050,True,17.3,False,EUR,,,False,i7-12700H,12.0,RTX 4050,1619.0,ASUS TUF Gaming F17 FX707ZU4-HX005 Intel Core i7-12700H/16GB/1TB SSD/RTX 4050/17.3'' is a laptop by ASUS. Processor: i7-12700H (Intel generation 12). It has 16 GB RAM and 1000 GB SSD storage. Dedicated graphics: RTX 4050. The screen is 17.3 inches. Listed price: 1619 EUR.
372,"MSI Creator Z17 HX Studio A13VGT-046ES Intel Core i7-13700HX/32GB/1TB SSD/RTX 4070/17"" Táctil",MSI,Creator,Intel Core i7,Intel,Core i7,32.0,1000.0,SSD,RTX 4070,True,17.0,True,EUR,,,False,i7-13700HX,13.0,RTX 4070,3129.0,"MSI Creator Z17 HX Studio A13VGT-046ES Intel Core i7-13700HX/32GB/1TB SSD/RTX 4070/17"" Táctil is a laptop by MSI. Processor: i7-13700HX (Intel generation 13). It has 32 GB RAM and 1000 GB SSD storage. Dedicated graphics: RTX 4070. The screen is 17 inches, touchscreen. Listed price: 3129 EUR."
373,"Razer Blade 17 QHD 240Hz Intel Core i7-12800H/16GB/1TB SSD/RTX 3070Ti/17.3""",Razer,Blade,Intel Core i7,Intel,Core i7,16.0,1000.0,SSD,RTX 3070,True,17.3,False,EUR,,,False,i7-12800H,12.0,RTX 3070,3499.99,"Razer Blade 17 QHD 240Hz Intel Core i7-12800H/16GB/1TB SSD/RTX 3070Ti/17.3"" is a laptop by Razer. Processor: i7-12800H (Intel generation 12). It has 16 GB RAM and 1000 GB SSD storage. Dedicated graphics: RTX 3070. The screen is 17.3 inches. Listed price: 3500 EUR."
374,"Acer Extensa 15 EX215-54-31DH Intel Core i3-1115G4/8GB/256GB SSD/15.6""",Acer,Extensa,Intel Core i3,Intel,Core i3,8.0,256.0,SSD,,False,15.6,False,EUR,,,False,i3-1115G4,11.0,,394.0,"Acer Extensa 15 EX215-54-31DH Intel Core i3-1115G4/8GB/256GB SSD/15.6"" is a laptop by Acer. Processor: i3-1115G4 (Intel generation 11). It has 8 GB RAM and 256 GB SSD storage. The screen is 15.6 inches. Listed price: 394 EUR."
375,"MSI Summit E16 Flip A13VFT-082ES Intel Core i7-1360P/32GB/1TB SSD/RTX 4060/16"" Táctil",MSI,Summit,Intel Core i7,Intel,Core i7,32.0,1000.0,SSD,RTX 4060,True,16.0,True,EUR,,,False,i7-1360P,13.0,RTX 4060,2499.0,"MSI Summit E16 Flip A13VFT-082ES Intel Core i7-1360P/32GB/1TB SSD/RTX 4060/16"" Táctil is a laptop by MSI. Processor: i7-1360P (Intel generation 13). It has 32 GB RAM and 1000 GB SSD storage. Dedicated graphics: RTX 4060. The screen is 16 inches, touchscreen. Listed price: 2499 EUR."
376,"ASUS VivoBook F1605PA-MB091W Intel Core i5-11300H/8GB/512GB SSD/16""",ASUS,VivoBook,Intel Core i5,Intel,Core i5,8.0,512.0,SSD,,False,16.0,False,EUR,,,False,i5-11300H,11.0,,549.99,"ASUS VivoBook F1605PA-MB091W Intel Core i5-11300H/8GB/512GB SSD/16"" is a laptop by ASUS. Processor: i5-11300H (Intel generation 11). It has 8 GB RAM and 512 GB SSD storage. The screen is 16 inches. Listed price: 550 EUR."
377,"Medion Erazer Deputy P10 MD62132 Intel Core i5-10300H/8GB/512GB SSD/GTX 1660Ti/15.6""",Medion,Deputy,Intel Core i5,Intel,Core i5,8.0,512.0,SSD,GTX 1660,True,15.6,False,EUR,,,False,i5-10300H,10.0,GTX 1660,999.0,"Medion Erazer Deputy P10 MD62132 Intel Core i5-10300H/8GB/512GB SSD/GTX 1660Ti/15.6"" is a laptop by Medion. Processor: i5-10300H (Intel generation 10). It has 8 GB RAM and 512 GB SSD storage. Dedicated graphics: GTX 1660. The screen is 15.6 inches. Listed price: 999 EUR."
378,"HP OMEN 16-B1006NS Intel Core i7-12700H/16GB/1TB SSD/RTX 3060/16.1""",HP,Omen,Intel Core i7,Intel,Core i7,16.0,1000.0,SSD,RTX 3060,True,16.1,False,EUR,,,False,i7-12700H,12.0,RTX 3060,1699.01,"HP OMEN 16-B1006NS Intel Core i7-12700H/16GB/1TB SSD/RTX 3060/16.1"" is a laptop by HP. Processor: i7-12700H (Intel generation 12). It has 16 GB RAM and 1000 GB SSD storage. Dedicated graphics: RTX 3060. The screen is 16.1 inches. Listed price: 1699 EUR."
379,"Alurin Flex Advance Intel Core i5-1155G7/8GB/500GB SSD/15.6""",Alurin,Flex Advance,Intel Core i5,Intel,Core i5,8.0,500.0,SSD,,False,15.6,False,EUR,,,False,i5-1155G7,11.0,,500.0,"Alurin Flex Advance Intel Core i5-1155G7/8GB/500GB SSD/15.6"" is a laptop by Alurin. Processor: i5-1155G7 (Intel generation 11). It has 8 GB RAM and 500 GB SSD storage. The screen is 15.6 inches. Listed price: 500 EUR."
380,"Microsoft Surface Laptop 5 Alcántara Intel Evo Core i5-1235U/8GB/256GB SSD/13.5"" Táctil",Microsoft,Surface Laptop,Intel Evo Core i5,Intel,Core i5,8.0,256.0,SSD,,False,13.5,True,EUR,,,False,i5-1235U,12.0,,1179.0,"Microsoft Surface Laptop 5 Alcántara Intel Evo Core i5-1235U/8GB/256GB SSD/13.5"" Táctil is a laptop by Microsoft. Processor: i5-1235U (Intel generation 12). It has 8 GB RAM and 256 GB SSD storage. The screen is 13.5 inches, touchscreen. Listed price: 1179 EUR."
381,"LG Gram 16Z90Q Intel Evo Core i7-1260P/32GB/1TB SSD/16""",LG,Gram,Intel Evo Core i7,Intel,Core i7,32.0,1000.0,SSD,,False,16.0,False,EUR,,,False,i7-1260P,12.0,,1819.01,"LG Gram 16Z90Q Intel Evo Core i7-1260P/32GB/1TB SSD/16"" is a laptop by LG. Processor: i7-1260P (Intel generation 12). It has 32 GB RAM and 1000 GB SSD storage. The screen is 16 inches. Listed price: 1819 EUR."
382,"MSI Prestige 13 Evo A13M-032ES Intel Evo Core i7-1360P/16GB/1TB SSD/13.3""",MSI,Prestige,Intel Evo Core i7,Intel,Core i7,16.0,1000.0,SSD,,False,13.3,False,EUR,,,False,i7-1360P,13.0,,1499.01,"MSI Prestige 13 Evo A13M-032ES Intel Evo Core i7-1360P/16GB/1TB SSD/13.3"" is a laptop by MSI. Processor: i7-1360P (Intel generation 13). It has 16 GB RAM and 1000 GB SSD storage. The screen is 13.3 inches. Listed price: 1499 EUR."
383,"MSI Prestige 16 Studio A13VF-041ES Intel Core i7-13700H/32GB/1TB SSD/RTX 4060/16""",MSI,Prestige,Intel Core i7,Intel,Core i7,32.0,1000.0,SSD,RTX 4060,True,16.0,False,EUR,,,False,i7-13700H,13.0,RTX 4060,2239.01,"MSI Prestige 16 Studio A13VF-041ES Intel Core i7-13700H/32GB/1TB SSD/RTX 4060/16"" is a laptop by MSI. Processor: i7-13700H (Intel generation 13). It has 32 GB RAM and 1000 GB SSD storage. Dedicated graphics: RTX 4060. The screen is 16 inches. Listed price: 2239 EUR."
384,"ASUS ROG Strix Scar 16 2023 G634JY-NM014W Intel Core i9-13980HX/32GB/2TB SSD/RTX 4090/16""",ASUS,14w,Intel Core i9,Intel,Core i9,32.0,2000.0,SSD,RTX 4090,True,16.0,False,EUR,,,False,i9-13980HX,13.0,RTX 4090,4949.01,"ASUS ROG Strix Scar 16 2023 G634JY-NM014W Intel Core i9-13980HX/32GB/2TB SSD/RTX 4090/16"" is a laptop by ASUS. Processor: i9-13980HX (Intel generation 13). It has 32 GB RAM and 2000 GB SSD storage. Dedicated graphics: RTX 4090. The screen is 16 inches. Listed price: 4949 EUR."
385,"Acer Predator Triton 300 SE PT316-51s-74LT Intel Core i7-12700H/16GB/512GB SSD/RTX 3050Ti/16""",Acer,Predator,Intel Core i7,Intel,Core i7,16.0,512.0,SSD,RTX 3050,True,16.0,False,EUR,,,False,i7-12700H,12.0,RTX 3050,1589.01,"Acer Predator Triton 300 SE PT316-51s-74LT Intel Core i7-12700H/16GB/512GB SSD/RTX 3050Ti/16"" is a laptop by Acer. Processor: i7-12700H (Intel generation 12). It has 16 GB RAM and 512 GB SSD storage. Dedicated graphics: RTX 3050. The screen is 16 inches. Listed price: 1589 EUR."
386,"HP OMEN 16-b1025ns Intel Core i7-12700H/32GB/1TB SSD/RTX 3070/16.1""",HP,Omen,Intel Core i7,Intel,Core i7,32.0,1000.0,SSD,RTX 3070,True,16.1,False,EUR,,,False,i7-12700H,12.0,RTX 3070,1999.0,"HP OMEN 16-b1025ns Intel Core i7-12700H/32GB/1TB SSD/RTX 3070/16.1"" is a laptop by HP. Processor: i7-12700H (Intel generation 12). It has 32 GB RAM and 1000 GB SSD storage. Dedicated graphics: RTX 3070. The screen is 16.1 inches. Listed price: 1999 EUR."
387,"ASUS ExpertBook B1 B1402CBA-EB0821X Intel Core i7-1255U/16GB/512GB SSD/14""",ASUS,ExpertBook,Intel Core i7,Intel,Core i7,16.0,512.0,SSD,,False,14.0,False,EUR,,,False,i7-1255U,12.0,,1189.0,"ASUS ExpertBook B1 B1402CBA-EB0821X Intel Core i7-1255U/16GB/512GB SSD/14"" is a laptop by ASUS. Processor: i7-1255U (Intel generation 12). It has 16 GB RAM and 512 GB SSD storage. The screen is 14 inches. Listed price: 1189 EUR."
388,"MSI Titan GT77 HX 13VH-008ES Intel Core i9-13980HX/64GB/2TB SSD/RTX 4080/17.3"" + Bundle Gaming",MSI,Titan,Intel Core i9,Intel,Core i9,64.0,2000.0,SSD,RTX 4080,True,17.3,False,EUR,,,False,i9-13980HX,13.0,RTX 4080,4899.0,"MSI Titan GT77 HX 13VH-008ES Intel Core i9-13980HX/64GB/2TB SSD/RTX 4080/17.3"" + Bundle Gaming is a laptop by MSI. Processor: i9-13980HX (Intel generation 13). It has 64 GB RAM and 2000 GB SSD storage. Dedicated graphics: RTX 4080. The screen is 17.3 inches. Listed price: 4899 EUR."
389,"HP 250 G9 Intel Core i5-1235U/8 GB/512GB SSD/15.6""",HP,250,Intel Core i5,Intel,Core i5,8.0,512.0,SSD,,False,15.6,False,EUR,,,False,i5-1235U,12.0,,559.01,"HP 250 G9 Intel Core i5-1235U/8 GB/512GB SSD/15.6"" is a laptop by HP. Processor: i5-1235U (Intel generation 12). It has 8 GB RAM and 512 GB SSD storage. The screen is 15.6 inches. Listed price: 559 EUR."
390,"HP 250 G9 Intel Core i3-1215U/8 GB/256GB SSD/15.6""",HP,250,Intel Core i3,Intel,Core i3,8.0,256.0,SSD,,False,15.6,False,EUR,,,False,i3-1215U,12.0,,417.99,"HP 250 G9 Intel Core i3-1215U/8 GB/256GB SSD/15.6"" is a laptop by HP. Processor: i3-1215U (Intel generation 12). It has 8 GB RAM and 256 GB SSD storage. The screen is 15.6 inches. Listed price: 418 EUR."
391,"LG Gram 17Z90Q Intel Core i7-1260P/16GB/512GB SSD/RTX 2050/17""",LG,Gram,Intel Core i7,Intel,Core i7,16.0,512.0,SSD,RTX 2050,True,17.0,False,EUR,,,False,i7-1260P,12.0,RTX 2050,1409.01,"LG Gram 17Z90Q Intel Core i7-1260P/16GB/512GB SSD/RTX 2050/17"" is a laptop by LG. Processor: i7-1260P (Intel generation 12). It has 16 GB RAM and 512 GB SSD storage. Dedicated graphics: RTX 2050. The screen is 17 inches. Listed price: 1409 EUR."
392,"ASUS ROG Zephyrus M16 2023 GU604VY-NM001W Intel Core i9-13900H/32GB/2TB SSD/RTX 4090/16""",ASUS,ROG,Intel Core i9,Intel,Core i9,32.0,2000.0,SSD,RTX 4090,True,16.0,False,EUR,,,False,i9-13900H,13.0,RTX 4090,4299.0,"ASUS ROG Zephyrus M16 2023 GU604VY-NM001W Intel Core i9-13900H/32GB/2TB SSD/RTX 4090/16"" is a laptop by ASUS. Processor: i9-13900H (Intel generation 13). It has 32 GB RAM and 2000 GB SSD storage. Dedicated graphics: RTX 4090. The screen is 16 inches. Listed price: 4299 EUR."
393,"Lenovo IdeaPad Gaming 3 15ACH6 AMD Ryzen 5 5600H/16 GB/512 GB SSD/RTX3050/15.6""",Lenovo,IdeaPad,AMD Ryzen 5,AMD,Ryzen 5,16.0,512.0,SSD,RTX 3050,True,15.6,False,EUR,,,False,Ryzen 5 5600H,,RTX 3050,879.0,"Lenovo IdeaPad Gaming 3 15ACH6 AMD Ryzen 5 5600H/16 GB/512 GB SSD/RTX3050/15.6"" is a laptop by Lenovo. Processor: Ryzen 5 5600H. It has 16 GB RAM and 512 GB SSD storage. Dedicated graphics: RTX 3050. The screen is 15.6 inches. Listed price: 879 EUR."
394,"Apple MacBook Pro Apple M1 Max/32GB/1TB SSD/16.2"" Plata",Apple,MacBook Pro,Apple M1,Apple,Apple M1,32.0,1000.0,SSD,,False,16.2,False,EUR,,,False,Apple M1 Max,,,3849.0,"Apple MacBook Pro Apple M1 Max/32GB/1TB SSD/16.2"" Plata is a laptop by Apple. Processor: Apple M1 Max. It has 32 GB RAM and 1000 GB SSD storage. The screen is 16.2 inches. Listed price: 3849 EUR."
395,"Acer Predator Triton 300 SE PT314-52s-76F0 Intel Core i7-12700H/16GB/512GB SSD/RTX 3060/14""",Acer,Predator,Intel Core i7,Intel,Core i7,16.0,512.0,SSD,RTX 3060,True,14.0,False,EUR,,,False,i7-12700H,12.0,RTX 3060,1739.0,"Acer Predator Triton 300 SE PT314-52s-76F0 Intel Core i7-12700H/16GB/512GB SSD/RTX 3060/14"" is a laptop by Acer. Processor: i7-12700H (Intel generation 12). It has 16 GB RAM and 512 GB SSD storage. Dedicated graphics: RTX 3060. The screen is 14 inches. Listed price: 1739 EUR."
396,"ASUS VivoBook 15 F1500EA-EJ3108W Intel Core i5-1135G7/16GB/1TB SSD/15.6""",ASUS,VivoBook,Intel Core i5,Intel,Core i5,16.0,1000.0,SSD,,False,15.6,False,EUR,,,False,i5-1135G7,11.0,,665.0,"ASUS VivoBook 15 F1500EA-EJ3108W Intel Core i5-1135G7/16GB/1TB SSD/15.6"" is a laptop by ASUS. Processor: i5-1135G7 (Intel generation 11). It has 16 GB RAM and 1000 GB SSD storage. The screen is 15.6 inches. Listed price: 665 EUR."
397,"ASUS TUF Gaming F15 FX507ZU4-LP004 Intel Core i7-12700H/32GB/1TB SSD/RTX 4050/15.6""",ASUS,TUF,Intel Core i7,Intel,Core i7,32.0,1000.0,SSD,RTX 4050,True,15.6,False,EUR,,,False,i7-12700H,12.0,RTX 4050,1699.01,"ASUS TUF Gaming F15 FX507ZU4-LP004 Intel Core i7-12700H/32GB/1TB SSD/RTX 4050/15.6"" is a laptop by ASUS. Processor: i7-12700H (Intel generation 12). It has 32 GB RAM and 1000 GB SSD storage. Dedicated graphics: RTX 4050. The screen is 15.6 inches. Listed price: 1699 EUR."
398,"Acer Nitro 5 AN517-55-75RS Intel Core i7-12700H/16GB/512GB SSD/RTX 3060/17.3""",Acer,Nitro,Intel Core i7,Intel,Core i7,16.0,512.0,SSD,RTX 3060,True,17.3,False,EUR,,,False,i7-12700H,12.0,RTX 3060,1629.0,"Acer Nitro 5 AN517-55-75RS Intel Core i7-12700H/16GB/512GB SSD/RTX 3060/17.3"" is a laptop by Acer. Processor: i7-12700H (Intel generation 12). It has 16 GB RAM and 512 GB SSD storage. Dedicated graphics: RTX 3060. The screen is 17.3 inches. Listed price: 1629 EUR."
399,"Primux IoxBook 15I3A Intel Core i3-1005G1/8GB/256GB SSD/15.6""",Primux,Ioxbook,Intel Core i3,Intel,Core i3,8.0,256.0,SSD,,False,15.6,False,EUR,,,False,i3-1005G1,10.0,,283.42,"Primux IoxBook 15I3A Intel Core i3-1005G1/8GB/256GB SSD/15.6"" is a laptop by Primux. Processor: i3-1005G1 (Intel generation 10). It has 8 GB RAM and 256 GB SSD storage. The screen is 15.6 inches. Listed price: 283 EUR."
400,Lenovo Legion 5 15ACH6H-289 AMD Ryzen 5 5600H/8GB/512GB SSD/RTX3060/15.6'' (PT),Lenovo,Legion,AMD Ryzen 5,AMD,Ryzen 5,8.0,512.0,SSD,RTX 3060,True,15.6,False,EUR,,,False,Ryzen 5 5600H,,RTX 3060,1252.5,Lenovo Legion 5 15ACH6H-289 AMD Ryzen 5 5600H/8GB/512GB SSD/RTX3060/15.6'' (PT) is a laptop by Lenovo. Processor: Ryzen 5 5600H. It has 8 GB RAM and 512 GB SSD storage. Dedicated graphics: RTX 3060. The screen is 15.6 inches. Listed price: 1252 EUR.
401,"ASUS ROG Strix SCAR 15 G533ZS-HF043 Intel Core i9-12900H/32GB/1TB SSD/RTX 3080/15.6""",ASUS,ROG,Intel Core i9,Intel,Core i9,32.0,1000.0,SSD,RTX 3080,True,15.6,False,EUR,,,False,i9-12900H,12.0,RTX 3080,3499.0,"ASUS ROG Strix SCAR 15 G533ZS-HF043 Intel Core i9-12900H/32GB/1TB SSD/RTX 3080/15.6"" is a laptop by ASUS. Processor: i9-12900H (Intel generation 12). It has 32 GB RAM and 1000 GB SSD storage. Dedicated graphics: RTX 3080. The screen is 15.6 inches. Listed price: 3499 EUR."
402,"Lenovo IdeaPad Flex 5 14ITL05 Intel Core i5-1135G7/16GB/512GB SSD/14"" Táctil",Lenovo,IdeaPad,Intel Core i5,Intel,Core i5,16.0,512.0,SSD,,False,14.0,True,EUR,,,False,i5-1135G7,11.0,,829.01,"Lenovo IdeaPad Flex 5 14ITL05 Intel Core i5-1135G7/16GB/512GB SSD/14"" Táctil is a laptop by Lenovo. Processor: i5-1135G7 (Intel generation 11). It has 16 GB RAM and 512 GB SSD storage. The screen is 14 inches, touchscreen. Listed price: 829 EUR."
403,"Samsung Galaxy Book3 Intel Core i7-1355U/16GB/512GB SSD/15.6""",Samsung,Galaxy Book,Intel Core i7,Intel,Core i7,16.0,512.0,SSD,,False,15.6,False,EUR,,,False,i7-1355U,13.0,,1169.01,"Samsung Galaxy Book3 Intel Core i7-1355U/16GB/512GB SSD/15.6"" is a laptop by Samsung. Processor: i7-1355U (Intel generation 13). It has 16 GB RAM and 512 GB SSD storage. The screen is 15.6 inches. Listed price: 1169 EUR."
404,"ASUS VivoBook F1605PA-MB090W Intel Core i7-11370H/16GB/512GB SSD/16""",ASUS,VivoBook,Intel Core i7,Intel,Core i7,16.0,512.0,SSD,,False,16.0,False,EUR,,,False,i7-11370H,11.0,,769.0,"ASUS VivoBook F1605PA-MB090W Intel Core i7-11370H/16GB/512GB SSD/16"" is a laptop by ASUS. Processor: i7-11370H (Intel generation 11). It has 16 GB RAM and 512 GB SSD storage. The screen is 16 inches. Listed price: 769 EUR."
405,"Lenovo V15 Gen 2 ALC AMD Ryzen 3 5300U/8GB/512GB SSD/15.6""",Lenovo,V15,AMD Ryzen 3,AMD,Ryzen 3,8.0,512.0,SSD,,False,15.6,False,EUR,,,False,Ryzen 3 5300U,,,399.0,"Lenovo V15 Gen 2 ALC AMD Ryzen 3 5300U/8GB/512GB SSD/15.6"" is a laptop by Lenovo. Processor: Ryzen 3 5300U. It has 8 GB RAM and 512 GB SSD storage. The screen is 15.6 inches. Listed price: 399 EUR."
406,"Lenovo IdeaPad Gaming 3 15ACH6 AMD Ryzen 7 5800H/16GB/1TB SSD/RTX3060/15.6""",Lenovo,IdeaPad,AMD Ryzen 7,AMD,Ryzen 7,16.0,1000.0,SSD,RTX 3060,True,15.6,False,EUR,,,False,Ryzen 7 5800H,,RTX 3060,1269.0,"Lenovo IdeaPad Gaming 3 15ACH6 AMD Ryzen 7 5800H/16GB/1TB SSD/RTX3060/15.6"" is a laptop by Lenovo. Processor: Ryzen 7 5800H. It has 16 GB RAM and 1000 GB SSD storage. Dedicated graphics: RTX 3060. The screen is 15.6 inches. Listed price: 1269 EUR."
407,"LG Gram 15ZD90R-G.AX75B Intel Evo Core i7-1360P/16GB/512GB SSD/15""",LG,Gram,Intel Evo Core i7,Intel,Core i7,16.0,512.0,SSD,,False,15.0,False,EUR,,,False,i7-1360P,13.0,,1549.0,"LG Gram 15ZD90R-G.AX75B Intel Evo Core i7-1360P/16GB/512GB SSD/15"" is a laptop by LG. Processor: i7-1360P (Intel generation 13). It has 16 GB RAM and 512 GB SSD storage. The screen is 15 inches. Listed price: 1549 EUR."
408,"HP Victus 16-e1015ns AMD Ryzen 7 6800H/16GB/512GB SSD/RTX 3050/16.1""",HP,Victus,AMD Ryzen 7,AMD,Ryzen 7,16.0,512.0,SSD,RTX 3050,True,16.1,False,EUR,,,False,Ryzen 7 6800H,,RTX 3050,1629.0,"HP Victus 16-e1015ns AMD Ryzen 7 6800H/16GB/512GB SSD/RTX 3050/16.1"" is a laptop by HP. Processor: Ryzen 7 6800H. It has 16 GB RAM and 512 GB SSD storage. Dedicated graphics: RTX 3050. The screen is 16.1 inches. Listed price: 1629 EUR."
409,"Samsung Galaxy Book3 Intel Core i5-1335U/8GB/512GB SSD/15.6""",Samsung,Galaxy Book,Intel Core i5,Intel,Core i5,8.0,512.0,SSD,,False,15.6,False,EUR,,,False,i5-1335U,13.0,,924.98,"Samsung Galaxy Book3 Intel Core i5-1335U/8GB/512GB SSD/15.6"" is a laptop by Samsung. Processor: i5-1335U (Intel generation 13). It has 8 GB RAM and 512 GB SSD storage. The screen is 15.6 inches. Listed price: 925 EUR."
410,"LG Gram 17Z90P Intel Evo Core i7-1165G7/32GB/512GB SSD/17""",LG,Gram,Intel Evo Core i7,Intel,Core i7,32.0,512.0,SSD,,False,17.0,False,EUR,,,False,i7-1165G7,11.0,,2360.08,"LG Gram 17Z90P Intel Evo Core i7-1165G7/32GB/512GB SSD/17"" is a laptop by LG. Processor: i7-1165G7 (Intel generation 11). It has 32 GB RAM and 512 GB SSD storage. The screen is 17 inches. Listed price: 2360 EUR."
411,"HP Pavilion 14-dv2012ns Intel Core i7-1255U/16GB/1TB SSD/14""",HP,Pavilion,Intel Core i7,Intel,Core i7,16.0,1000.0,SSD,,False,14.0,False,EUR,,,False,i7-1255U,12.0,,1409.01,"HP Pavilion 14-dv2012ns Intel Core i7-1255U/16GB/1TB SSD/14"" is a laptop by HP. Processor: i7-1255U (Intel generation 12). It has 16 GB RAM and 1000 GB SSD storage. The screen is 14 inches. Listed price: 1409 EUR."
412,"Dell Vostro 5625 AMD Ryzen 5 5625U/8GB/256GB SSD/16""",Dell,Vostro,AMD Ryzen 5,AMD,Ryzen 5,8.0,256.0,SSD,,False,16.0,False,EUR,,,False,Ryzen 5 5625U,,,829.0,"Dell Vostro 5625 AMD Ryzen 5 5625U/8GB/256GB SSD/16"" is a laptop by Dell. Processor: Ryzen 5 5625U. It has 8 GB RAM and 256 GB SSD storage. The screen is 16 inches. Listed price: 829 EUR."
413,"HP Pavilion Plus 14-eh0006ns Intel Core i7-12700H/16GB/1TB SSD/14""",HP,Pavilion,Intel Core i7,Intel,Core i7,16.0,1000.0,SSD,,False,14.0,False,EUR,,,False,i7-12700H,12.0,,1629.0,"HP Pavilion Plus 14-eh0006ns Intel Core i7-12700H/16GB/1TB SSD/14"" is a laptop by HP. Processor: i7-12700H (Intel generation 12). It has 16 GB RAM and 1000 GB SSD storage. The screen is 14 inches. Listed price: 1629 EUR."
414,"MSI Stealth 17 Studio A13VH-031ES Intel Core i7-13700H/32GB/1TB SSD/RTX 4080/17.3""",MSI,Stealth,Intel Core i7,Intel,Core i7,32.0,1000.0,SSD,RTX 4080,True,17.3,False,EUR,,,False,i7-13700H,13.0,RTX 4080,3599.0,"MSI Stealth 17 Studio A13VH-031ES Intel Core i7-13700H/32GB/1TB SSD/RTX 4080/17.3"" is a laptop by MSI. Processor: i7-13700H (Intel generation 13). It has 32 GB RAM and 1000 GB SSD storage. Dedicated graphics: RTX 4080. The screen is 17.3 inches. Listed price: 3599 EUR."
415,"ASUS ROG Strix SCAR 17 2023 G733PZ-LL002 AMD Ryzen 9 7945HX/32GB/1TB SSD/RTX 4080/17.3""",ASUS,ROG,AMD Ryzen 9,AMD,Ryzen 9,32.0,1000.0,SSD,RTX 4080,True,17.3,False,EUR,,,False,Ryzen 9 7945HX,,RTX 4080,2999.01,"ASUS ROG Strix SCAR 17 2023 G733PZ-LL002 AMD Ryzen 9 7945HX/32GB/1TB SSD/RTX 4080/17.3"" is a laptop by ASUS. Processor: Ryzen 9 7945HX. It has 32 GB RAM and 1000 GB SSD storage. Dedicated graphics: RTX 4080. The screen is 17.3 inches. Listed price: 2999 EUR."
416,"ASUS Vivobook 14 F1400EA-EK1543W Intel Core i3-1115G4/8GB/256GB SSD/14""",ASUS,VivoBook,Intel Core i3,Intel,Core i3,8.0,256.0,SSD,,False,14.0,False,EUR,,,False,i3-1115G4,11.0,,549.0,"ASUS Vivobook 14 F1400EA-EK1543W Intel Core i3-1115G4/8GB/256GB SSD/14"" is a laptop by ASUS. Processor: i3-1115G4 (Intel generation 11). It has 8 GB RAM and 256 GB SSD storage. The screen is 14 inches. Listed price: 549 EUR."
417,"ASUS VivoBook Pro 16X OLED N7600ZE-L2109 Intel Core i7-12700H/32GB/512GB SSD/RTX 3050 Ti/16""",ASUS,VivoBook,Intel Core i7,Intel,Core i7,32.0,512.0,SSD,RTX 3050,True,16.0,False,EUR,,,False,i7-12700H,12.0,RTX 3050,2089.0,"ASUS VivoBook Pro 16X OLED N7600ZE-L2109 Intel Core i7-12700H/32GB/512GB SSD/RTX 3050 Ti/16"" is a laptop by ASUS. Processor: i7-12700H (Intel generation 12). It has 32 GB RAM and 512 GB SSD storage. Dedicated graphics: RTX 3050. The screen is 16 inches. Listed price: 2089 EUR."
418,"Dell Vostro 3510 Intel Core i5-1135G7/8GB/512GB SSD/15.6""",Dell,Vostro,Intel Core i5,Intel,Core i5,8.0,512.0,SSD,,False,15.6,False,EUR,,,False,i5-1135G7,11.0,,738.55,"Dell Vostro 3510 Intel Core i5-1135G7/8GB/512GB SSD/15.6"" is a laptop by Dell. Processor: i5-1135G7 (Intel generation 11). It has 8 GB RAM and 512 GB SSD storage. The screen is 15.6 inches. Listed price: 739 EUR."
419,"MSI Katana GF66 12UE-1203XES Intel Core i5-12450H/16GB/512GB SSD/RTX3060/15.6""",MSI,Katana,Intel Core i5,Intel,Core i5,16.0,512.0,SSD,RTX 3060,True,15.6,False,EUR,,,False,i5-12450H,12.0,RTX 3060,1349.0,"MSI Katana GF66 12UE-1203XES Intel Core i5-12450H/16GB/512GB SSD/RTX3060/15.6"" is a laptop by MSI. Processor: i5-12450H (Intel generation 12). It has 16 GB RAM and 512 GB SSD storage. Dedicated graphics: RTX 3060. The screen is 15.6 inches. Listed price: 1349 EUR."
420,"Acer Predator Helios 300 PH315-55-79BN Intel Core i7-12700H/32GB/1TB SSD/RTX3070/15.6""",Acer,Predator,Intel Core i7,Intel,Core i7,32.0,1000.0,SSD,RTX 3070,True,15.6,False,EUR,,,False,i7-12700H,12.0,RTX 3070,2389.0,"Acer Predator Helios 300 PH315-55-79BN Intel Core i7-12700H/32GB/1TB SSD/RTX3070/15.6"" is a laptop by Acer. Processor: i7-12700H (Intel generation 12). It has 32 GB RAM and 1000 GB SSD storage. Dedicated graphics: RTX 3070. The screen is 15.6 inches. Listed price: 2389 EUR."
421,"ASUS Vivobook 17 F712EA-AU678W Intel Core i5-1135G7/16GB/512GB SSD/17.3""",ASUS,VivoBook,Intel Core i5,Intel,Core i5,16.0,512.0,SSD,,False,17.3,False,EUR,,,False,i5-1135G7,11.0,,889.0,"ASUS Vivobook 17 F712EA-AU678W Intel Core i5-1135G7/16GB/512GB SSD/17.3"" is a laptop by ASUS. Processor: i5-1135G7 (Intel generation 11). It has 16 GB RAM and 512 GB SSD storage. The screen is 17.3 inches. Listed price: 889 EUR."
422,"MSI Stealth 17 Studio A13VI-030ES Intel Core i7-13700H/32GB/1TB SSD/RTX 4090/17.3""",MSI,Stealth,Intel Core i7,Intel,Core i7,32.0,1000.0,SSD,RTX 4090,True,17.3,False,EUR,,,False,i7-13700H,13.0,RTX 4090,3818.77,"MSI Stealth 17 Studio A13VI-030ES Intel Core i7-13700H/32GB/1TB SSD/RTX 4090/17.3"" is a laptop by MSI. Processor: i7-13700H (Intel generation 13). It has 32 GB RAM and 1000 GB SSD storage. Dedicated graphics: RTX 4090. The screen is 17.3 inches. Listed price: 3819 EUR."
423,"Gigabyte AORUS 5 SE4-73ES214SD Intel Core i7-12700H/16GB/1TB SSD/RTX 3070/15.6""",Gigabyte,Aorus,Intel Core i7,Intel,Core i7,16.0,1000.0,SSD,RTX 3070,True,15.6,False,EUR,,,False,i7-12700H,12.0,RTX 3070,1949.01,"Gigabyte AORUS 5 SE4-73ES214SD Intel Core i7-12700H/16GB/1TB SSD/RTX 3070/15.6"" is a laptop by Gigabyte. Processor: i7-12700H (Intel generation 12). It has 16 GB RAM and 1000 GB SSD storage. Dedicated graphics: RTX 3070. The screen is 15.6 inches. Listed price: 1949 EUR."
424,"Primux ioxbook 15R5C AMD Ryzen 5 3450U/8GB/512GB SSD/15.6""",Primux,Ioxbook,AMD Ryzen 5,AMD,Ryzen 5,8.0,512.0,SSD,,False,15.6,False,EUR,,,False,Ryzen 5 3450U,,,338.81,"Primux ioxbook 15R5C AMD Ryzen 5 3450U/8GB/512GB SSD/15.6"" is a laptop by Primux. Processor: Ryzen 5 3450U. It has 8 GB RAM and 512 GB SSD storage. The screen is 15.6 inches. Listed price: 339 EUR."
425,"ASUS VivoBook 13 Slate OLED T3300KA-LQ069W Intel Pentium Silver N6000/8GB/128GB SSD/13.3"" Táctil",ASUS,VivoBook,Intel Pentium,Intel,Pentium,8.0,128.0,SSD,,False,13.3,True,EUR,,,False,N6000,,,776.14,"ASUS VivoBook 13 Slate OLED T3300KA-LQ069W Intel Pentium Silver N6000/8GB/128GB SSD/13.3"" Táctil is a laptop by ASUS. Processor: N6000. It has 8 GB RAM and 128 GB SSD storage. The screen is 13.3 inches, touchscreen. Listed price: 776 EUR."
426,"Lenovo IdeaPad Flex 5 14ITL05 Intel Core i7-1165G7/16GB/512GB SSD/14"" Táctil",Lenovo,IdeaPad,Intel Core i7,Intel,Core i7,16.0,512.0,SSD,,False,14.0,True,EUR,,,False,i7-1165G7,11.0,,979.0,"Lenovo IdeaPad Flex 5 14ITL05 Intel Core i7-1165G7/16GB/512GB SSD/14"" Táctil is a laptop by Lenovo. Processor: i7-1165G7 (Intel generation 11). It has 16 GB RAM and 512 GB SSD storage. The screen is 14 inches, touchscreen. Listed price: 979 EUR."
427,"Apple Macbook Air Apple M2/16GB/512GB SSD/GPU Deca Core/13.6"" Midnight",Apple,MacBook Air,Apple M2,Apple,Apple M2,16.0,512.0,SSD,,False,13.6,False,EUR,,,False,Apple M2,,,1969.01,"Apple Macbook Air Apple M2/16GB/512GB SSD/GPU Deca Core/13.6"" Midnight is a laptop by Apple. Processor: Apple M2. It has 16 GB RAM and 512 GB SSD storage. The screen is 13.6 inches. Listed price: 1969 EUR."
428,"Acer Nitro 5 AN517-55-78S2 Intel Core i7-12700H/16GB/512GB SSD/RTX 3050Ti/17.3""",Acer,Nitro,Intel Core i7,Intel,Core i7,16.0,512.0,SSD,RTX 3050,True,17.3,False,EUR,,,False,i7-12700H,12.0,RTX 3050,1539.0,"Acer Nitro 5 AN517-55-78S2 Intel Core i7-12700H/16GB/512GB SSD/RTX 3050Ti/17.3"" is a laptop by Acer. Processor: i7-12700H (Intel generation 12). It has 16 GB RAM and 512 GB SSD storage. Dedicated graphics: RTX 3050. The screen is 17.3 inches. Listed price: 1539 EUR."
429,"ASUS Chromebook CX1400CNA-EK0238 Intel Celeron N3350/4GB/32GB eMMC/14""",ASUS,Chromebook,Intel Celeron,Intel,Celeron,4.0,32.0,eMMC,,False,14.0,False,EUR,,,False,Celeron N3350,,,299.0,"ASUS Chromebook CX1400CNA-EK0238 Intel Celeron N3350/4GB/32GB eMMC/14"" is a laptop by ASUS. Processor: Celeron N3350. It has 4 GB RAM and 32 GB eMMC storage. The screen is 14 inches. Listed price: 299 EUR."
430,"Alurin Flex Advance AMD Ryzen 5 5500U/8GB/500GB SSD/15.6""",Alurin,Flex Advance,AMD Ryzen 5,AMD,Ryzen 5,8.0,500.0,SSD,,False,15.6,False,EUR,,,False,Ryzen 5 5500U,,,459.0,"Alurin Flex Advance AMD Ryzen 5 5500U/8GB/500GB SSD/15.6"" is a laptop by Alurin. Processor: Ryzen 5 5500U. It has 8 GB RAM and 500 GB SSD storage. The screen is 15.6 inches. Listed price: 459 EUR."
431,"Lenovo V15 IGL Intel Celeron N4020/8GB/256GB SSD/15.6""",Lenovo,V15,Intel Celeron,Intel,Celeron,8.0,256.0,SSD,,False,15.6,False,EUR,,,False,Celeron N4020,,,322.49,"Lenovo V15 IGL Intel Celeron N4020/8GB/256GB SSD/15.6"" is a laptop by Lenovo. Processor: Celeron N4020. It has 8 GB RAM and 256 GB SSD storage. The screen is 15.6 inches. Listed price: 322 EUR."
432,"MSI Summit E13 Flip Evo A13MT-087ES Intel Evo Core i7-1360P/32GB/1TB SSD/13.4"" Táctil",MSI,Summit,Intel Evo Core i7,Intel,Core i7,32.0,1000.0,SSD,,False,13.4,True,EUR,,,False,i7-1360P,13.0,,1899.0,"MSI Summit E13 Flip Evo A13MT-087ES Intel Evo Core i7-1360P/32GB/1TB SSD/13.4"" Táctil is a laptop by MSI. Processor: i7-1360P (Intel generation 13). It has 32 GB RAM and 1000 GB SSD storage. The screen is 13.4 inches, touchscreen. Listed price: 1899 EUR."
433,"Acer Extensa 15 EX215-54 Intel Core i3-1115G4/8GB/256GB SSD/15.6""",Acer,Extensa,Intel Core i3,Intel,Core i3,8.0,256.0,SSD,,False,15.6,False,EUR,,,False,i3-1115G4,11.0,,413.99,"Acer Extensa 15 EX215-54 Intel Core i3-1115G4/8GB/256GB SSD/15.6"" is a laptop by Acer. Processor: i3-1115G4 (Intel generation 11). It has 8 GB RAM and 256 GB SSD storage. The screen is 15.6 inches. Listed price: 414 EUR."
434,"Acer Predator Triton 500 SE PT516-51s-79HF Intel Core i7-11800H/16GB/1TB SSD/RTX 3060/16""",Acer,Predator,Intel Core i7,Intel,Core i7,16.0,1000.0,SSD,RTX 3060,True,16.0,False,EUR,,,False,i7-11800H,11.0,RTX 3060,1929.01,"Acer Predator Triton 500 SE PT516-51s-79HF Intel Core i7-11800H/16GB/1TB SSD/RTX 3060/16"" is a laptop by Acer. Processor: i7-11800H (Intel generation 11). It has 16 GB RAM and 1000 GB SSD storage. Dedicated graphics: RTX 3060. The screen is 16 inches. Listed price: 1929 EUR."
435,"Lenovo IdeaPad 3 15ALC6-913 AMD Ryzen 7 5700U/8GB/512GB SSD/15.6"" (PT)",Lenovo,IdeaPad,AMD Ryzen 7,AMD,Ryzen 7,8.0,512.0,SSD,,False,15.6,False,EUR,,,False,Ryzen 7 5700U,,,730.97,"Lenovo IdeaPad 3 15ALC6-913 AMD Ryzen 7 5700U/8GB/512GB SSD/15.6"" (PT) is a laptop by Lenovo. Processor: Ryzen 7 5700U. It has 8 GB RAM and 512 GB SSD storage. The screen is 15.6 inches. Listed price: 731 EUR."
436,"MSI Creator M16 B13UDX-686ES Intel Core i7-13700H/16GB/1TB SSD/RTX 3050/16""",MSI,Creator,Intel Core i7,Intel,Core i7,16.0,1000.0,SSD,RTX 3050,True,16.0,False,EUR,,,False,i7-13700H,13.0,RTX 3050,1699.01,"MSI Creator M16 B13UDX-686ES Intel Core i7-13700H/16GB/1TB SSD/RTX 3050/16"" is a laptop by MSI. Processor: i7-13700H (Intel generation 13). It has 16 GB RAM and 1000 GB SSD storage. Dedicated graphics: RTX 3050. The screen is 16 inches. Listed price: 1699 EUR."
437,"MSI Creator M16 B13VE-683ES Intel Core i7-13700H/16GB/1TB SSD/RTX 4050/16""",MSI,Creator,Intel Core i7,Intel,Core i7,16.0,1000.0,SSD,RTX 4050,True,16.0,False,EUR,,,False,i7-13700H,13.0,RTX 4050,1899.01,"MSI Creator M16 B13VE-683ES Intel Core i7-13700H/16GB/1TB SSD/RTX 4050/16"" is a laptop by MSI. Processor: i7-13700H (Intel generation 13). It has 16 GB RAM and 1000 GB SSD storage. Dedicated graphics: RTX 4050. The screen is 16 inches. Listed price: 1899 EUR."
438,"MSI Raider GE68 HX 13VG-043ES Intel Core i7-13700HX/32GB/1TB SSD/RTX 4070/16""",MSI,Raider,Intel Core i7,Intel,Core i7,32.0,1000.0,SSD,RTX 4070,True,16.0,False,EUR,,,False,i7-13700HX,13.0,RTX 4070,2578.38,"MSI Raider GE68 HX 13VG-043ES Intel Core i7-13700HX/32GB/1TB SSD/RTX 4070/16"" is a laptop by MSI. Processor: i7-13700HX (Intel generation 13). It has 32 GB RAM and 1000 GB SSD storage. Dedicated graphics: RTX 4070. The screen is 16 inches. Listed price: 2578 EUR."
439,"Medion Erazer Crawler E40 Intel Core i5-13420H/16GB/1TB SSD/RTX 4050/15.6""",Medion,Erazer,Intel Core i5,Intel,Core i5,16.0,1000.0,SSD,RTX 4050,True,15.6,False,EUR,,,False,i5-13420H,13.0,RTX 4050,1119.01,"Medion Erazer Crawler E40 Intel Core i5-13420H/16GB/1TB SSD/RTX 4050/15.6"" is a laptop by Medion. Processor: i5-13420H (Intel generation 13). It has 16 GB RAM and 1000 GB SSD storage. Dedicated graphics: RTX 4050. The screen is 15.6 inches. Listed price: 1119 EUR."
440,"Medion Erazer Defender P40 Intel Core i7-13700HX/16GB/1TB SSD/RTX 4060/17.3""",Medion,Erazer,Intel Core i7,Intel,Core i7,16.0,1000.0,SSD,RTX 4060,True,17.3,False,EUR,,,False,i7-13700HX,13.0,RTX 4060,1629.0,"Medion Erazer Defender P40 Intel Core i7-13700HX/16GB/1TB SSD/RTX 4060/17.3"" is a laptop by Medion. Processor: i7-13700HX (Intel generation 13). It has 16 GB RAM and 1000 GB SSD storage. Dedicated graphics: RTX 4060. The screen is 17.3 inches. Listed price: 1629 EUR."
441,"HP OMEN 16-k0023ns Intel Core i9-12900H/32GB/1TB SSD/RTX 3070 Ti/16.1""",HP,Omen,Intel Core i9,Intel,Core i9,32.0,1000.0,SSD,RTX 3070,True,16.1,False,EUR,,,False,i9-12900H,12.0,RTX 3070,2399.01,"HP OMEN 16-k0023ns Intel Core i9-12900H/32GB/1TB SSD/RTX 3070 Ti/16.1"" is a laptop by HP. Processor: i9-12900H (Intel generation 12). It has 32 GB RAM and 1000 GB SSD storage. Dedicated graphics: RTX 3070. The screen is 16.1 inches. Listed price: 2399 EUR."
442,"MSI Summit E13 Flip Evo A13MT-229ES Intel Evo Core i7-1360P/16GB/512GB SSD/13.4"" Táctil",MSI,Summit,Intel Evo Core i7,Intel,Core i7,16.0,512.0,SSD,,False,13.4,True,EUR,,,False,i7-1360P,13.0,,1709.0,"MSI Summit E13 Flip Evo A13MT-229ES Intel Evo Core i7-1360P/16GB/512GB SSD/13.4"" Táctil is a laptop by MSI. Processor: i7-1360P (Intel generation 13). It has 16 GB RAM and 512 GB SSD storage. The screen is 13.4 inches, touchscreen. Listed price: 1709 EUR."
443,"HP OMEN 17-ck1002ns Intel Core i7-12700H/32GB/1TB SSD/RTX 3060/17.3""",HP,Omen,Intel Core i7,Intel,Core i7,32.0,1000.0,SSD,RTX 3060,True,17.3,False,EUR,,,False,i7-12700H,12.0,RTX 3060,1799.0,"HP OMEN 17-ck1002ns Intel Core i7-12700H/32GB/1TB SSD/RTX 3060/17.3"" is a laptop by HP. Processor: i7-12700H (Intel generation 12). It has 32 GB RAM and 1000 GB SSD storage. Dedicated graphics: RTX 3060. The screen is 17.3 inches. Listed price: 1799 EUR."
444,"Lenovo IdeaPad 3 15ITL6 Intel Core i5-1135G7/16 GB/512 GB SSD/15.6""",Lenovo,IdeaPad,Intel Core i5,Intel,Core i5,16.0,512.0,SSD,,False,15.6,False,EUR,,,False,i5-1135G7,11.0,,729.0,"Lenovo IdeaPad 3 15ITL6 Intel Core i5-1135G7/16 GB/512 GB SSD/15.6"" is a laptop by Lenovo. Processor: i5-1135G7 (Intel generation 11). It has 16 GB RAM and 512 GB SSD storage. The screen is 15.6 inches. Listed price: 729 EUR."
445,"MSI Raider GE68HX 13VF-044ES Intel Core i9-13950HX/32GB/1TB SSD/RTX 4060/16""",MSI,Raider,Intel Core i9,Intel,Core i9,32.0,1000.0,SSD,RTX 4060,True,16.0,False,EUR,,,False,i9-13950HX,13.0,RTX 4060,2899.0,"MSI Raider GE68HX 13VF-044ES Intel Core i9-13950HX/32GB/1TB SSD/RTX 4060/16"" is a laptop by MSI. Processor: i9-13950HX (Intel generation 13). It has 32 GB RAM and 1000 GB SSD storage. Dedicated graphics: RTX 4060. The screen is 16 inches. Listed price: 2899 EUR."
446,"MSI Stealth 16 Studio A13VF-039XES Intel Core i7-13700H/32GB/1TB SSD/RTX 4060/16""",MSI,Stealth,Intel Core i7,Intel,Core i7,32.0,1000.0,SSD,RTX 4060,True,16.0,False,EUR,,,False,i7-13700H,13.0,RTX 4060,2059.76,"MSI Stealth 16 Studio A13VF-039XES Intel Core i7-13700H/32GB/1TB SSD/RTX 4060/16"" is a laptop by MSI. Processor: i7-13700H (Intel generation 13). It has 32 GB RAM and 1000 GB SSD storage. Dedicated graphics: RTX 4060. The screen is 16 inches. Listed price: 2060 EUR."
447,"MSI Stealth 16 Studio A13VF-037ES Intel Core i7-13700H/32GB/1TB SSD/RTX 4060/16""",MSI,Stealth,Intel Core i7,Intel,Core i7,32.0,1000.0,SSD,RTX 4060,True,16.0,False,EUR,,,False,i7-13700H,13.0,RTX 4060,2459.01,"MSI Stealth 16 Studio A13VF-037ES Intel Core i7-13700H/32GB/1TB SSD/RTX 4060/16"" is a laptop by MSI. Processor: i7-13700H (Intel generation 13). It has 32 GB RAM and 1000 GB SSD storage. Dedicated graphics: RTX 4060. The screen is 16 inches. Listed price: 2459 EUR."
448,"ASUS TUF Dash F15 FX517ZR-HN081 Intel Core i7-12650H/32GB/1TB SSD/RTX 3070/15.6""",ASUS,TUF,Intel Core i7,Intel,Core i7,32.0,1000.0,SSD,RTX 3070,True,15.6,False,EUR,,,False,i7-12650H,12.0,RTX 3070,1889.0,"ASUS TUF Dash F15 FX517ZR-HN081 Intel Core i7-12650H/32GB/1TB SSD/RTX 3070/15.6"" is a laptop by ASUS. Processor: i7-12650H (Intel generation 12). It has 32 GB RAM and 1000 GB SSD storage. Dedicated graphics: RTX 3070. The screen is 15.6 inches. Listed price: 1889 EUR."
449,"MSI Stealth 16 Studio A13VF-041XES Intel Core i7-13700H/16GB/1TB SSD/RTX 4060/16""",MSI,Stealth,Intel Core i7,Intel,Core i7,16.0,1000.0,SSD,RTX 4060,True,16.0,False,EUR,,,False,i7-13700H,13.0,RTX 4060,2249.0,"MSI Stealth 16 Studio A13VF-041XES Intel Core i7-13700H/16GB/1TB SSD/RTX 4060/16"" is a laptop by MSI. Processor: i7-13700H (Intel generation 13). It has 16 GB RAM and 1000 GB SSD storage. Dedicated graphics: RTX 4060. The screen is 16 inches. Listed price: 2249 EUR."
450,"HP Victus 15-fa0023np Intel Core i5-12450H/16GB/512GB SSD/RTX 3050/15.6"" (PT)",HP,Victus,Intel Core i5,Intel,Core i5,16.0,512.0,SSD,RTX 3050,True,15.6,False,EUR,,,False,i5-12450H,12.0,RTX 3050,1049.99,"HP Victus 15-fa0023np Intel Core i5-12450H/16GB/512GB SSD/RTX 3050/15.6"" (PT) is a laptop by HP. Processor: i5-12450H (Intel generation 12). It has 16 GB RAM and 512 GB SSD storage. Dedicated graphics: RTX 3050. The screen is 15.6 inches. Listed price: 1050 EUR."
451,"ASUS ROG Strix Scar 16 2023 G634JZ-N4004 Intel Core i9-13980HX/32GB/1TB SSD/RTX 4080/16""",ASUS,ROG,Intel Core i9,Intel,Core i9,32.0,1000.0,SSD,RTX 4080,True,16.0,False,EUR,,,False,N4004,,RTX 4080,3099.0,"ASUS ROG Strix Scar 16 2023 G634JZ-N4004 Intel Core i9-13980HX/32GB/1TB SSD/RTX 4080/16"" is a laptop by ASUS. Processor: N4004. It has 32 GB RAM and 1000 GB SSD storage. Dedicated graphics: RTX 4080. The screen is 16 inches. Listed price: 3099 EUR."
452,"Prixton Flex Pro Intel Celeron N4020/4GB/64GB/11.6"" Táctil",Prixton,Flex,Intel Celeron,Intel,Celeron,4.0,64.0,,,False,11.6,True,EUR,,,False,Celeron N4020,,,329.95,"Prixton Flex Pro Intel Celeron N4020/4GB/64GB/11.6"" Táctil is a laptop by Prixton. Processor: Celeron N4020. It has 4 GB RAM and 64 GB storage. The screen is 11.6 inches, touchscreen. Listed price: 330 EUR."
453,"MSI Titan GT77 HX 13VI-006ES Intel Core i9-13980HX/128GB/2TB SSD/RTX 4090/17.3"" + Bundle Gaming",MSI,Titan,Intel Core i9,Intel,Core i9,128.0,2000.0,SSD,RTX 4090,True,17.3,False,EUR,,,False,i9-13980HX,13.0,RTX 4090,5999.0,"MSI Titan GT77 HX 13VI-006ES Intel Core i9-13980HX/128GB/2TB SSD/RTX 4090/17.3"" + Bundle Gaming is a laptop by MSI. Processor: i9-13980HX (Intel generation 13). It has 128 GB RAM and 2000 GB SSD storage. Dedicated graphics: RTX 4090. The screen is 17.3 inches. Listed price: 5999 EUR."
454,"Alurin Go Intel Pentium N4200/8GB/128GB SSD/14.1""",Alurin,Go,Intel Pentium,Intel,Pentium,8.0,128.0,SSD,,False,14.1,False,EUR,,,False,N4200,,,385.0,"Alurin Go Intel Pentium N4200/8GB/128GB SSD/14.1"" is a laptop by Alurin. Processor: N4200. It has 8 GB RAM and 128 GB SSD storage. The screen is 14.1 inches. Listed price: 385 EUR."
455,ASUS ROG Flow X16 2023 GV601VI-NL017W Intel Core i9-13900H/32GB/1TB SSD/RTX 4070/16'' Táctil,ASUS,ROG,Intel Core i9,Intel,Core i9,32.0,1000.0,SSD,RTX 4070,True,16.0,True,EUR,,,False,i9-13900H,13.0,RTX 4070,2999.0,"ASUS ROG Flow X16 2023 GV601VI-NL017W Intel Core i9-13900H/32GB/1TB SSD/RTX 4070/16'' Táctil is a laptop by ASUS. Processor: i9-13900H (Intel generation 13). It has 32 GB RAM and 1000 GB SSD storage. Dedicated graphics: RTX 4070. The screen is 16 inches, touchscreen. Listed price: 2999 EUR."
456,"Samsung Galaxy Book3 Pro 360 Intel Evo Core i7-1360P/16GB/512GB SSD/16"" Táctil",Samsung,Galaxy Book,Intel Evo Core i7,Intel,Core i7,16.0,512.0,SSD,,False,16.0,True,EUR,,,False,i7-1360P,13.0,,2089.0,"Samsung Galaxy Book3 Pro 360 Intel Evo Core i7-1360P/16GB/512GB SSD/16"" Táctil is a laptop by Samsung. Processor: i7-1360P (Intel generation 13). It has 16 GB RAM and 512 GB SSD storage. The screen is 16 inches, touchscreen. Listed price: 2089 EUR."
457,"Alurin Flex Advance Intel Core i7-1255U/16GB/500GB SSD/15.6""",Alurin,Flex Advance,Intel Core i7,Intel,Core i7,16.0,500.0,SSD,,False,15.6,False,EUR,,,False,i7-1255U,12.0,,739.0,"Alurin Flex Advance Intel Core i7-1255U/16GB/500GB SSD/15.6"" is a laptop by Alurin. Processor: i7-1255U (Intel generation 12). It has 16 GB RAM and 500 GB SSD storage. The screen is 15.6 inches. Listed price: 739 EUR."
458,"HP Envy 16-h0005ns Intel Core i7-12700H/16GB/1TB SSD/RTX 3060/16""",HP,Envy,Intel Core i7,Intel,Core i7,16.0,1000.0,SSD,RTX 3060,True,16.0,False,EUR,,,False,i7-12700H,12.0,RTX 3060,1999.0,"HP Envy 16-h0005ns Intel Core i7-12700H/16GB/1TB SSD/RTX 3060/16"" is a laptop by HP. Processor: i7-12700H (Intel generation 12). It has 16 GB RAM and 1000 GB SSD storage. Dedicated graphics: RTX 3060. The screen is 16 inches. Listed price: 1999 EUR."
459,"MSI Stealth 16 Studio A13VG-034ES Intel Core i7-13700H/32GB/1TB SSD/RTX 4070/16""",MSI,Stealth,Intel Core i7,Intel,Core i7,32.0,1000.0,SSD,RTX 4070,True,16.0,False,EUR,,,False,i7-13700H,13.0,RTX 4070,2749.0,"MSI Stealth 16 Studio A13VG-034ES Intel Core i7-13700H/32GB/1TB SSD/RTX 4070/16"" is a laptop by MSI. Processor: i7-13700H (Intel generation 13). It has 32 GB RAM and 1000 GB SSD storage. Dedicated graphics: RTX 4070. The screen is 16 inches. Listed price: 2749 EUR."
460,"Acer Swift X SFX14-41G-R477 AMD Ryzen 7 5700U/16GB/1TB SSD/RTX3050Ti/14""",Acer,Swift,AMD Ryzen 7,AMD,Ryzen 7,16.0,1000.0,SSD,RTX 3050,True,14.0,False,EUR,,,False,Ryzen 7 5700U,,RTX 3050,1473.01,"Acer Swift X SFX14-41G-R477 AMD Ryzen 7 5700U/16GB/1TB SSD/RTX3050Ti/14"" is a laptop by Acer. Processor: Ryzen 7 5700U. It has 16 GB RAM and 1000 GB SSD storage. Dedicated graphics: RTX 3050. The screen is 14 inches. Listed price: 1473 EUR."
461,"MSI Creator Z16 HX Studio B13VFTO-045ES Intel Core i9-13950HX/32 GB/1TB SSD/RTX 4060/16"" Táctil",MSI,Creator,Intel Core i9,Intel,Core i9,32.0,1000.0,SSD,RTX 4060,True,16.0,True,EUR,,,False,i9-13950HX,13.0,RTX 4060,2899.0,"MSI Creator Z16 HX Studio B13VFTO-045ES Intel Core i9-13950HX/32 GB/1TB SSD/RTX 4060/16"" Táctil is a laptop by MSI. Processor: i9-13950HX (Intel generation 13). It has 32 GB RAM and 1000 GB SSD storage. Dedicated graphics: RTX 4060. The screen is 16 inches, touchscreen. Listed price: 2899 EUR."
462,"Samsung Galaxy Book3 360 Intel Evo Core i5/16GB/512GB SSD/13.3"" Táctil",Samsung,Galaxy Book,Intel Evo Core i5,Intel,Core i5,16.0,512.0,SSD,,False,13.3,True,EUR,,,False,,,,1489.0,"Samsung Galaxy Book3 360 Intel Evo Core i5/16GB/512GB SSD/13.3"" Táctil is a laptop by Samsung. Processor: Intel Evo Core i5. It has 16 GB RAM and 512 GB SSD storage. The screen is 13.3 inches, touchscreen. Listed price: 1489 EUR."
463,"ASUS VivoBook 15 F1502ZA-EJ1033W Intel Core i5-1235U/16GB/512GB SSD/15.6""",ASUS,VivoBook,Intel Core i5,Intel,Core i5,16.0,512.0,SSD,,False,15.6,False,EUR,,,False,i5-1235U,12.0,,615.97,"ASUS VivoBook 15 F1502ZA-EJ1033W Intel Core i5-1235U/16GB/512GB SSD/15.6"" is a laptop by ASUS. Processor: i5-1235U (Intel generation 12). It has 16 GB RAM and 512 GB SSD storage. The screen is 15.6 inches. Listed price: 616 EUR."
464,"Gigabyte AERO 14 OLED BMF-72ESBB4SH Intel Core i7-13700H/16GB/1TB SSD/RTX 4050/14""",Gigabyte,Aero,Intel Core i7,Intel,Core i7,16.0,1000.0,SSD,RTX 4050,True,14.0,False,EUR,,,False,i7-13700H,13.0,RTX 4050,1969.01,"Gigabyte AERO 14 OLED BMF-72ESBB4SH Intel Core i7-13700H/16GB/1TB SSD/RTX 4050/14"" is a laptop by Gigabyte. Processor: i7-13700H (Intel generation 13). It has 16 GB RAM and 1000 GB SSD storage. Dedicated graphics: RTX 4050. The screen is 14 inches. Listed price: 1969 EUR."
465,"MSI Creator Z16 HX Studio B13VGTO-033ES Intel Core i7-13700HX/32GB/1TB SSD/RTX 4070/16"" Táctil",MSI,Creator,Intel Core i7,Intel,Core i7,32.0,1000.0,SSD,RTX 4070,True,16.0,True,EUR,,,False,i7-13700HX,13.0,RTX 4070,2949.0,"MSI Creator Z16 HX Studio B13VGTO-033ES Intel Core i7-13700HX/32GB/1TB SSD/RTX 4070/16"" Táctil is a laptop by MSI. Processor: i7-13700HX (Intel generation 13). It has 32 GB RAM and 1000 GB SSD storage. Dedicated graphics: RTX 4070. The screen is 16 inches, touchscreen. Listed price: 2949 EUR."
466,"MSI Stealth 14 Studio A13VF-050ES Intel Core i7-13700H/16GB/1TB SSD/RTX 4060/14""",MSI,Stealth,Intel Core i7,Intel,Core i7,16.0,1000.0,SSD,RTX 4060,True,14.0,False,EUR,,,False,i7-13700H,13.0,RTX 4060,2349.01,"MSI Stealth 14 Studio A13VF-050ES Intel Core i7-13700H/16GB/1TB SSD/RTX 4060/14"" is a laptop by MSI. Processor: i7-13700H (Intel generation 13). It has 16 GB RAM and 1000 GB SSD storage. Dedicated graphics: RTX 4060. The screen is 14 inches. Listed price: 2349 EUR."
467,"ASUS ZenBook Pro Duo 15 OLED UX582ZM-H2030W Intel Core i7-12700H/32GB/1TB SSD/RTX 3060/15.6"" Táctil",ASUS,ZenBook,Intel Core i7,Intel,Core i7,32.0,1000.0,SSD,RTX 3060,True,15.6,True,EUR,,,False,i7-12700H,12.0,RTX 3060,2799.0,"ASUS ZenBook Pro Duo 15 OLED UX582ZM-H2030W Intel Core i7-12700H/32GB/1TB SSD/RTX 3060/15.6"" Táctil is a laptop by ASUS. Processor: i7-12700H (Intel generation 12). It has 32 GB RAM and 1000 GB SSD storage. Dedicated graphics: RTX 3060. The screen is 15.6 inches, touchscreen. Listed price: 2799 EUR."
468,"ASUS ROG Zephyrus Duo 16 2023 GX650PY-NM003W AMD Ryzen 9 7945HX/64GB/2TB+2TB SSD/RTX 4090/16""",ASUS,ROG,AMD Ryzen 9,AMD,Ryzen 9,64.0,2000.0,SSD,RTX 4090,True,16.0,False,EUR,,,False,Ryzen 9 7945HX,,RTX 4090,5159.0,"ASUS ROG Zephyrus Duo 16 2023 GX650PY-NM003W AMD Ryzen 9 7945HX/64GB/2TB+2TB SSD/RTX 4090/16"" is a laptop by ASUS. Processor: Ryzen 9 7945HX. It has 64 GB RAM and 2000 GB SSD storage. Dedicated graphics: RTX 4090. The screen is 16 inches. Listed price: 5159 EUR."
469,"Gigabyte AERO 17 XE5-73ES738HP Intel Core i7-12700H/16GB/2TB SSD/RTX 3070Ti/17.3""",Gigabyte,Aero,Intel Core i7,Intel,Core i7,16.0,2000.0,SSD,RTX 3070,True,17.3,False,EUR,,,False,i7-12700H,12.0,RTX 3070,2999.0,"Gigabyte AERO 17 XE5-73ES738HP Intel Core i7-12700H/16GB/2TB SSD/RTX 3070Ti/17.3"" is a laptop by Gigabyte. Processor: i7-12700H (Intel generation 12). It has 16 GB RAM and 2000 GB SSD storage. Dedicated graphics: RTX 3070. The screen is 17.3 inches. Listed price: 2999 EUR."
470,"Microsoft Surface GO 3 Intel Pentium Gold 6500Y/8GB/128GB SSD/10.5"" Táctil",Microsoft,Surface Go,Intel Pentium,Intel,Pentium,8.0,128.0,SSD,,False,10.5,True,EUR,,,False,,,,599.01,"Microsoft Surface GO 3 Intel Pentium Gold 6500Y/8GB/128GB SSD/10.5"" Táctil is a laptop by Microsoft. Processor: Intel Pentium. It has 8 GB RAM and 128 GB SSD storage. The screen is 10.5 inches, touchscreen. Listed price: 599 EUR."
471,"HP Victus 15-fa1002ns Intel Core i7-13700H/16GB/512GB SSD/RTX 4050/15.6""",HP,Victus,Intel Core i7,Intel,Core i7,16.0,512.0,SSD,RTX 4050,True,15.6,False,EUR,,,False,i7-13700H,13.0,RTX 4050,1299.01,"HP Victus 15-fa1002ns Intel Core i7-13700H/16GB/512GB SSD/RTX 4050/15.6"" is a laptop by HP. Processor: i7-13700H (Intel generation 13). It has 16 GB RAM and 512 GB SSD storage. Dedicated graphics: RTX 4050. The screen is 15.6 inches. Listed price: 1299 EUR."
472,"Apple MacBook Pro Apple M2 Max/32GB/1TB SSD/16.2"" Plata",Apple,MacBook Pro,Apple M2,Apple,Apple M2,32.0,1000.0,SSD,,False,16.2,False,EUR,,,False,Apple M2 Max,,,3799.0,"Apple MacBook Pro Apple M2 Max/32GB/1TB SSD/16.2"" Plata is a laptop by Apple. Processor: Apple M2 Max. It has 32 GB RAM and 1000 GB SSD storage. The screen is 16.2 inches. Listed price: 3799 EUR."
473,"Apple MacBook Pro Apple M2 Max/32GB/1TB SSD/14.2"" Gris Espacial",Apple,MacBook Pro,Apple M2,Apple,Apple M2,32.0,1000.0,SSD,,False,14.2,False,EUR,,,False,Apple M2 Max,,,3379.01,"Apple MacBook Pro Apple M2 Max/32GB/1TB SSD/14.2"" Gris Espacial is a laptop by Apple. Processor: Apple M2 Max. It has 32 GB RAM and 1000 GB SSD storage. The screen is 14.2 inches. Listed price: 3379 EUR."
474,"Apple MacBook Air Apple M1/8GB/512GB SSD/GPU Hepta Core/13.3"" Gris Espacial",Apple,MacBook Air,Apple M1,Apple,Apple M1,8.0,512.0,SSD,,False,13.3,False,EUR,,,False,Apple M1,,,1349.0,"Apple MacBook Air Apple M1/8GB/512GB SSD/GPU Hepta Core/13.3"" Gris Espacial is a laptop by Apple. Processor: Apple M1. It has 8 GB RAM and 512 GB SSD storage. The screen is 13.3 inches. Listed price: 1349 EUR."
475,"Gigabyte AERO 16 OLED BSF-73ES994SO Intel Core i7-13700H/16GB/1TB SSD/RTX 4070/16""",Gigabyte,Aero,Intel Core i7,Intel,Core i7,16.0,1000.0,SSD,RTX 4070,True,16.0,False,EUR,,,False,i7-13700H,13.0,RTX 4070,2309.01,"Gigabyte AERO 16 OLED BSF-73ES994SO Intel Core i7-13700H/16GB/1TB SSD/RTX 4070/16"" is a laptop by Gigabyte. Processor: i7-13700H (Intel generation 13). It has 16 GB RAM and 1000 GB SSD storage. Dedicated graphics: RTX 4070. The screen is 16 inches. Listed price: 2309 EUR."
476,"Primux ioxbook 1406F Intel Celeron N4000/4 GB/128GB SSD/14""",Primux,Ioxbook,Intel Celeron,Intel,Celeron,4.0,128.0,SSD,,False,14.0,False,EUR,,,False,Celeron N4000,,,208.99,"Primux ioxbook 1406F Intel Celeron N4000/4 GB/128GB SSD/14"" is a laptop by Primux. Processor: Celeron N4000. It has 4 GB RAM and 128 GB SSD storage. The screen is 14 inches. Listed price: 209 EUR."
477,"Lenovo IdeaPad 3 15ALC6 AMD Ryzen 5 5500U/16 GB/512GB SSD/15.6""",Lenovo,IdeaPad,AMD Ryzen 5,AMD,Ryzen 5,16.0,512.0,SSD,,False,15.6,False,EUR,,,False,Ryzen 5 5500U,,,689.01,"Lenovo IdeaPad 3 15ALC6 AMD Ryzen 5 5500U/16 GB/512GB SSD/15.6"" is a laptop by Lenovo. Processor: Ryzen 5 5500U. It has 16 GB RAM and 512 GB SSD storage. The screen is 15.6 inches. Listed price: 689 EUR."
478,"ASUS VivoBook 16X M1603QA-MB155 AMD Ryzen 5 5600H/8GB/512GB SSD/16""",ASUS,VivoBook,AMD Ryzen 5,AMD,Ryzen 5,8.0,512.0,SSD,,False,16.0,False,EUR,,,False,Ryzen 5 5600H,,,437.87,"ASUS VivoBook 16X M1603QA-MB155 AMD Ryzen 5 5600H/8GB/512GB SSD/16"" is a laptop by ASUS. Processor: Ryzen 5 5600H. It has 8 GB RAM and 512 GB SSD storage. The screen is 16 inches. Listed price: 438 EUR."
479,"Lenovo V15 G2 Intel Core i3-1115G4/8GB/256GB SSD/15.6""",Lenovo,V15,Intel Core i3,Intel,Core i3,8.0,256.0,SSD,,False,15.6,False,EUR,,,False,i3-1115G4,11.0,,443.01,"Lenovo V15 G2 Intel Core i3-1115G4/8GB/256GB SSD/15.6"" is a laptop by Lenovo. Processor: i3-1115G4 (Intel generation 11). It has 8 GB RAM and 256 GB SSD storage. The screen is 15.6 inches. Listed price: 443 EUR."
480,"Apple MacBook Pro Apple M2 Pro 12 Núcleos/16GB/1TB SSD/14.2"" Gris Espacial",Apple,MacBook Pro,Apple M2 Pro,Apple,Apple M2,16.0,1000.0,SSD,,False,14.2,False,EUR,,,False,Apple M2 Pro,,,2729.01,"Apple MacBook Pro Apple M2 Pro 12 Núcleos/16GB/1TB SSD/14.2"" Gris Espacial is a laptop by Apple. Processor: Apple M2 Pro. It has 16 GB RAM and 1000 GB SSD storage. The screen is 14.2 inches. Listed price: 2729 EUR."
481,"Acer Aspire 3 A315-43-R4VC AMD Ryzen 5 5500U/8GB/512GB SSD/15.6""",Acer,Aspire,AMD Ryzen 5,AMD,Ryzen 5,8.0,512.0,SSD,,False,15.6,False,EUR,,,False,Ryzen 5 5500U,,,819.0,"Acer Aspire 3 A315-43-R4VC AMD Ryzen 5 5500U/8GB/512GB SSD/15.6"" is a laptop by Acer. Processor: Ryzen 5 5500U. It has 8 GB RAM and 512 GB SSD storage. The screen is 15.6 inches. Listed price: 819 EUR."
482,"MSI Creator Z16 HX Studio B13VFTO-046ES Intel Core i7-13700HX/16GB/1TB SSD/RTX 4060/16"" Táctil",MSI,Creator,Intel Core i7,Intel,Core i7,16.0,1000.0,SSD,RTX 4060,True,16.0,True,EUR,,,False,i7-13700HX,13.0,RTX 4060,2649.0,"MSI Creator Z16 HX Studio B13VFTO-046ES Intel Core i7-13700HX/16GB/1TB SSD/RTX 4060/16"" Táctil is a laptop by MSI. Processor: i7-13700HX (Intel generation 13). It has 16 GB RAM and 1000 GB SSD storage. Dedicated graphics: RTX 4060. The screen is 16 inches, touchscreen. Listed price: 2649 EUR."
483,"MSI Stealth 14 Studio A13VE-052XES Intel Core i7-13700H/16GB/1TB SSD/RTX 4050/14""",MSI,Stealth,Intel Core i7,Intel,Core i7,16.0,1000.0,SSD,RTX 4050,True,14.0,False,EUR,,,False,i7-13700H,13.0,RTX 4050,1989.01,"MSI Stealth 14 Studio A13VE-052XES Intel Core i7-13700H/16GB/1TB SSD/RTX 4050/14"" is a laptop by MSI. Processor: i7-13700H (Intel generation 13). It has 16 GB RAM and 1000 GB SSD storage. Dedicated graphics: RTX 4050. The screen is 14 inches. Listed price: 1989 EUR."
484,"MSI Summit E14 FlipEvo A12MT-056ES Intel Core i7-1280P/16GB/1TB SSD/14"" Táctil",MSI,Summit,Intel Core i7,Intel,Core i7,16.0,1000.0,SSD,,False,14.0,True,EUR,,,False,i7-1280P,12.0,,1749.82,"MSI Summit E14 FlipEvo A12MT-056ES Intel Core i7-1280P/16GB/1TB SSD/14"" Táctil is a laptop by MSI. Processor: i7-1280P (Intel generation 12). It has 16 GB RAM and 1000 GB SSD storage. The screen is 14 inches, touchscreen. Listed price: 1750 EUR."
485,"Microsoft Surface Laptop 5 Negro Intel Evo Core i5-1235U/8GB/512GB SSD/13.5"" Táctil",Microsoft,Surface Laptop,Intel Evo Core i5,Intel,Core i5,8.0,512.0,SSD,,False,13.5,True,EUR,,,False,i5-1235U,12.0,,1419.0,"Microsoft Surface Laptop 5 Negro Intel Evo Core i5-1235U/8GB/512GB SSD/13.5"" Táctil is a laptop by Microsoft. Processor: i5-1235U (Intel generation 12). It has 8 GB RAM and 512 GB SSD storage. The screen is 13.5 inches, touchscreen. Listed price: 1419 EUR."
486,"PcCom Revolt 3060 Intel Core i7-12700H/32GB/500GB SSD/RTX 3060/15.6""/Windows 11 Home",Pccom,Revolt,Intel Core i7,Intel,Core i7,32.0,500.0,SSD,RTX 3060,True,15.6,False,EUR,,,False,i7-12700H,12.0,RTX 3060,1699.0,"PcCom Revolt 3060 Intel Core i7-12700H/32GB/500GB SSD/RTX 3060/15.6""/Windows 11 Home is a laptop by Pccom. Processor: i7-12700H (Intel generation 12). It has 32 GB RAM and 500 GB SSD storage. Dedicated graphics: RTX 3060. The screen is 15.6 inches. Listed price: 1699 EUR."
487,"Lenovo V15 G3 ABA AMD Ryzen 7 5825U/16GB/512GB SSD/15.6""",Lenovo,V15,AMD Ryzen 7,AMD,Ryzen 7,16.0,512.0,SSD,,False,15.6,False,EUR,,,False,Ryzen 7 5825U,,,619.99,"Lenovo V15 G3 ABA AMD Ryzen 7 5825U/16GB/512GB SSD/15.6"" is a laptop by Lenovo. Processor: Ryzen 7 5825U. It has 16 GB RAM and 512 GB SSD storage. The screen is 15.6 inches. Listed price: 620 EUR."
488,"MSI Summit E14 Flip Evo A13MT-227ES Intel Evo Core i7-1360P/16GB/1TB SSD/14"" Táctil",MSI,Summit,Intel Evo Core i7,Intel,Core i7,16.0,1000.0,SSD,,False,14.0,True,EUR,,,False,i7-1360P,13.0,,1689.0,"MSI Summit E14 Flip Evo A13MT-227ES Intel Evo Core i7-1360P/16GB/1TB SSD/14"" Táctil is a laptop by MSI. Processor: i7-1360P (Intel generation 13). It has 16 GB RAM and 1000 GB SSD storage. The screen is 14 inches, touchscreen. Listed price: 1689 EUR."
489,"HP 255 G9 AMD Ryzen 3 5425U/8GB/256GB SSD/15.6""",HP,255,AMD Ryzen 3,AMD,Ryzen 3,8.0,256.0,SSD,,False,15.6,False,EUR,,,False,Ryzen 3 5425U,,,386.05,"HP 255 G9 AMD Ryzen 3 5425U/8GB/256GB SSD/15.6"" is a laptop by HP. Processor: Ryzen 3 5425U. It has 8 GB RAM and 256 GB SSD storage. The screen is 15.6 inches. Listed price: 386 EUR."
490,"Prixton Netbook Pro Intel Celeron N4020/4GB/64GB eMMC/14.1""",Prixton,Netbook Pro,Intel Celeron,Intel,Celeron,4.0,64.0,eMMC,,False,14.1,False,EUR,,,False,Celeron N4020,,,299.94,"Prixton Netbook Pro Intel Celeron N4020/4GB/64GB eMMC/14.1"" is a laptop by Prixton. Processor: Celeron N4020. It has 4 GB RAM and 64 GB eMMC storage. The screen is 14.1 inches. Listed price: 300 EUR."
491,"HP 15S-EQ2132NS AMD Ryzen 3 5300U/8GB/512GB SSD/15.6""",HP,15S,AMD Ryzen 3,AMD,Ryzen 3,8.0,512.0,SSD,,False,15.6,False,EUR,,,False,Ryzen 3 5300U,,,416.0,"HP 15S-EQ2132NS AMD Ryzen 3 5300U/8GB/512GB SSD/15.6"" is a laptop by HP. Processor: Ryzen 3 5300U. It has 8 GB RAM and 512 GB SSD storage. The screen is 15.6 inches. Listed price: 416 EUR."
492,"Lenovo V15 G2 ALC AMD Ryzen 5 5500U/8GB/256GB SSD/15.6"" Negro",Lenovo,V15,AMD Ryzen 5,AMD,Ryzen 5,8.0,256.0,SSD,,False,15.6,False,EUR,,,False,Ryzen 5 5500U,,,529.0,"Lenovo V15 G2 ALC AMD Ryzen 5 5500U/8GB/256GB SSD/15.6"" Negro is a laptop by Lenovo. Processor: Ryzen 5 5500U. It has 8 GB RAM and 256 GB SSD storage. The screen is 15.6 inches. Listed price: 529 EUR."
493,"Microsoft Surface Laptop Go 2 Intel Core i5-1135G7/8GB/128GB SSD/12.4"" Táctil",Microsoft,Surface Laptop,Intel Core i5,Intel,Core i5,8.0,128.0,SSD,,False,12.4,True,EUR,,,False,i5-1135G7,11.0,,769.0,"Microsoft Surface Laptop Go 2 Intel Core i5-1135G7/8GB/128GB SSD/12.4"" Táctil is a laptop by Microsoft. Processor: i5-1135G7 (Intel generation 11). It has 8 GB RAM and 128 GB SSD storage. The screen is 12.4 inches, touchscreen. Listed price: 769 EUR."
494,"ASUS ROG Zephyrus G14 2023 GA402XV-N2041 AMD Ryzen 9 7940HS/32GB/1TB SSD/RTX 4060/14""",ASUS,ROG,AMD Ryzen 9,AMD,Ryzen 9,32.0,1000.0,SSD,RTX 4060,True,14.0,False,EUR,,,False,N2041,,RTX 4060,2299.0,"ASUS ROG Zephyrus G14 2023 GA402XV-N2041 AMD Ryzen 9 7940HS/32GB/1TB SSD/RTX 4060/14"" is a laptop by ASUS. Processor: N2041. It has 32 GB RAM and 1000 GB SSD storage. Dedicated graphics: RTX 4060. The screen is 14 inches. Listed price: 2299 EUR."
495,"ASUS ROG Flow X13 2023 GV302XV-MU006W AMD Ryzen 9 7940HS/16GB/1TB SSD/RTX 4060/13.4"" Táctil",ASUS,ROG,AMD Ryzen 9,AMD,Ryzen 9,16.0,1000.0,SSD,RTX 4060,True,13.4,True,EUR,,,False,Ryzen 9 7940HS,,RTX 4060,1999.0,"ASUS ROG Flow X13 2023 GV302XV-MU006W AMD Ryzen 9 7940HS/16GB/1TB SSD/RTX 4060/13.4"" Táctil is a laptop by ASUS. Processor: Ryzen 9 7940HS. It has 16 GB RAM and 1000 GB SSD storage. Dedicated graphics: RTX 4060. The screen is 13.4 inches, touchscreen. Listed price: 1999 EUR."
496,"MSI Raider GE78HX 13VH-066XES Intel Core i7-13700HX/32GB/1TB SSD/RTX 4080/17""",MSI,Raider,Intel Core i7,Intel,Core i7,32.0,1000.0,SSD,RTX 4080,True,17.0,False,EUR,,,False,i7-13700HX,13.0,RTX 4080,3699.0,"MSI Raider GE78HX 13VH-066XES Intel Core i7-13700HX/32GB/1TB SSD/RTX 4080/17"" is a laptop by MSI. Processor: i7-13700HX (Intel generation 13). It has 32 GB RAM and 1000 GB SSD storage. Dedicated graphics: RTX 4080. The screen is 17 inches. Listed price: 3699 EUR."
497,"Alurin Flex Advance Intel Core i5-1155G7/8GB/500GB SSD/15.6"" + Windows 11 Home",Alurin,Flex Advance,Intel Core i5,Intel,Core i5,8.0,500.0,SSD,,False,15.6,False,EUR,,,False,i5-1155G7,11.0,,600.0,"Alurin Flex Advance Intel Core i5-1155G7/8GB/500GB SSD/15.6"" + Windows 11 Home is a laptop by Alurin. Processor: i5-1155G7 (Intel generation 11). It has 8 GB RAM and 500 GB SSD storage. The screen is 15.6 inches. Listed price: 600 EUR."
498,"HP 250 G9 Intel Core i5-1235U/16GB/512GB SSD/15.6"" Plata",HP,250,Intel Core i5,Intel,Core i5,16.0,512.0,SSD,,False,15.6,False,EUR,,,False,i5-1235U,12.0,,609.01,"HP 250 G9 Intel Core i5-1235U/16GB/512GB SSD/15.6"" Plata is a laptop by HP. Processor: i5-1235U (Intel generation 12). It has 16 GB RAM and 512 GB SSD storage. The screen is 15.6 inches. Listed price: 609 EUR."
499,"HP ChromeBook 14b-na0013ns AMD Athlon Silver 3050C/4GB/64GB eMMC/14""",HP,Chromebook,AMD Athlon,AMD,Athlon,4.0,64.0,eMMC,,False,14.0,False,EUR,,,False,,,,419.0,"HP ChromeBook 14b-na0013ns AMD Athlon Silver 3050C/4GB/64GB eMMC/14"" is a laptop by HP. Processor: AMD Athlon. It has 4 GB RAM and 64 GB eMMC storage. The screen is 14 inches. Listed price: 419 EUR."
500,"Gigabyte AORUS 15X ASF-B3ES754SH Intel Core i9-13900HX/16GB/1TB SSD/RTX 4070/15.6""",Gigabyte,Aorus,Intel Core i9,Intel,Core i9,16.0,1000.0,SSD,RTX 4070,True,15.6,False,EUR,,,False,i9-13900HX,13.0,RTX 4070,2179.0,"Gigabyte AORUS 15X ASF-B3ES754SH Intel Core i9-13900HX/16GB/1TB SSD/RTX 4070/15.6"" is a laptop by Gigabyte. Processor: i9-13900HX (Intel generation 13). It has 16 GB RAM and 1000 GB SSD storage. Dedicated graphics: RTX 4070. The screen is 15.6 inches. Listed price: 2179 EUR."
501,"Microsoft Surface Pro 9 Grafito Intel Evo Core i7-1255U/16GB/256GB SSD/13"" Táctil",Microsoft,Surface Pro,Intel Evo Core i7,Intel,Core i7,16.0,256.0,SSD,,False,13.0,True,EUR,,,False,i7-1255U,12.0,,1859.0,"Microsoft Surface Pro 9 Grafito Intel Evo Core i7-1255U/16GB/256GB SSD/13"" Táctil is a laptop by Microsoft. Processor: i7-1255U (Intel generation 12). It has 16 GB RAM and 256 GB SSD storage. The screen is 13 inches, touchscreen. Listed price: 1859 EUR."
502,"Apple MacBook Pro Apple M2 Pro 10 Núcleos/32GB/512GB SSD/14.2"" Gris Espacial",Apple,MacBook Pro,Apple M2 Pro,Apple,Apple M2,32.0,512.0,SSD,,False,14.2,False,EUR,,,False,Apple M2 Pro,,,2719.0,"Apple MacBook Pro Apple M2 Pro 10 Núcleos/32GB/512GB SSD/14.2"" Gris Espacial is a laptop by Apple. Processor: Apple M2 Pro. It has 32 GB RAM and 512 GB SSD storage. The screen is 14.2 inches. Listed price: 2719 EUR."
503,"MSI Modern 15 B12M-025XES Intel Core i5-1235U/8GB/512GB SSD/15.6""",MSI,Modern,Intel Core i5,Intel,Core i5,8.0,512.0,SSD,,False,15.6,False,EUR,,,False,i5-1235U,12.0,,799.0,"MSI Modern 15 B12M-025XES Intel Core i5-1235U/8GB/512GB SSD/15.6"" is a laptop by MSI. Processor: i5-1235U (Intel generation 12). It has 8 GB RAM and 512 GB SSD storage. The screen is 15.6 inches. Listed price: 799 EUR."
504,"MSI Stealth 14 Studio A13VF-049XES Intel Core i7-13700H/16GB/1TB SSD/RTX 4060/14""",MSI,Stealth,Intel Core i7,Intel,Core i7,16.0,1000.0,SSD,RTX 4060,True,14.0,False,EUR,,,False,i7-13700H,13.0,RTX 4060,2159.0,"MSI Stealth 14 Studio A13VF-049XES Intel Core i7-13700H/16GB/1TB SSD/RTX 4060/14"" is a laptop by MSI. Processor: i7-13700H (Intel generation 13). It has 16 GB RAM and 1000 GB SSD storage. Dedicated graphics: RTX 4060. The screen is 14 inches. Listed price: 2159 EUR."
505,ASUS M515UA-R75BLHDSS1 AMD Ryzen 7 5700U/8GB/512GB SSD/15.6'' (PT),ASUS,M515UA,AMD Ryzen 7,AMD,Ryzen 7,8.0,512.0,SSD,,False,15.6,False,EUR,,,False,Ryzen 7 5700U,,,683.81,ASUS M515UA-R75BLHDSS1 AMD Ryzen 7 5700U/8GB/512GB SSD/15.6'' (PT) is a laptop by ASUS. Processor: Ryzen 7 5700U. It has 8 GB RAM and 512 GB SSD storage. The screen is 15.6 inches. Listed price: 684 EUR.
506,"MSI Creator M16 B13UDX-684XES Intel Core i7-13700H/32GB/1TB SSD/RTX 3050/16""",MSI,Creator,Intel Core i7,Intel,Core i7,32.0,1000.0,SSD,RTX 3050,True,16.0,False,EUR,,,False,i7-13700H,13.0,RTX 3050,1699.01,"MSI Creator M16 B13UDX-684XES Intel Core i7-13700H/32GB/1TB SSD/RTX 3050/16"" is a laptop by MSI. Processor: i7-13700H (Intel generation 13). It has 32 GB RAM and 1000 GB SSD storage. Dedicated graphics: RTX 3050. The screen is 16 inches. Listed price: 1699 EUR."
507,"ASUS ROG Flow Z13 2023 GZ301VU-MU006W Intel Core i9-13900H/16GB/1TB SSD/RTX 4050/13.4"" Táctil",ASUS,ROG,Intel Core i9,Intel,Core i9,16.0,1000.0,SSD,RTX 4050,True,13.4,True,EUR,,,False,i9-13900H,13.0,RTX 4050,2099.0,"ASUS ROG Flow Z13 2023 GZ301VU-MU006W Intel Core i9-13900H/16GB/1TB SSD/RTX 4050/13.4"" Táctil is a laptop by ASUS. Processor: i9-13900H (Intel generation 13). It has 16 GB RAM and 1000 GB SSD storage. Dedicated graphics: RTX 4050. The screen is 13.4 inches, touchscreen. Listed price: 2099 EUR."
508,"Apple MacBook Pro Apple M2 Pro 10 Núcleos/32GB/1TB SSD/14.2"" Gris Espacial",Apple,MacBook Pro,Apple M2 Pro,Apple,Apple M2,32.0,1000.0,SSD,,False,14.2,False,EUR,,,False,Apple M2 Pro,,,2939.01,"Apple MacBook Pro Apple M2 Pro 10 Núcleos/32GB/1TB SSD/14.2"" Gris Espacial is a laptop by Apple. Processor: Apple M2 Pro. It has 32 GB RAM and 1000 GB SSD storage. The screen is 14.2 inches. Listed price: 2939 EUR."
509,"MSI Summit E16 Flip A13VET-084XES Intel Core i7-1360P/32GB/1TB SSD/RTX 4050/16"" Táctil",MSI,Summit,Intel Core i7,Intel,Core i7,32.0,1000.0,SSD,RTX 4050,True,16.0,True,EUR,,,False,i7-1360P,13.0,RTX 4050,2099.0,"MSI Summit E16 Flip A13VET-084XES Intel Core i7-1360P/32GB/1TB SSD/RTX 4050/16"" Táctil is a laptop by MSI. Processor: i7-1360P (Intel generation 13). It has 32 GB RAM and 1000 GB SSD storage. Dedicated graphics: RTX 4050. The screen is 16 inches, touchscreen. Listed price: 2099 EUR."
510,"HP Notebook 14S-dq0009ns Intel Celeron N4020/4GB/64GB eMMC/14""",HP,Notebook,Intel Celeron,Intel,Celeron,4.0,64.0,eMMC,,False,14.0,False,EUR,,,False,Celeron N4020,,,329.0,"HP Notebook 14S-dq0009ns Intel Celeron N4020/4GB/64GB eMMC/14"" is a laptop by HP. Processor: Celeron N4020. It has 4 GB RAM and 64 GB eMMC storage. The screen is 14 inches. Listed price: 329 EUR."
511,"Asus M515UA-EJ374 AMD Ryzen 5 5500U/8GB/512GB SSD/15.6""",ASUS,M515UA,AMD Ryzen 5,AMD,Ryzen 5,8.0,512.0,SSD,,False,15.6,False,EUR,,,False,Ryzen 5 5500U,,,402.99,"Asus M515UA-EJ374 AMD Ryzen 5 5500U/8GB/512GB SSD/15.6"" is a laptop by ASUS. Processor: Ryzen 5 5500U. It has 8 GB RAM and 512 GB SSD storage. The screen is 15.6 inches. Listed price: 403 EUR."
512,"Lenovo V15 G2 ITL Intel Core i5-1135G7/8 GB/256 GB SSD/15.6""",Lenovo,V15,Intel Core i5,Intel,Core i5,8.0,256.0,SSD,,False,15.6,False,EUR,,,False,i5-1135G7,11.0,,461.32,"Lenovo V15 G2 ITL Intel Core i5-1135G7/8 GB/256 GB SSD/15.6"" is a laptop by Lenovo. Processor: i5-1135G7 (Intel generation 11). It has 8 GB RAM and 256 GB SSD storage. The screen is 15.6 inches. Listed price: 461 EUR."
513,"ASUS ROG Strix Scar 16 2023 G634JZ-NM010W Intel Core i9-13980HX/32GB/2TB SSD/RTX 4080/16""",ASUS,ROG,Intel Core i9,Intel,Core i9,32.0,2000.0,SSD,RTX 4080,True,16.0,False,EUR,,,False,i9-13980HX,13.0,RTX 4080,3499.01,"ASUS ROG Strix Scar 16 2023 G634JZ-NM010W Intel Core i9-13980HX/32GB/2TB SSD/RTX 4080/16"" is a laptop by ASUS. Processor: i9-13980HX (Intel generation 13). It has 32 GB RAM and 2000 GB SSD storage. Dedicated graphics: RTX 4080. The screen is 16 inches. Listed price: 3499 EUR."
514,"Microsoft Surface Pro 9 Zafiro Intel Evo Core i5-1235U/8GB/256GB SSD/13"" Táctil",Microsoft,Surface Pro,Intel Evo Core i5,Intel,Core i5,8.0,256.0,SSD,,False,13.0,True,EUR,,,False,i5-1235U,12.0,,1299.0,"Microsoft Surface Pro 9 Zafiro Intel Evo Core i5-1235U/8GB/256GB SSD/13"" Táctil is a laptop by Microsoft. Processor: i5-1235U (Intel generation 12). It has 8 GB RAM and 256 GB SSD storage. The screen is 13 inches, touchscreen. Listed price: 1299 EUR."
515,"LG Gram 17ZD90R-G.AX75B Intel Evo Core i7-1360P/16GB/512GB SSD/17""",LG,Gram,Intel Evo Core i7,Intel,Core i7,16.0,512.0,SSD,,False,17.0,False,EUR,,,False,i7-1360P,13.0,,1699.0,"LG Gram 17ZD90R-G.AX75B Intel Evo Core i7-1360P/16GB/512GB SSD/17"" is a laptop by LG. Processor: i7-1360P (Intel generation 13). It has 16 GB RAM and 512 GB SSD storage. The screen is 17 inches. Listed price: 1699 EUR."
516,"HP 470 G9 Intel Core i7-1255U/16GB/512GB SSD/MX550/17.3""",HP,470,Intel Core i7,Intel,Core i7,16.0,512.0,SSD,MX 550,True,17.3,False,EUR,,,False,i7-1255U,12.0,MX 550,1300.0,"HP 470 G9 Intel Core i7-1255U/16GB/512GB SSD/MX550/17.3"" is a laptop by HP. Processor: i7-1255U (Intel generation 12). It has 16 GB RAM and 512 GB SSD storage. Dedicated graphics: MX 550. The screen is 17.3 inches. Listed price: 1300 EUR."
517,"ASUS F1500EA-BQ3072 Intel Core i3-1115G4/8GB/512GB SSD/15.6""",ASUS,VivoBook,Intel Core i3,Intel,Core i3,8.0,512.0,SSD,,False,15.6,False,EUR,,,False,i3-1115G4,11.0,,372.0,"ASUS F1500EA-BQ3072 Intel Core i3-1115G4/8GB/512GB SSD/15.6"" is a laptop by ASUS. Processor: i3-1115G4 (Intel generation 11). It has 8 GB RAM and 512 GB SSD storage. The screen is 15.6 inches. Listed price: 372 EUR."
518,"Razer Blade 16 Doble Resolución UHD+/FHD+ Intel Core i9-13950HX/32GB/2TB SSD/RTX 4090/16""",Razer,Blade,Intel Core i9,Intel,Core i9,32.0,2000.0,SSD,RTX 4090,True,16.0,False,EUR,,,False,i9-13950HX,13.0,RTX 4090,4999.01,"Razer Blade 16 Doble Resolución UHD+/FHD+ Intel Core i9-13950HX/32GB/2TB SSD/RTX 4090/16"" is a laptop by Razer. Processor: i9-13950HX (Intel generation 13). It has 32 GB RAM and 2000 GB SSD storage. Dedicated graphics: RTX 4090. The screen is 16 inches. Listed price: 4999 EUR."
519,"Asus Rog Strix G15 G513QR-HF118 AMD Ryzen 7 5800H/32GB/1TB SSD/RTX3070/15.6""",ASUS,ROG,AMD Ryzen 7,AMD,Ryzen 7,32.0,1000.0,SSD,RTX 3070,True,15.6,False,EUR,,,False,Ryzen 7 5800H,,RTX 3070,2079.01,"Asus Rog Strix G15 G513QR-HF118 AMD Ryzen 7 5800H/32GB/1TB SSD/RTX3070/15.6"" is a laptop by ASUS. Processor: Ryzen 7 5800H. It has 32 GB RAM and 1000 GB SSD storage. Dedicated graphics: RTX 3070. The screen is 15.6 inches. Listed price: 2079 EUR."
520,"Dell Vostro 3520 Intel Core i7-1255U/16 GB/512GB SSD/15.6"" (PT)",Dell,Vostro,Intel Core i7,Intel,Core i7,16.0,512.0,SSD,,False,15.6,False,EUR,,,False,i7-1255U,12.0,,997.79,"Dell Vostro 3520 Intel Core i7-1255U/16 GB/512GB SSD/15.6"" (PT) is a laptop by Dell. Processor: i7-1255U (Intel generation 12). It has 16 GB RAM and 512 GB SSD storage. The screen is 15.6 inches. Listed price: 998 EUR."
521,"LG Gram 14ZB90Q Intel Core i5-1240P/16GB/512GB SSD/14""",LG,Gram,Intel Core i5,Intel,Core i5,16.0,512.0,SSD,,False,14.0,False,EUR,,,False,i5-1240P,12.0,,1149.0,"LG Gram 14ZB90Q Intel Core i5-1240P/16GB/512GB SSD/14"" is a laptop by LG. Processor: i5-1240P (Intel generation 12). It has 16 GB RAM and 512 GB SSD storage. The screen is 14 inches. Listed price: 1149 EUR."
522,"Primux Ioxbook 15CA Intel Celeron N4000/8GB/256GB SSD/15.6""",Primux,Ioxbook,Intel Celeron,Intel,Celeron,8.0,256.0,SSD,,False,15.6,False,EUR,,,False,Celeron N4000,,,229.0,"Primux Ioxbook 15CA Intel Celeron N4000/8GB/256GB SSD/15.6"" is a laptop by Primux. Processor: Celeron N4000. It has 8 GB RAM and 256 GB SSD storage. The screen is 15.6 inches. Listed price: 229 EUR."
523,"HP 15S-FQ2173NS Intel Core i3-1115G4/8GB/256GB SSD/15.6""",HP,15S,Intel Core i3,Intel,Core i3,8.0,256.0,SSD,,False,15.6,False,EUR,,,False,i3-1115G4,11.0,,552.33,"HP 15S-FQ2173NS Intel Core i3-1115G4/8GB/256GB SSD/15.6"" is a laptop by HP. Processor: i3-1115G4 (Intel generation 11). It has 8 GB RAM and 256 GB SSD storage. The screen is 15.6 inches. Listed price: 552 EUR."
524,"Apple MacBook Pro Apple M2 Pro 12 Núcleos/16GB/512GB SSD/16.2"" Gris Espacial",Apple,MacBook Pro,Apple M2 Pro,Apple,Apple M2,16.0,512.0,SSD,,False,16.2,False,EUR,,,False,Apple M2 Pro,,,2729.01,"Apple MacBook Pro Apple M2 Pro 12 Núcleos/16GB/512GB SSD/16.2"" Gris Espacial is a laptop by Apple. Processor: Apple M2 Pro. It has 16 GB RAM and 512 GB SSD storage. The screen is 16.2 inches. Listed price: 2729 EUR."
525,"Alurin Go Intel Pentium N4200/8GB/256GB SSD/nOS/14.1""",Alurin,Go,Intel Pentium,Intel,Pentium,8.0,256.0,SSD,,False,14.1,False,EUR,,,False,N4200,,,329.91,"Alurin Go Intel Pentium N4200/8GB/256GB SSD/nOS/14.1"" is a laptop by Alurin. Processor: N4200. It has 8 GB RAM and 256 GB SSD storage. The screen is 14.1 inches. Listed price: 330 EUR."
526,"HP Spectre x360 14-ef0003ns Intel Evo Core i7-1255U/16GB/1TB SSD/13.5"" Táctil",HP,Spectre,Intel Evo Core i7,Intel,Core i7,16.0,1000.0,SSD,,False,13.5,True,EUR,,,False,i7-1255U,12.0,,1699.01,"HP Spectre x360 14-ef0003ns Intel Evo Core i7-1255U/16GB/1TB SSD/13.5"" Táctil is a laptop by HP. Processor: i7-1255U (Intel generation 12). It has 16 GB RAM and 1000 GB SSD storage. The screen is 13.5 inches, touchscreen. Listed price: 1699 EUR."
527,"LG Gram 15Z90R-G.AD78B Intel Evo Core i7-1360P/32GB/1TB SSD/15""",LG,Gram,Intel Evo Core i7,Intel,Core i7,32.0,1000.0,SSD,,False,15.0,False,EUR,,,False,i7-1360P,13.0,,1929.01,"LG Gram 15Z90R-G.AD78B Intel Evo Core i7-1360P/32GB/1TB SSD/15"" is a laptop by LG. Processor: i7-1360P (Intel generation 13). It has 32 GB RAM and 1000 GB SSD storage. The screen is 15 inches. Listed price: 1929 EUR."
528,"Samsung Galaxy Book3 Pro Intel Evo Core i7-1360P/16GB/512GB SSD/16""",Samsung,Galaxy Book,Intel Evo Core i7,Intel,Core i7,16.0,512.0,SSD,,False,16.0,False,EUR,,,False,i7-1360P,13.0,,1949.99,"Samsung Galaxy Book3 Pro Intel Evo Core i7-1360P/16GB/512GB SSD/16"" is a laptop by Samsung. Processor: i7-1360P (Intel generation 13). It has 16 GB RAM and 512 GB SSD storage. The screen is 16 inches. Listed price: 1950 EUR."
529,"Lenovo ThinkPad L15 Gen 3 Intel Core i5-1235U/8GB/256GB SSD/15.6""",Lenovo,ThinkPad,Intel Core i5,Intel,Core i5,8.0,256.0,SSD,,False,15.6,False,EUR,,,False,i5-1235U,12.0,,1174.99,"Lenovo ThinkPad L15 Gen 3 Intel Core i5-1235U/8GB/256GB SSD/15.6"" is a laptop by Lenovo. Processor: i5-1235U (Intel generation 12). It has 8 GB RAM and 256 GB SSD storage. The screen is 15.6 inches. Listed price: 1175 EUR."
530,"Lenovo IdeaPad Gaming 3 15ACH6-302 AMD Ryzen 5 5600H/8GB/256 SSD/GTX1650/15.6"" (PT)",Lenovo,IdeaPad,AMD Ryzen 5,AMD,Ryzen 5,8.0,256.0,SSD,GTX 1650,True,15.6,False,EUR,,,False,Ryzen 5 5600H,,GTX 1650,834.11,"Lenovo IdeaPad Gaming 3 15ACH6-302 AMD Ryzen 5 5600H/8GB/256 SSD/GTX1650/15.6"" (PT) is a laptop by Lenovo. Processor: Ryzen 5 5600H. It has 8 GB RAM and 256 GB SSD storage. Dedicated graphics: GTX 1650. The screen is 15.6 inches. Listed price: 834 EUR."
531,"Alurin Flex Intel Core i3-10110U/8GB/128GB SSD/nOS/14""",Alurin,Flex,Intel Core i3,Intel,Core i3,8.0,128.0,SSD,,False,14.0,False,EUR,,,False,i3-10110U,10.0,,399.0,"Alurin Flex Intel Core i3-10110U/8GB/128GB SSD/nOS/14"" is a laptop by Alurin. Processor: i3-10110U (Intel generation 10). It has 8 GB RAM and 128 GB SSD storage. The screen is 14 inches. Listed price: 399 EUR."
532,"Medion Akoya E15301 MD62123 AMD Ryzen 3 3200U/8GB/256 GB SSD/15.6""",Medion,Akoya,AMD Ryzen 3,AMD,Ryzen 3,8.0,256.0,SSD,,False,15.6,False,EUR,,,False,Ryzen 3 3200U,,,529.0,"Medion Akoya E15301 MD62123 AMD Ryzen 3 3200U/8GB/256 GB SSD/15.6"" is a laptop by Medion. Processor: Ryzen 3 3200U. It has 8 GB RAM and 256 GB SSD storage. The screen is 15.6 inches. Listed price: 529 EUR."
533,"Microsoft Surface Laptop 4 Platino AMD Ryzen 7 4980U/8GB/256 GB SSD/15"" Táctil",Microsoft,Surface Laptop,AMD Ryzen 7,AMD,Ryzen 7,8.0,256.0,SSD,,False,15.0,True,EUR,,,False,Ryzen 7 4980U,,,1449.0,"Microsoft Surface Laptop 4 Platino AMD Ryzen 7 4980U/8GB/256 GB SSD/15"" Táctil is a laptop by Microsoft. Processor: Ryzen 7 4980U. It has 8 GB RAM and 256 GB SSD storage. The screen is 15 inches, touchscreen. Listed price: 1449 EUR."
534,"Razer Blade 16 QHD+ Intel Core i9-13950HX/16GB/1TB SSD/RTX 4060/16""",Razer,Blade,Intel Core i9,Intel,Core i9,16.0,1000.0,SSD,RTX 4060,True,16.0,False,EUR,,,False,i9-13950HX,13.0,RTX 4060,3099.0,"Razer Blade 16 QHD+ Intel Core i9-13950HX/16GB/1TB SSD/RTX 4060/16"" is a laptop by Razer. Processor: i9-13950HX (Intel generation 13). It has 16 GB RAM and 1000 GB SSD storage. Dedicated graphics: RTX 4060. The screen is 16 inches. Listed price: 3099 EUR."
535,"Razer Blade 16 QHD+ Intel Core i9-13950HX/16GB/1TB SSD/RTX 4070/16""",Razer,Blade,Intel Core i9,Intel,Core i9,16.0,1000.0,SSD,RTX 4070,True,16.0,False,EUR,,,False,i9-13950HX,13.0,RTX 4070,3499.01,"Razer Blade 16 QHD+ Intel Core i9-13950HX/16GB/1TB SSD/RTX 4070/16"" is a laptop by Razer. Processor: i9-13950HX (Intel generation 13). It has 16 GB RAM and 1000 GB SSD storage. Dedicated graphics: RTX 4070. The screen is 16 inches. Listed price: 3499 EUR."
536,"Alurin AMD R5 5500U 15.6"" 8 256 con SO",Alurin,Alurin,AMD Radeon 5,AMD,,8.0,256.0,,,False,15.6,False,EUR,,,False,,,,499.0,"Alurin AMD R5 5500U 15.6"" 8 256 con SO is a laptop by Alurin. Processor: AMD Radeon 5. It has 8 GB RAM and 256 GB storage. The screen is 15.6 inches. Listed price: 499 EUR."
537,"Alurin Flex Advance AMD Ryzen 5 5500U/8GB/500GB SSD/15.6"" + Windows 11 Home",Alurin,Flex Advance,AMD Ryzen 5,AMD,Ryzen 5,8.0,500.0,SSD,,False,15.6,False,EUR,,,False,Ryzen 5 5500U,,,559.0,"Alurin Flex Advance AMD Ryzen 5 5500U/8GB/500GB SSD/15.6"" + Windows 11 Home is a laptop by Alurin. Processor: Ryzen 5 5500U. It has 8 GB RAM and 500 GB SSD storage. The screen is 15.6 inches. Listed price: 559 EUR."
538,"Razer Blade 16 Dual UHD+FHD+ Intel Core i9-13950HX/32GB/1TB SSD/RTX 4070/16""",Razer,Blade,Intel Core i9,Intel,Core i9,32.0,1000.0,SSD,RTX 4070,True,16.0,False,EUR,,,False,i9-13950HX,13.0,RTX 4070,3799.99,"Razer Blade 16 Dual UHD+FHD+ Intel Core i9-13950HX/32GB/1TB SSD/RTX 4070/16"" is a laptop by Razer. Processor: i9-13950HX (Intel generation 13). It has 32 GB RAM and 1000 GB SSD storage. Dedicated graphics: RTX 4070. The screen is 16 inches. Listed price: 3800 EUR."
539,"ASUS ZenBook 14 OLED UX3402VA-KM005W Intel Evo Core i7-1360P/16GB/512GB SSD/14""",ASUS,ZenBook,Intel Evo Core i7,Intel,Core i7,16.0,512.0,SSD,,False,14.0,False,EUR,,,False,i7-1360P,13.0,,1259.01,"ASUS ZenBook 14 OLED UX3402VA-KM005W Intel Evo Core i7-1360P/16GB/512GB SSD/14"" is a laptop by ASUS. Processor: i7-1360P (Intel generation 13). It has 16 GB RAM and 512 GB SSD storage. The screen is 14 inches. Listed price: 1259 EUR."
540,"Alurin Flex Advance Intel Core i5-1155G7/8GB/256GB SSD/15.6""",Alurin,Flex Advance,Intel Core i5,Intel,Core i5,8.0,256.0,SSD,,False,15.6,False,EUR,,,False,i5-1155G7,11.0,,440.0,"Alurin Flex Advance Intel Core i5-1155G7/8GB/256GB SSD/15.6"" is a laptop by Alurin. Processor: i5-1155G7 (Intel generation 11). It has 8 GB RAM and 256 GB SSD storage. The screen is 15.6 inches. Listed price: 440 EUR."
541,"HP 250 G9 Intel Core i3-1215U/8GB/512GB SSD/15.6""",HP,250,Intel Core i3,Intel,Core i3,8.0,512.0,SSD,,False,15.6,False,EUR,,,False,i3-1215U,12.0,,398.1,"HP 250 G9 Intel Core i3-1215U/8GB/512GB SSD/15.6"" is a laptop by HP. Processor: i3-1215U (Intel generation 12). It has 8 GB RAM and 512 GB SSD storage. The screen is 15.6 inches. Listed price: 398 EUR."
542,"HP 15s-fq4106ns Intel Core i5-1155G7/8GB/256GB SSD/15.6""",HP,15S,Intel Core i5,Intel,Core i5,8.0,256.0,SSD,,False,15.6,False,EUR,,,False,i5-1155G7,11.0,,454.33,"HP 15s-fq4106ns Intel Core i5-1155G7/8GB/256GB SSD/15.6"" is a laptop by HP. Processor: i5-1155G7 (Intel generation 11). It has 8 GB RAM and 256 GB SSD storage. The screen is 15.6 inches. Listed price: 454 EUR."
543,"HP 15S-FQ4059NS Intel Core i5-1155G7/8GB/512GB SSD/15.6""",HP,15S,Intel Core i5,Intel,Core i5,8.0,512.0,SSD,,False,15.6,False,EUR,,,False,i5-1155G7,11.0,,494.81,"HP 15S-FQ4059NS Intel Core i5-1155G7/8GB/512GB SSD/15.6"" is a laptop by HP. Processor: i5-1155G7 (Intel generation 11). It has 8 GB RAM and 512 GB SSD storage. The screen is 15.6 inches. Listed price: 495 EUR."
544,"Alurin Flex Advance AMD Ryzen 5 5500U/8GB/256GB SSD/15.6""",Alurin,Flex Advance,AMD Ryzen 5,AMD,Ryzen 5,8.0,256.0,SSD,,False,15.6,False,EUR,,,False,Ryzen 5 5500U,,,399.0,"Alurin Flex Advance AMD Ryzen 5 5500U/8GB/256GB SSD/15.6"" is a laptop by Alurin. Processor: Ryzen 5 5500U. It has 8 GB RAM and 256 GB SSD storage. The screen is 15.6 inches. Listed price: 399 EUR."
545,"ASUS TUF Gaming F15 Fx506lhb-hn359 Intel Core i5-10300H/16GB/512GB SSD/GTX 1650/15.6""",ASUS,TUF,Intel Core i5,Intel,Core i5,16.0,512.0,SSD,GTX 1650,True,15.6,False,EUR,,,False,i5-10300H,10.0,GTX 1650,719.01,"ASUS TUF Gaming F15 Fx506lhb-hn359 Intel Core i5-10300H/16GB/512GB SSD/GTX 1650/15.6"" is a laptop by ASUS. Processor: i5-10300H (Intel generation 10). It has 16 GB RAM and 512 GB SSD storage. Dedicated graphics: GTX 1650. The screen is 15.6 inches. Listed price: 719 EUR."
546,"Alurin Intel Core I7 12th 15.6"" 16 500 con SO",Alurin,Alurin,Intel Core i7,Intel,Core i7,8.0,500.0,,,False,15.6,False,EUR,,,False,,,,869.0,"Alurin Intel Core I7 12th 15.6"" 16 500 con SO is a laptop by Alurin. Processor: Intel Core i7. It has 8 GB RAM and 500 GB storage. The screen is 15.6 inches. Listed price: 869 EUR."
547,"HP 250 G9 Intel Core i7-1255U/16 GB/512GB SSD/15.6"" Plata",HP,250,Intel Core i7,Intel,Core i7,16.0,512.0,SSD,,False,15.6,False,EUR,,,False,i7-1255U,12.0,,824.0,"HP 250 G9 Intel Core i7-1255U/16 GB/512GB SSD/15.6"" Plata is a laptop by HP. Processor: i7-1255U (Intel generation 12). It has 16 GB RAM and 512 GB SSD storage. The screen is 15.6 inches. Listed price: 824 EUR."
548,"Apple MacBook Pro Apple M2 Pro 12 Núcleos/32GB/1TB SSD/16.2"" Gris Espacial",Apple,MacBook Pro,Apple M2 Pro,Apple,Apple M2,32.0,1000.0,SSD,,False,16.2,False,EUR,,,False,Apple M2 Pro,,,3499.01,"Apple MacBook Pro Apple M2 Pro 12 Núcleos/32GB/1TB SSD/16.2"" Gris Espacial is a laptop by Apple. Processor: Apple M2 Pro. It has 32 GB RAM and 1000 GB SSD storage. The screen is 16.2 inches. Listed price: 3499 EUR."
549,"Lenovo V15 G2 Intel Core i3-1115G4/8GB/256GB SSD/15.6"" Negro",Lenovo,V15,Intel Core i3,Intel,Core i3,8.0,256.0,SSD,,False,15.6,False,EUR,,,False,i3-1115G4,11.0,,495.99,"Lenovo V15 G2 Intel Core i3-1115G4/8GB/256GB SSD/15.6"" Negro is a laptop by Lenovo. Processor: i3-1115G4 (Intel generation 11). It has 8 GB RAM and 256 GB SSD storage. The screen is 15.6 inches. Listed price: 496 EUR."
550,"MSI Raider GE78HX 13VG-040ES Intel Core i7-13700HX/32GB/1TB SSD/RTX 4070/17""",MSI,Raider,Intel Core i7,Intel,Core i7,32.0,1000.0,SSD,RTX 4070,True,17.0,False,EUR,,,False,i7-13700HX,13.0,RTX 4070,2999.0,"MSI Raider GE78HX 13VG-040ES Intel Core i7-13700HX/32GB/1TB SSD/RTX 4070/17"" is a laptop by MSI. Processor: i7-13700HX (Intel generation 13). It has 32 GB RAM and 1000 GB SSD storage. Dedicated graphics: RTX 4070. The screen is 17 inches. Listed price: 2999 EUR."
551,"Lenovo ThinkBook 15p Intel Core i7-10750H/16GB/1TB SSD/GTX 1650Ti/15.6""",Lenovo,ThinkBook,Intel Core i7,Intel,Core i7,16.0,1000.0,SSD,GTX 1650,True,15.6,False,EUR,,,False,i7-10750H,10.0,GTX 1650,1219.0,"Lenovo ThinkBook 15p Intel Core i7-10750H/16GB/1TB SSD/GTX 1650Ti/15.6"" is a laptop by Lenovo. Processor: i7-10750H (Intel generation 10). It has 16 GB RAM and 1000 GB SSD storage. Dedicated graphics: GTX 1650. The screen is 15.6 inches. Listed price: 1219 EUR."
552,"Lenovo ThinkPad E15 Gen 4 Intel Core i7-1255U/16GB/512GB SSD/15.6""",Lenovo,ThinkPad,Intel Core i7,Intel,Core i7,16.0,512.0,SSD,,False,15.6,False,EUR,,,False,i7-1255U,12.0,,1395.0,"Lenovo ThinkPad E15 Gen 4 Intel Core i7-1255U/16GB/512GB SSD/15.6"" is a laptop by Lenovo. Processor: i7-1255U (Intel generation 12). It has 16 GB RAM and 512 GB SSD storage. The screen is 15.6 inches. Listed price: 1395 EUR."
553,"ASUS ExpertBook B1 B1502CBA-EJ0425 Intel Core i5-1235U/16GB/512GB SSD/15.6""",ASUS,ExpertBook,Intel Core i5,Intel,Core i5,16.0,512.0,SSD,,False,15.6,False,EUR,,,False,i5-1235U,12.0,,695.0,"ASUS ExpertBook B1 B1502CBA-EJ0425 Intel Core i5-1235U/16GB/512GB SSD/15.6"" is a laptop by ASUS. Processor: i5-1235U (Intel generation 12). It has 16 GB RAM and 512 GB SSD storage. The screen is 15.6 inches. Listed price: 695 EUR."
554,"MSI Creator Z16 HX Studio B13VFTO-027ES Intel Core i9-13950HX/64GB/2TB SSD/RTX 4060/16"" Táctil",MSI,Creator,Intel Core i9,Intel,Core i9,64.0,2000.0,SSD,RTX 4060,True,16.0,True,EUR,,,False,i9-13950HX,13.0,RTX 4060,3061.31,"MSI Creator Z16 HX Studio B13VFTO-027ES Intel Core i9-13950HX/64GB/2TB SSD/RTX 4060/16"" Táctil is a laptop by MSI. Processor: i9-13950HX (Intel generation 13). It has 64 GB RAM and 2000 GB SSD storage. Dedicated graphics: RTX 4060. The screen is 16 inches, touchscreen. Listed price: 3061 EUR."
555,"HP 250 G9 Intel Core i3-1215U/8 GB/512GB SSD/15.6""",HP,250,Intel Core i3,Intel,Core i3,8.0,512.0,SSD,,False,15.6,False,EUR,,,False,i3-1215U,12.0,,453.0,"HP 250 G9 Intel Core i3-1215U/8 GB/512GB SSD/15.6"" is a laptop by HP. Processor: i3-1215U (Intel generation 12). It has 8 GB RAM and 512 GB SSD storage. The screen is 15.6 inches. Listed price: 453 EUR."
556,"Acer Chromebook 317 Intel Celeron N4500/8GB/128GB eMMC/17.3""",Acer,Chromebook,Intel Celeron,Intel,Celeron,8.0,128.0,eMMC,,False,17.3,False,EUR,,,False,Celeron N4500,,,499.0,"Acer Chromebook 317 Intel Celeron N4500/8GB/128GB eMMC/17.3"" is a laptop by Acer. Processor: Celeron N4500. It has 8 GB RAM and 128 GB eMMC storage. The screen is 17.3 inches. Listed price: 499 EUR."
557,"Dynabook Toshiba Satellite Pro C50-G-10F Intel Core i7-10510U/8 GB/256GB SSD/15.6""",Dynabook Toshiba,Satellite Pro,Intel Core i7,Intel,Core i7,8.0,256.0,SSD,,False,15.6,False,EUR,,,False,i7-10510U,10.0,,699.0,"Dynabook Toshiba Satellite Pro C50-G-10F Intel Core i7-10510U/8 GB/256GB SSD/15.6"" is a laptop by Dynabook Toshiba. Processor: i7-10510U (Intel generation 10). It has 8 GB RAM and 256 GB SSD storage. The screen is 15.6 inches. Listed price: 699 EUR."
558,"HP 15S-FQ2160NS Intel Core i3-1115G4/8GB/256GB SSD/15.6""",HP,15S,Intel Core i3,Intel,Core i3,8.0,256.0,SSD,,False,15.6,False,EUR,,,False,i3-1115G4,11.0,,393.59,"HP 15S-FQ2160NS Intel Core i3-1115G4/8GB/256GB SSD/15.6"" is a laptop by HP. Processor: i3-1115G4 (Intel generation 11). It has 8 GB RAM and 256 GB SSD storage. The screen is 15.6 inches. Listed price: 394 EUR."
559,Dell XPS 13 9315 Intel Core i5-1230U/16GB/512GB SSD/13.4'' (PT),Dell,XPS,Intel Core i5,Intel,Core i5,16.0,512.0,SSD,,False,13.4,False,EUR,,,False,i5-1230U,12.0,,2063.26,Dell XPS 13 9315 Intel Core i5-1230U/16GB/512GB SSD/13.4'' (PT) is a laptop by Dell. Processor: i5-1230U (Intel generation 12). It has 16 GB RAM and 512 GB SSD storage. The screen is 13.4 inches. Listed price: 2063 EUR.
560,"HP OMEN 17-ck2001ns Intel Core i7-13700HX/32GB/1TB SSD/RTX 4080/17.3""",HP,Omen,Intel Core i7,Intel,Core i7,32.0,1000.0,SSD,RTX 4080,True,17.3,False,EUR,,,False,i7-13700HX,13.0,RTX 4080,2999.01,"HP OMEN 17-ck2001ns Intel Core i7-13700HX/32GB/1TB SSD/RTX 4080/17.3"" is a laptop by HP. Processor: i7-13700HX (Intel generation 13). It has 32 GB RAM and 1000 GB SSD storage. Dedicated graphics: RTX 4080. The screen is 17.3 inches. Listed price: 2999 EUR."
561,"Lenovo Legion Pro 7 16IRX8 Intel Core i9-13900HX/32GB/1TB SSD/RTX 4070/16""",Lenovo,Legion,Intel Core i9,Intel,Core i9,32.0,1000.0,SSD,RTX 4070,True,16.0,False,EUR,,,False,i9-13900HX,13.0,RTX 4070,2689.01,"Lenovo Legion Pro 7 16IRX8 Intel Core i9-13900HX/32GB/1TB SSD/RTX 4070/16"" is a laptop by Lenovo. Processor: i9-13900HX (Intel generation 13). It has 32 GB RAM and 1000 GB SSD storage. Dedicated graphics: RTX 4070. The screen is 16 inches. Listed price: 2689 EUR."
562,"Acer ConceptD 3 CN316-73G-74FZ Intel Core i7-11800H/16GB/512GB SSD/GTX 1650/16""",Acer,ConceptD,Intel Core i7,Intel,Core i7,16.0,512.0,SSD,GTX 1650,True,16.0,False,EUR,,,False,i7-11800H,11.0,GTX 1650,1799.0,"Acer ConceptD 3 CN316-73G-74FZ Intel Core i7-11800H/16GB/512GB SSD/GTX 1650/16"" is a laptop by Acer. Processor: i7-11800H (Intel generation 11). It has 16 GB RAM and 512 GB SSD storage. Dedicated graphics: GTX 1650. The screen is 16 inches. Listed price: 1799 EUR."
563,"Lenovo V15 G3 IAP Intel Core i5-1235U/8GB/512GB SSD/15.6""",Lenovo,V15,Intel Core i5,Intel,Core i5,8.0,512.0,SSD,,False,15.6,False,EUR,,,False,i5-1235U,12.0,,579.9,"Lenovo V15 G3 IAP Intel Core i5-1235U/8GB/512GB SSD/15.6"" is a laptop by Lenovo. Processor: i5-1235U (Intel generation 12). It has 8 GB RAM and 512 GB SSD storage. The screen is 15.6 inches. Listed price: 580 EUR."
564,"Acer Predator Helios 300 PH317-55 Intel Core i7-11800H/16GB/1TB SSD/RTX3060/17.3""",Acer,Predator,Intel Core i7,Intel,Core i7,16.0,1000.0,SSD,RTX 3060,True,17.3,False,EUR,,,False,i7-11800H,11.0,RTX 3060,1799.0,"Acer Predator Helios 300 PH317-55 Intel Core i7-11800H/16GB/1TB SSD/RTX3060/17.3"" is a laptop by Acer. Processor: i7-11800H (Intel generation 11). It has 16 GB RAM and 1000 GB SSD storage. Dedicated graphics: RTX 3060. The screen is 17.3 inches. Listed price: 1799 EUR."
565,"ASUS F515EA-BQ1625W Intel Core i3-1115G4/8GB/256GB/15.6""",ASUS,F515,Intel Core i3,Intel,Core i3,8.0,256.0,,,False,15.6,False,EUR,,,False,i3-1115G4,11.0,,408.0,"ASUS F515EA-BQ1625W Intel Core i3-1115G4/8GB/256GB/15.6"" is a laptop by ASUS. Processor: i3-1115G4 (Intel generation 11). It has 8 GB RAM and 256 GB storage. The screen is 15.6 inches. Listed price: 408 EUR."
566,"Acer Chromebook 516 GE CBG516-1H-72EW Intel Core i7-1260P/16GB/256GB SSD/16""",Acer,Chromebook,Intel Core i7,Intel,Core i7,16.0,256.0,SSD,,False,16.0,False,EUR,,,False,i7-1260P,12.0,,1139.01,"Acer Chromebook 516 GE CBG516-1H-72EW Intel Core i7-1260P/16GB/256GB SSD/16"" is a laptop by Acer. Processor: i7-1260P (Intel generation 12). It has 16 GB RAM and 256 GB SSD storage. The screen is 16 inches. Listed price: 1139 EUR."
567,"Acer Nitro 5 AN515-45-R5ZJ AMD Ryzen 9 5900HX/16GB/1TB SSD/RTX 3080/15.6""",Acer,Nitro,AMD Ryzen 9,AMD,Ryzen 9,16.0,1000.0,SSD,RTX 3080,True,15.6,False,EUR,,,False,Ryzen 9 5900HX,,RTX 3080,2399.01,"Acer Nitro 5 AN515-45-R5ZJ AMD Ryzen 9 5900HX/16GB/1TB SSD/RTX 3080/15.6"" is a laptop by Acer. Processor: Ryzen 9 5900HX. It has 16 GB RAM and 1000 GB SSD storage. Dedicated graphics: RTX 3080. The screen is 15.6 inches. Listed price: 2399 EUR."
568,"Dell Latitude 9510 Intel Core i5-10210U/8GB/256GB SSD/15""",Dell,Latitude,Intel Core i5,Intel,Core i5,8.0,256.0,SSD,,False,15.0,False,EUR,,,False,i5-10210U,10.0,,1599.0,"Dell Latitude 9510 Intel Core i5-10210U/8GB/256GB SSD/15"" is a laptop by Dell. Processor: i5-10210U (Intel generation 10). It has 8 GB RAM and 256 GB SSD storage. The screen is 15 inches. Listed price: 1599 EUR."
569,Lenovo IdeaPad IP 5 Chrome 16IAU7 Intel Core i5-1235U/8GB/512GB SSD/16'' (PT),Lenovo,IdeaPad,Intel Core i5,Intel,Core i5,8.0,512.0,SSD,,False,16.0,False,EUR,,,False,i5-1235U,12.0,,1274.37,Lenovo IdeaPad IP 5 Chrome 16IAU7 Intel Core i5-1235U/8GB/512GB SSD/16'' (PT) is a laptop by Lenovo. Processor: i5-1235U (Intel generation 12). It has 8 GB RAM and 512 GB SSD storage. The screen is 16 inches. Listed price: 1274 EUR.
570,"Lenovo Legion 5 15ACH6-276 Ryzen 7 5800H/16GB/1TB SSD/RTX3060/15.6"" (PT)",Lenovo,Legion,AMD Ryzen 7,AMD,Ryzen 7,16.0,1000.0,SSD,RTX 3060,True,15.6,False,EUR,,,False,Ryzen 7 5800H,,RTX 3060,1553.68,"Lenovo Legion 5 15ACH6-276 Ryzen 7 5800H/16GB/1TB SSD/RTX3060/15.6"" (PT) is a laptop by Lenovo. Processor: Ryzen 7 5800H. It has 16 GB RAM and 1000 GB SSD storage. Dedicated graphics: RTX 3060. The screen is 15.6 inches. Listed price: 1554 EUR."
571,"MSI Creator Pro M16 B13VI-1023ES Intel Core i7-13700H/16GB/1TB SSD/RTX A1000/16""",MSI,Creator,Intel Core i7,Intel,Core i7,16.0,1000.0,SSD,RTX A1000,True,16.0,False,EUR,,,False,i7-13700H,13.0,RTX A1000,1980.2,"MSI Creator Pro M16 B13VI-1023ES Intel Core i7-13700H/16GB/1TB SSD/RTX A1000/16"" is a laptop by MSI. Processor: i7-13700H (Intel generation 13). It has 16 GB RAM and 1000 GB SSD storage. Dedicated graphics: RTX A1000. The screen is 16 inches. Listed price: 1980 EUR."
572,"MSI Creator Pro M16 B13VI-1024XES Intel Core i7-13700H/16GB/1TB SSD/RTX A1000/16""",MSI,Creator,Intel Core i7,Intel,Core i7,16.0,1000.0,SSD,RTX A1000,True,16.0,False,EUR,,,False,i7-13700H,13.0,RTX A1000,1772.43,"MSI Creator Pro M16 B13VI-1024XES Intel Core i7-13700H/16GB/1TB SSD/RTX A1000/16"" is a laptop by MSI. Processor: i7-13700H (Intel generation 13). It has 16 GB RAM and 1000 GB SSD storage. Dedicated graphics: RTX A1000. The screen is 16 inches. Listed price: 1772 EUR."
573,"MSI Creator Pro M16 B13VK-1021ES Intel Core i7-13700H/32GB/1TB SSD/RTX 3000/16""",MSI,Creator,Intel Core i7,Intel,Core i7,32.0,1000.0,SSD,RTX 3000,True,16.0,False,EUR,,,False,i7-13700H,13.0,RTX 3000,2707.44,"MSI Creator Pro M16 B13VK-1021ES Intel Core i7-13700H/32GB/1TB SSD/RTX 3000/16"" is a laptop by MSI. Processor: i7-13700H (Intel generation 13). It has 32 GB RAM and 1000 GB SSD storage. Dedicated graphics: RTX 3000. The screen is 16 inches. Listed price: 2707 EUR."
574,"MSI Katana 17 B13VFK-087ES Intel Core i7-13620H/16GB/1TB SSD/RTX 4060/17.3""",MSI,Katana,Intel Core i7,Intel,Core i7,16.0,1000.0,SSD,RTX 4060,True,17.3,False,EUR,,,False,i7-13620H,13.0,RTX 4060,1999.0,"MSI Katana 17 B13VFK-087ES Intel Core i7-13620H/16GB/1TB SSD/RTX 4060/17.3"" is a laptop by MSI. Processor: i7-13620H (Intel generation 13). It has 16 GB RAM and 1000 GB SSD storage. Dedicated graphics: RTX 4060. The screen is 17.3 inches. Listed price: 1999 EUR."
575,"ASUS ExpertBook B3 Flip B3402FEA-EC0765X Intel Core i5-1135G7/8GB/256GB SSD/14"" Táctil",ASUS,ExpertBook,Intel Core i5,Intel,Core i5,8.0,256.0,SSD,,False,14.0,True,EUR,,,False,i5-1135G7,11.0,,839.0,"ASUS ExpertBook B3 Flip B3402FEA-EC0765X Intel Core i5-1135G7/8GB/256GB SSD/14"" Táctil is a laptop by ASUS. Processor: i5-1135G7 (Intel generation 11). It has 8 GB RAM and 256 GB SSD storage. The screen is 14 inches, touchscreen. Listed price: 839 EUR."
576,"ASUS P1412CEA-EK1154X Intel Core i5-1135G7/16GB/512GB SSD/14""",ASUS,ExpertBook,Intel Core i5,Intel,Core i5,16.0,512.0,SSD,,False,14.0,False,EUR,,,False,i5-1135G7,11.0,,650.13,"ASUS P1412CEA-EK1154X Intel Core i5-1135G7/16GB/512GB SSD/14"" is a laptop by ASUS. Processor: i5-1135G7 (Intel generation 11). It has 16 GB RAM and 512 GB SSD storage. The screen is 14 inches. Listed price: 650 EUR."
577,"Microsoft Surface Pro 9 Grafito Intel Evo Core i7-1255U/16GB/512GB SSD/13"" Táctil",Microsoft,Surface Pro,Intel Evo Core i7,Intel,Core i7,16.0,512.0,SSD,,False,13.0,True,EUR,,,False,i7-1255U,12.0,,2189.0,"Microsoft Surface Pro 9 Grafito Intel Evo Core i7-1255U/16GB/512GB SSD/13"" Táctil is a laptop by Microsoft. Processor: i7-1255U (Intel generation 12). It has 16 GB RAM and 512 GB SSD storage. The screen is 13 inches, touchscreen. Listed price: 2189 EUR."
578,"Microsoft Surface Laptop Studio Intel Core i5-11300H/16GB/256GB SSD/14.4"" Táctil Platino",Microsoft,Surface Laptop,Intel Core i5,Intel,Core i5,16.0,256.0,SSD,,False,14.4,True,EUR,,,False,i5-11300H,11.0,,1699.01,"Microsoft Surface Laptop Studio Intel Core i5-11300H/16GB/256GB SSD/14.4"" Táctil Platino is a laptop by Microsoft. Processor: i5-11300H (Intel generation 11). It has 16 GB RAM and 256 GB SSD storage. The screen is 14.4 inches, touchscreen. Listed price: 1699 EUR."
579,"ASUS ExpertBook B1 B1502CBA-EJ0439 Intel Core i7-1255U/16GB/512GB SSD/15.6""",ASUS,ExpertBook,Intel Core i7,Intel,Core i7,16.0,512.0,SSD,,False,15.6,False,EUR,,,False,i7-1255U,12.0,,800.0,"ASUS ExpertBook B1 B1502CBA-EJ0439 Intel Core i7-1255U/16GB/512GB SSD/15.6"" is a laptop by ASUS. Processor: i7-1255U (Intel generation 12). It has 16 GB RAM and 512 GB SSD storage. The screen is 15.6 inches. Listed price: 800 EUR."
580,"MSI Creator M16 A12UC-090XES Intel Core i7-12700H/16GB/1TB SSD/RTX 3050/16""",MSI,Creator,Intel Core i7,Intel,Core i7,16.0,1000.0,SSD,RTX 3050,True,16.0,False,EUR,,,False,i7-12700H,12.0,RTX 3050,1499.0,"MSI Creator M16 A12UC-090XES Intel Core i7-12700H/16GB/1TB SSD/RTX 3050/16"" is a laptop by MSI. Processor: i7-12700H (Intel generation 12). It has 16 GB RAM and 1000 GB SSD storage. Dedicated graphics: RTX 3050. The screen is 16 inches. Listed price: 1499 EUR."
581,"HP 15S-EQ2051NS AMD Ryzen 3 5300U/8GB/256GB SSD/15.6""",HP,15S,AMD Ryzen 3,AMD,Ryzen 3,8.0,256.0,SSD,,False,15.6,False,EUR,,,False,Ryzen 3 5300U,,,431.99,"HP 15S-EQ2051NS AMD Ryzen 3 5300U/8GB/256GB SSD/15.6"" is a laptop by HP. Processor: Ryzen 3 5300U. It has 8 GB RAM and 256 GB SSD storage. The screen is 15.6 inches. Listed price: 432 EUR."
582,"HP ProBook 455 G10 AMD Ryzen 7 7730U/16GB/512GB SSD/15.6""",HP,ProBook,AMD Ryzen 7,AMD,Ryzen 7,16.0,512.0,SSD,,False,15.6,False,EUR,,,False,Ryzen 7 7730U,,,899.99,"HP ProBook 455 G10 AMD Ryzen 7 7730U/16GB/512GB SSD/15.6"" is a laptop by HP. Processor: Ryzen 7 7730U. It has 16 GB RAM and 512 GB SSD storage. The screen is 15.6 inches. Listed price: 900 EUR."
583,"ASUS E510MA-EJ1188W Intel Celeron N4020/8GB/256GB SSD/15.6""",ASUS,E510,Intel Celeron,Intel,Celeron,8.0,256.0,SSD,,False,15.6,False,EUR,,,False,Celeron N4020,,,329.99,"ASUS E510MA-EJ1188W Intel Celeron N4020/8GB/256GB SSD/15.6"" is a laptop by ASUS. Processor: Celeron N4020. It has 8 GB RAM and 256 GB SSD storage. The screen is 15.6 inches. Listed price: 330 EUR."
584,"Alurin Go Intel Pentium N4200/8GB/256GB SSD/14.1""",Alurin,Go,Intel Pentium,Intel,Pentium,8.0,256.0,SSD,,False,14.1,False,EUR,,,False,N4200,,,399.0,"Alurin Go Intel Pentium N4200/8GB/256GB SSD/14.1"" is a laptop by Alurin. Processor: N4200. It has 8 GB RAM and 256 GB SSD storage. The screen is 14.1 inches. Listed price: 399 EUR."
585,"HP ProBook 450 G9 Intel Core i7-1255U/16GB/1TB SSD/15.6""",HP,ProBook,Intel Core i7,Intel,Core i7,16.0,1000.0,SSD,,False,15.6,False,EUR,,,False,i7-1255U,12.0,,1312.0,"HP ProBook 450 G9 Intel Core i7-1255U/16GB/1TB SSD/15.6"" is a laptop by HP. Processor: i7-1255U (Intel generation 12). It has 16 GB RAM and 1000 GB SSD storage. The screen is 15.6 inches. Listed price: 1312 EUR."
586,HP Victus 16-d1012np Intel Core i7-12700H/8GB/512GB SSD/RTX 3050Ti/16.1'' (PT),HP,Victus,Intel Core i7,Intel,Core i7,8.0,512.0,SSD,RTX 3050,True,16.1,False,EUR,,,False,i7-12700H,12.0,RTX 3050,1329.51,HP Victus 16-d1012np Intel Core i7-12700H/8GB/512GB SSD/RTX 3050Ti/16.1'' (PT) is a laptop by HP. Processor: i7-12700H (Intel generation 12). It has 8 GB RAM and 512 GB SSD storage. Dedicated graphics: RTX 3050. The screen is 16.1 inches. Listed price: 1330 EUR.
587,"Lenovo IdeaPad 3 15ITL6 Intel Core i5-1135G7/8 GB/512GBSSD/15.6""",Lenovo,IdeaPad,Intel Core i5,Intel,Core i5,8.0,512.0,SSD,,False,15.6,False,EUR,,,False,i5-1135G7,11.0,,599.0,"Lenovo IdeaPad 3 15ITL6 Intel Core i5-1135G7/8 GB/512GBSSD/15.6"" is a laptop by Lenovo. Processor: i5-1135G7 (Intel generation 11). It has 8 GB RAM and 512 GB SSD storage. The screen is 15.6 inches. Listed price: 599 EUR."
588,Acer Extensa 15 EX215-54 Intel Core i5-1135G7/8GB/256GB SSD,Acer,Extensa,Intel Core i5,Intel,Core i5,8.0,256.0,SSD,,False,,False,EUR,,,False,i5-1135G7,11.0,,524.99,Acer Extensa 15 EX215-54 Intel Core i5-1135G7/8GB/256GB SSD is a laptop by Acer. Processor: i5-1135G7 (Intel generation 11). It has 8 GB RAM and 256 GB SSD storage. Listed price: 525 EUR.
589,"MSI Modern 14 C12M-052ES Intel Core i7-1255U/16GB/1TB SSD/14""",MSI,Modern,Intel Core i7,Intel,Core i7,16.0,1000.0,SSD,,False,14.0,False,EUR,,,False,i7-1255U,12.0,,1149.0,"MSI Modern 14 C12M-052ES Intel Core i7-1255U/16GB/1TB SSD/14"" is a laptop by MSI. Processor: i7-1255U (Intel generation 12). It has 16 GB RAM and 1000 GB SSD storage. The screen is 14 inches. Listed price: 1149 EUR."
590,"MSI Creator Z16 HX Studio B13VGTO-032ES Intel Core i9-13950HX/64GB/1TB SSD/RTX 4070/16"" Táctil",MSI,Creator,Intel Core i9,Intel,Core i9,64.0,1000.0,SSD,RTX 4070,True,16.0,True,EUR,,,False,i9-13950HX,13.0,RTX 4070,3289.01,"MSI Creator Z16 HX Studio B13VGTO-032ES Intel Core i9-13950HX/64GB/1TB SSD/RTX 4070/16"" Táctil is a laptop by MSI. Processor: i9-13950HX (Intel generation 13). It has 64 GB RAM and 1000 GB SSD storage. Dedicated graphics: RTX 4070. The screen is 16 inches, touchscreen. Listed price: 3289 EUR."
591,"HP 250 G9 Intel Core i7-1255U/16GB/512GB SSD/15.6"" Gris",HP,250,Intel Core i7,Intel,Core i7,16.0,512.0,SSD,,False,15.6,False,EUR,,,False,i7-1255U,12.0,,786.14,"HP 250 G9 Intel Core i7-1255U/16GB/512GB SSD/15.6"" Gris is a laptop by HP. Processor: i7-1255U (Intel generation 12). It has 16 GB RAM and 512 GB SSD storage. The screen is 15.6 inches. Listed price: 786 EUR."
592,ASUS Vivobook Pro 15 M6500QE AMD Ryzen 7-5800H/16GB/1TB SSD/RTX 3050Ti/15.6'' (PT),ASUS,VivoBook,AMD Ryzen 7,AMD,Ryzen 7,16.0,1000.0,SSD,RTX 3050,True,15.6,False,EUR,,,False,,,RTX 3050,1501.55,ASUS Vivobook Pro 15 M6500QE AMD Ryzen 7-5800H/16GB/1TB SSD/RTX 3050Ti/15.6'' (PT) is a laptop by ASUS. Processor: AMD Ryzen 7. It has 16 GB RAM and 1000 GB SSD storage. Dedicated graphics: RTX 3050. The screen is 15.6 inches. Listed price: 1502 EUR.
593,"Apple MacBook Pro Apple M2 Pro 12 Núcleos/16GB/1TB SSD/16.2"" Gris Espacial",Apple,MacBook Pro,Apple M2 Pro,Apple,Apple M2,16.0,1000.0,SSD,,False,16.2,False,EUR,,,False,Apple M2 Pro,,,2999.01,"Apple MacBook Pro Apple M2 Pro 12 Núcleos/16GB/1TB SSD/16.2"" Gris Espacial is a laptop by Apple. Processor: Apple M2 Pro. It has 16 GB RAM and 1000 GB SSD storage. The screen is 16.2 inches. Listed price: 2999 EUR."
594,"ASUS TUF GAMING A15 FA507NU-R77B46CS1 AMD Ryzen 7 7735HS/16GB/512GB SSD/RTX4060/15.6"" (PT)",ASUS,TUF,AMD Ryzen 7,AMD,Ryzen 7,16.0,512.0,SSD,RTX 4060,True,15.6,False,EUR,,,False,Ryzen 7 7735HS,,RTX 4060,1499.96,"ASUS TUF GAMING A15 FA507NU-R77B46CS1 AMD Ryzen 7 7735HS/16GB/512GB SSD/RTX4060/15.6"" (PT) is a laptop by ASUS. Processor: Ryzen 7 7735HS. It has 16 GB RAM and 512 GB SSD storage. Dedicated graphics: RTX 4060. The screen is 15.6 inches. Listed price: 1500 EUR."
595,"Samsung Galaxy Book3 Pro Intel Evo Core i7-1360P/16GB/512GB SSD/14""",Samsung,Galaxy Book,Intel Evo Core i7,Intel,Core i7,16.0,512.0,SSD,,False,14.0,False,EUR,,,False,i7-1360P,13.0,,1889.0,"Samsung Galaxy Book3 Pro Intel Evo Core i7-1360P/16GB/512GB SSD/14"" is a laptop by Samsung. Processor: i7-1360P (Intel generation 13). It has 16 GB RAM and 512 GB SSD storage. The screen is 14 inches. Listed price: 1889 EUR."
596,"Lenovo Yoga Slim 7 Pro 14ARH7 AMD Ryzen 5 6600HS/8GB/512GB SSD/14""",Lenovo,Yoga,AMD Ryzen 5,AMD,Ryzen 5,8.0,512.0,SSD,,False,14.0,False,EUR,,,False,Ryzen 5 6600HS,,,979.0,"Lenovo Yoga Slim 7 Pro 14ARH7 AMD Ryzen 5 6600HS/8GB/512GB SSD/14"" is a laptop by Lenovo. Processor: Ryzen 5 6600HS. It has 8 GB RAM and 512 GB SSD storage. The screen is 14 inches. Listed price: 979 EUR."
597,"LG Gram 17Z90R-E.AD75B Intel Evo Core i7-1360P/32GB/512GB SSD/RTX 3050/17""",LG,Gram,Intel Evo Core i7,Intel,Core i7,32.0,512.0,SSD,RTX 3050,True,17.0,False,EUR,,,False,i7-1360P,13.0,RTX 3050,2399.0,"LG Gram 17Z90R-E.AD75B Intel Evo Core i7-1360P/32GB/512GB SSD/RTX 3050/17"" is a laptop by LG. Processor: i7-1360P (Intel generation 13). It has 32 GB RAM and 512 GB SSD storage. Dedicated graphics: RTX 3050. The screen is 17 inches. Listed price: 2399 EUR."
598,"ASUS ROG Strix G16 G614JI-N4007 Intel Core i9-13980HX/32GB/1TB SSD/RTX 4070/16""",ASUS,ROG,Intel Core i9,Intel,Core i9,32.0,1000.0,SSD,RTX 4070,True,16.0,False,EUR,,,False,N4007,,RTX 4070,2459.01,"ASUS ROG Strix G16 G614JI-N4007 Intel Core i9-13980HX/32GB/1TB SSD/RTX 4070/16"" is a laptop by ASUS. Processor: N4007. It has 32 GB RAM and 1000 GB SSD storage. Dedicated graphics: RTX 4070. The screen is 16 inches. Listed price: 2459 EUR."
599,"Dynabook Toshiba Satellite Pro C50-J-12X Intel Core i3-1115G4/8GB/256GB SSD/15.6""",Dynabook Toshiba,Satellite Pro,Intel Core i3,Intel,Core i3,8.0,256.0,SSD,,False,15.6,False,EUR,,,False,i3-1115G4,11.0,,679.0,"Dynabook Toshiba Satellite Pro C50-J-12X Intel Core i3-1115G4/8GB/256GB SSD/15.6"" is a laptop by Dynabook Toshiba. Processor: i3-1115G4 (Intel generation 11). It has 8 GB RAM and 256 GB SSD storage. The screen is 15.6 inches. Listed price: 679 EUR."
600,"Gigabyte AORUS 15 9KF-E3ES383SD Intel Core i5-12500H/8GB/512GB SSD/RTX 4060/15.6""",Gigabyte,Aorus,Intel Core i5,Intel,Core i5,8.0,512.0,SSD,RTX 4060,True,15.6,False,EUR,,,False,i5-12500H,12.0,RTX 4060,1086.85,"Gigabyte AORUS 15 9KF-E3ES383SD Intel Core i5-12500H/8GB/512GB SSD/RTX 4060/15.6"" is a laptop by Gigabyte. Processor: i5-12500H (Intel generation 12). It has 8 GB RAM and 512 GB SSD storage. Dedicated graphics: RTX 4060. The screen is 15.6 inches. Listed price: 1087 EUR."
601,"Medion Erazer Beast X40 Intel Core i9-13900HX/32GB/2TB SSD/RTX 4090/17""",Medion,Beast,Intel Core i9,Intel,Core i9,32.0,2000.0,SSD,RTX 4090,True,17.0,False,EUR,,,False,i9-13900HX,13.0,RTX 4090,3799.0,"Medion Erazer Beast X40 Intel Core i9-13900HX/32GB/2TB SSD/RTX 4090/17"" is a laptop by Medion. Processor: i9-13900HX (Intel generation 13). It has 32 GB RAM and 2000 GB SSD storage. Dedicated graphics: RTX 4090. The screen is 17 inches. Listed price: 3799 EUR."
602,"MSI Prestige 16 A12UD-218ES Intel Core i7-1280P/32GB/1TB SSD/RTX 3050Ti/16""",MSI,Prestige,Intel Core i7,Intel,Core i7,32.0,1000.0,SSD,RTX 3050,True,16.0,False,EUR,,,False,i7-1280P,12.0,RTX 3050,1929.01,"MSI Prestige 16 A12UD-218ES Intel Core i7-1280P/32GB/1TB SSD/RTX 3050Ti/16"" is a laptop by MSI. Processor: i7-1280P (Intel generation 12). It has 32 GB RAM and 1000 GB SSD storage. Dedicated graphics: RTX 3050. The screen is 16 inches. Listed price: 1929 EUR."
603,"Alurin Flex Advance Intel Core i5-1155G7/8GB/256GB SSD/14"" + Windows 11 Home",Alurin,Flex Advance,Intel Core i5,Intel,Core i5,8.0,256.0,SSD,,False,14.0,False,EUR,,,False,i5-1155G7,11.0,,540.0,"Alurin Flex Advance Intel Core i5-1155G7/8GB/256GB SSD/14"" + Windows 11 Home is a laptop by Alurin. Processor: i5-1155G7 (Intel generation 11). It has 8 GB RAM and 256 GB SSD storage. The screen is 14 inches. Listed price: 540 EUR."
604,"HP OMEN 17-ck0013ns Intel Core i7-11800H/32GB/1TB SSD/RTX 3060/17.3""",HP,Omen,Intel Core i7,Intel,Core i7,32.0,1000.0,SSD,RTX 3060,True,17.3,False,EUR,,,False,i7-11800H,11.0,RTX 3060,1699.01,"HP OMEN 17-ck0013ns Intel Core i7-11800H/32GB/1TB SSD/RTX 3060/17.3"" is a laptop by HP. Processor: i7-11800H (Intel generation 11). It has 32 GB RAM and 1000 GB SSD storage. Dedicated graphics: RTX 3060. The screen is 17.3 inches. Listed price: 1699 EUR."
605,"Alurin Flex Intel Core i3-10110U/8GB/256GB SSD/nOS/14""",Alurin,Flex,Intel Core i3,Intel,Core i3,8.0,256.0,SSD,,False,14.0,False,EUR,,,False,i3-10110U,10.0,,429.9,"Alurin Flex Intel Core i3-10110U/8GB/256GB SSD/nOS/14"" is a laptop by Alurin. Processor: i3-10110U (Intel generation 10). It has 8 GB RAM and 256 GB SSD storage. The screen is 14 inches. Listed price: 430 EUR."
606,"Acer Aspire 3 A315-56-35X1 Intel Core i3-1005G1/8GB/256GB SSD/15.6""",Acer,Aspire,Intel Core i3,Intel,Core i3,8.0,256.0,SSD,,False,15.6,False,EUR,,,False,i3-1005G1,10.0,,385.2,"Acer Aspire 3 A315-56-35X1 Intel Core i3-1005G1/8GB/256GB SSD/15.6"" is a laptop by Acer. Processor: i3-1005G1 (Intel generation 10). It has 8 GB RAM and 256 GB SSD storage. The screen is 15.6 inches. Listed price: 385 EUR."
607,"Acer TravelMate P2 TMP215-53-58LP Intel Core i5-1135G7/8GB/256GB SSD/15.6""",Acer,TravelMate,Intel Core i5,Intel,Core i5,8.0,256.0,SSD,,False,15.6,False,EUR,,,False,i5-1135G7,11.0,,725.0,"Acer TravelMate P2 TMP215-53-58LP Intel Core i5-1135G7/8GB/256GB SSD/15.6"" is a laptop by Acer. Processor: i5-1135G7 (Intel generation 11). It has 8 GB RAM and 256 GB SSD storage. The screen is 15.6 inches. Listed price: 725 EUR."
608,"Acer Extensa 15 EX215-54-50GK Intel Core i5-1135G7/8GB/512GB SSD/15.6""",Acer,Extensa,Intel Core i5,Intel,Core i5,8.0,512.0,SSD,,False,15.6,False,EUR,,,False,i5-1135G7,11.0,,589.0,"Acer Extensa 15 EX215-54-50GK Intel Core i5-1135G7/8GB/512GB SSD/15.6"" is a laptop by Acer. Processor: i5-1135G7 (Intel generation 11). It has 8 GB RAM and 512 GB SSD storage. The screen is 15.6 inches. Listed price: 589 EUR."
609,"ASUS ExpertBook B1 B1502CBA-EJ0439W Intel Core i7-1255U/16GB/512GB SSD/15.6""",ASUS,ExpertBook,Intel Core i7,Intel,Core i7,16.0,512.0,SSD,,False,15.6,False,EUR,,,False,i7-1255U,12.0,,884.99,"ASUS ExpertBook B1 B1502CBA-EJ0439W Intel Core i7-1255U/16GB/512GB SSD/15.6"" is a laptop by ASUS. Processor: i7-1255U (Intel generation 12). It has 16 GB RAM and 512 GB SSD storage. The screen is 15.6 inches. Listed price: 885 EUR."
610,"HP Chromebook x360 11 G3 Education Edition Intel Celeron N4020/4GB/32GB/11.6"" Táctil",HP,Chromebook,Intel Celeron,Intel,Celeron,4.0,32.0,,,False,11.6,True,EUR,,,False,Celeron N4020,,,282.57,"HP Chromebook x360 11 G3 Education Edition Intel Celeron N4020/4GB/32GB/11.6"" Táctil is a laptop by HP. Processor: Celeron N4020. It has 4 GB RAM and 32 GB storage. The screen is 11.6 inches, touchscreen. Listed price: 283 EUR."
611,"LG Gram 14Z90R-G.AD78B Intel Evo Core i7-1360P/32GB/1TB SSD/14""",LG,Gram,Intel Evo Core i7,Intel,Core i7,32.0,1000.0,SSD,,False,14.0,False,EUR,,,False,i7-1360P,13.0,,1999.0,"LG Gram 14Z90R-G.AD78B Intel Evo Core i7-1360P/32GB/1TB SSD/14"" is a laptop by LG. Processor: i7-1360P (Intel generation 13). It has 32 GB RAM and 1000 GB SSD storage. The screen is 14 inches. Listed price: 1999 EUR."
612,"Acer Extensa 15 EX215-54-323B Intel Core i3-1115G4/8GB/256GB SSD/15.6""",Acer,Extensa,Intel Core i3,Intel,Core i3,8.0,256.0,SSD,,False,15.6,False,EUR,,,False,i3-1115G4,11.0,,430.99,"Acer Extensa 15 EX215-54-323B Intel Core i3-1115G4/8GB/256GB SSD/15.6"" is a laptop by Acer. Processor: i3-1115G4 (Intel generation 11). It has 8 GB RAM and 256 GB SSD storage. The screen is 15.6 inches. Listed price: 431 EUR."
613,"LG Gram 16Z90R-E.AD75B Intel Evo Core i7-1360P/32GB/512GB SSD/RTX 3050/16""",LG,Gram,Intel Evo Core i7,Intel,Core i7,32.0,512.0,SSD,RTX 3050,True,16.0,False,EUR,,,False,i7-1360P,13.0,RTX 3050,2349.0,"LG Gram 16Z90R-E.AD75B Intel Evo Core i7-1360P/32GB/512GB SSD/RTX 3050/16"" is a laptop by LG. Processor: i7-1360P (Intel generation 13). It has 32 GB RAM and 512 GB SSD storage. Dedicated graphics: RTX 3050. The screen is 16 inches. Listed price: 2349 EUR."
614,"Microsoft Surface Laptop 5 Platino Intel Evo Core i7-1255U/8GB/256GB SSD/15"" Táctil",Microsoft,Surface Laptop,Intel Evo Core i7,Intel,Core i7,8.0,256.0,SSD,,False,15.0,True,EUR,,,False,i7-1255U,12.0,,1529.0,"Microsoft Surface Laptop 5 Platino Intel Evo Core i7-1255U/8GB/256GB SSD/15"" Táctil is a laptop by Microsoft. Processor: i7-1255U (Intel generation 12). It has 8 GB RAM and 256 GB SSD storage. The screen is 15 inches, touchscreen. Listed price: 1529 EUR."
615,"Dynabook Toshiba Portégé X30L-K-108 Intel Core i7-1260P/16GB/512GB SSD/13.3""",Dynabook Toshiba,Portégé,Intel Core i7,Intel,Core i7,16.0,512.0,SSD,,False,13.3,False,EUR,,,False,i7-1260P,12.0,,1805.01,"Dynabook Toshiba Portégé X30L-K-108 Intel Core i7-1260P/16GB/512GB SSD/13.3"" is a laptop by Dynabook Toshiba. Processor: i7-1260P (Intel generation 12). It has 16 GB RAM and 512 GB SSD storage. The screen is 13.3 inches. Listed price: 1805 EUR."
616,"Dynabook Toshiba Tecra A50-J-1F8 Intel Core i5-1135G7/8GB/256GB SSD/15.6""",Dynabook Toshiba,Tecra,Intel Core i5,Intel,Core i5,8.0,256.0,SSD,,False,15.6,False,EUR,,,False,i5-1135G7,11.0,,899.01,"Dynabook Toshiba Tecra A50-J-1F8 Intel Core i5-1135G7/8GB/256GB SSD/15.6"" is a laptop by Dynabook Toshiba. Processor: i5-1135G7 (Intel generation 11). It has 8 GB RAM and 256 GB SSD storage. The screen is 15.6 inches. Listed price: 899 EUR."
617,"ASUS Zenbook 14 OLED UM3402YA-KM063W AMD Ryzen 5 5625U/16GB/512GB SSD/14""",ASUS,ZenBook,AMD Ryzen 5,AMD,Ryzen 5,16.0,512.0,SSD,,False,14.0,False,EUR,,,False,Ryzen 5 5625U,,,856.0,"ASUS Zenbook 14 OLED UM3402YA-KM063W AMD Ryzen 5 5625U/16GB/512GB SSD/14"" is a laptop by ASUS. Processor: Ryzen 5 5625U. It has 16 GB RAM and 512 GB SSD storage. The screen is 14 inches. Listed price: 856 EUR."
618,"Alurin Flex Intel Core i3-10110U/8GB/512GB SSD/14""",Alurin,Flex,Intel Core i3,Intel,Core i3,8.0,512.0,SSD,,False,14.0,False,EUR,,,False,i3-10110U,10.0,,529.0,"Alurin Flex Intel Core i3-10110U/8GB/512GB SSD/14"" is a laptop by Alurin. Processor: i3-10110U (Intel generation 10). It has 8 GB RAM and 512 GB SSD storage. The screen is 14 inches. Listed price: 529 EUR."
619,"Apple MacBook Pro Apple M2 Pro 12 Núcleos/16GB/1TB SSD/14.2"" Plata",Apple,MacBook Pro,Apple M2 Pro,Apple,Apple M2,16.0,1000.0,SSD,,False,14.2,False,EUR,,,False,Apple M2 Pro,,,2749.0,"Apple MacBook Pro Apple M2 Pro 12 Núcleos/16GB/1TB SSD/14.2"" Plata is a laptop by Apple. Processor: Apple M2 Pro. It has 16 GB RAM and 1000 GB SSD storage. The screen is 14.2 inches. Listed price: 2749 EUR."
620,"Apple MacBook Pro Apple M2 Pro 12 Núcleos/16GB/512GB SSD/16.2"" Plata",Apple,MacBook Pro,Apple M2 Pro,Apple,Apple M2,16.0,512.0,SSD,,False,16.2,False,EUR,,,False,Apple M2 Pro,,,2789.0,"Apple MacBook Pro Apple M2 Pro 12 Núcleos/16GB/512GB SSD/16.2"" Plata is a laptop by Apple. Processor: Apple M2 Pro. It has 16 GB RAM and 512 GB SSD storage. The screen is 16.2 inches. Listed price: 2789 EUR."
621,"Thomson Neo White Intel Celeron N4020/4GB/64GB eMMC/14.1""",Thomson,Neo,Intel Celeron,Intel,Celeron,4.0,64.0,eMMC,,False,14.1,False,EUR,,,False,Celeron N4020,,,201.05,"Thomson Neo White Intel Celeron N4020/4GB/64GB eMMC/14.1"" is a laptop by Thomson. Processor: Celeron N4020. It has 4 GB RAM and 64 GB eMMC storage. The screen is 14.1 inches. Listed price: 201 EUR."
622,"ASUS VivoBook F515EA-BQ3063 Intel Core i5-1135G7/8GB/512GB SSD/15.6""",ASUS,VivoBook,Intel Core i5,Intel,Core i5,8.0,512.0,SSD,,False,15.6,False,EUR,,,False,i5-1135G7,11.0,,505.01,"ASUS VivoBook F515EA-BQ3063 Intel Core i5-1135G7/8GB/512GB SSD/15.6"" is a laptop by ASUS. Processor: i5-1135G7 (Intel generation 11). It has 8 GB RAM and 512 GB SSD storage. The screen is 15.6 inches. Listed price: 505 EUR."
623,"Alurin Flex Advance AMD Ryzen 5 5500U/16GB/500GB SSD/15.6""",Alurin,Flex Advance,AMD Ryzen 5,AMD,Ryzen 5,16.0,500.0,SSD,,False,15.6,False,EUR,,,False,Ryzen 5 5500U,,,499.0,"Alurin Flex Advance AMD Ryzen 5 5500U/16GB/500GB SSD/15.6"" is a laptop by Alurin. Processor: Ryzen 5 5500U. It has 16 GB RAM and 500 GB SSD storage. The screen is 15.6 inches. Listed price: 499 EUR."
624,"ASUS VivoBook 15 F1500EA-EJ3100 Intel Core i3-1115G4/8GB/256GB SSD/15.6""",ASUS,VivoBook,Intel Core i3,Intel,Core i3,8.0,256.0,SSD,,False,15.6,False,EUR,,,False,i3-1115G4,11.0,,355.0,"ASUS VivoBook 15 F1500EA-EJ3100 Intel Core i3-1115G4/8GB/256GB SSD/15.6"" is a laptop by ASUS. Processor: i3-1115G4 (Intel generation 11). It has 8 GB RAM and 256 GB SSD storage. The screen is 15.6 inches. Listed price: 355 EUR."
625,"Acer ConceptD 3 Pro CN316-73P-79PD Intel Core i7-11800H/16GB/1TB SSD/T1200/16""",Acer,ConceptD,Intel Core i7,Intel,Core i7,16.0,1000.0,SSD,T 1200,True,16.0,False,EUR,,,False,i7-11800H,11.0,T 1200,1899.0,"Acer ConceptD 3 Pro CN316-73P-79PD Intel Core i7-11800H/16GB/1TB SSD/T1200/16"" is a laptop by Acer. Processor: i7-11800H (Intel generation 11). It has 16 GB RAM and 1000 GB SSD storage. Dedicated graphics: T 1200. The screen is 16 inches. Listed price: 1899 EUR."
626,"Lenovo V15 G2 ITL Intel Core i7-1165G7/16GB/512GB SSD/15.6""",Lenovo,V15,Intel Core i7,Intel,Core i7,16.0,512.0,SSD,,False,15.6,False,EUR,,,False,i7-1165G7,11.0,,969.0,"Lenovo V15 G2 ITL Intel Core i7-1165G7/16GB/512GB SSD/15.6"" is a laptop by Lenovo. Processor: i7-1165G7 (Intel generation 11). It has 16 GB RAM and 512 GB SSD storage. The screen is 15.6 inches. Listed price: 969 EUR."
627,"Lenovo ThinkPad T15p Gen 2 Intel Core i7-11800H/16GB/512GB SSD/GTX 1650/15.6""",Lenovo,ThinkPad,Intel Core i7,Intel,Core i7,16.0,512.0,SSD,GTX 1650,True,15.6,False,EUR,,,False,i7-11800H,11.0,GTX 1650,2039.0,"Lenovo ThinkPad T15p Gen 2 Intel Core i7-11800H/16GB/512GB SSD/GTX 1650/15.6"" is a laptop by Lenovo. Processor: i7-11800H (Intel generation 11). It has 16 GB RAM and 512 GB SSD storage. Dedicated graphics: GTX 1650. The screen is 15.6 inches. Listed price: 2039 EUR."
628,"ASUS ExpertBook P1512CEA-EJ0084X Intel Core i7-1165G7/16GB/512GB SSD/15.6""",ASUS,ExpertBook,Intel Core i7,Intel,Core i7,16.0,512.0,SSD,,False,15.6,False,EUR,,,False,i7-1165G7,11.0,,860.0,"ASUS ExpertBook P1512CEA-EJ0084X Intel Core i7-1165G7/16GB/512GB SSD/15.6"" is a laptop by ASUS. Processor: i7-1165G7 (Intel generation 11). It has 16 GB RAM and 512 GB SSD storage. The screen is 15.6 inches. Listed price: 860 EUR."
629,"Lenovo ThinkPad L14 Gen 2 Intel Core i5-1145G7/16 GB/256GB SSD/14""",Lenovo,ThinkPad,Intel Core i5,Intel,Core i5,16.0,256.0,SSD,,False,14.0,False,EUR,,,False,i5-1145G7,11.0,,869.0,"Lenovo ThinkPad L14 Gen 2 Intel Core i5-1145G7/16 GB/256GB SSD/14"" is a laptop by Lenovo. Processor: i5-1145G7 (Intel generation 11). It has 16 GB RAM and 256 GB SSD storage. The screen is 14 inches. Listed price: 869 EUR."
630,"HP 15S-EQ1134NS AMD 3020e/8GB/256GB SSD/15.6""",HP,15S,AMD 3020e,AMD,,8.0,256.0,SSD,,False,15.6,False,EUR,,,False,,,,301.01,"HP 15S-EQ1134NS AMD 3020e/8GB/256GB SSD/15.6"" is a laptop by HP. Processor: AMD 3020e. It has 8 GB RAM and 256 GB SSD storage. The screen is 15.6 inches. Listed price: 301 EUR."
631,"Dynabook Toshiba Tecra A50-K-14S Intel Core i7-1260P/16GB/512GB SSD/15.6""",Dynabook Toshiba,Tecra,Intel Core i7,Intel,Core i7,16.0,512.0,SSD,,False,15.6,False,EUR,,,False,i7-1260P,12.0,,1637.0,"Dynabook Toshiba Tecra A50-K-14S Intel Core i7-1260P/16GB/512GB SSD/15.6"" is a laptop by Dynabook Toshiba. Processor: i7-1260P (Intel generation 12). It has 16 GB RAM and 512 GB SSD storage. The screen is 15.6 inches. Listed price: 1637 EUR."
632,"Apple MacBook Pro Apple M2 Max/32GB/1TB SSD/14.2"" Plata",Apple,MacBook Pro,Apple M2,Apple,Apple M2,32.0,1000.0,SSD,,False,14.2,False,EUR,,,False,Apple M2 Max,,,3399.0,"Apple MacBook Pro Apple M2 Max/32GB/1TB SSD/14.2"" Plata is a laptop by Apple. Processor: Apple M2 Max. It has 32 GB RAM and 1000 GB SSD storage. The screen is 14.2 inches. Listed price: 3399 EUR."
633,"ASUS ExpertBook B1 B1402CBA-EB0862 Intel Core i7-1255U/16GB/512GB SSD/14""",ASUS,ExpertBook,Intel Core i7,Intel,Core i7,16.0,512.0,SSD,,False,14.0,False,EUR,,,False,i7-1255U,12.0,,800.0,"ASUS ExpertBook B1 B1402CBA-EB0862 Intel Core i7-1255U/16GB/512GB SSD/14"" is a laptop by ASUS. Processor: i7-1255U (Intel generation 12). It has 16 GB RAM and 512 GB SSD storage. The screen is 14 inches. Listed price: 800 EUR."
634,"Lenovo V15 IGL Intel Celeron N4020/4GB/128GB SSD/15.6""",Lenovo,V15,Intel Celeron,Intel,Celeron,4.0,128.0,SSD,,False,15.6,False,EUR,,,False,Celeron N4020,,,279.0,"Lenovo V15 IGL Intel Celeron N4020/4GB/128GB SSD/15.6"" is a laptop by Lenovo. Processor: Celeron N4020. It has 4 GB RAM and 128 GB SSD storage. The screen is 15.6 inches. Listed price: 279 EUR."
635,ASUS TUF Dash F15 FX517ZE Intel Core i7-12650H/16GB/512GB SSD/RTX 3050Ti/15.6'' (PT),ASUS,TUF,Intel Core i7,Intel,Core i7,16.0,512.0,SSD,RTX 3050,True,15.6,False,EUR,,,False,i7-12650H,12.0,RTX 3050,1481.63,ASUS TUF Dash F15 FX517ZE Intel Core i7-12650H/16GB/512GB SSD/RTX 3050Ti/15.6'' (PT) is a laptop by ASUS. Processor: i7-12650H (Intel generation 12). It has 16 GB RAM and 512 GB SSD storage. Dedicated graphics: RTX 3050. The screen is 15.6 inches. Listed price: 1482 EUR.
636,"Dell Latitude 3520 Intel Core i5-1135G7/8 GB/256GB SSD/15.6""",Dell,Latitude,Intel Core i5,Intel,Core i5,8.0,256.0,SSD,,False,15.6,False,EUR,,,False,i5-1135G7,11.0,,879.0,"Dell Latitude 3520 Intel Core i5-1135G7/8 GB/256GB SSD/15.6"" is a laptop by Dell. Processor: i5-1135G7 (Intel generation 11). It has 8 GB RAM and 256 GB SSD storage. The screen is 15.6 inches. Listed price: 879 EUR."
637,"LG Ultra 16U70Q AMD Ryzen 5 5625U/8GB/512GB SSD/16""",LG,Ultra,AMD Ryzen 5,AMD,Ryzen 5,8.0,512.0,SSD,,False,16.0,False,EUR,,,False,Ryzen 5 5625U,,,969.0,"LG Ultra 16U70Q AMD Ryzen 5 5625U/8GB/512GB SSD/16"" is a laptop by LG. Processor: Ryzen 5 5625U. It has 8 GB RAM and 512 GB SSD storage. The screen is 16 inches. Listed price: 969 EUR."
638,"Lenovo Yoga Slim 7 Pro 14IAP7 Intel Evo Core i5-1240P/8GB/512GB SSD/14""",Lenovo,Yoga,Intel Evo Core i5,Intel,Core i5,8.0,512.0,SSD,,False,14.0,False,EUR,,,False,i5-1240P,12.0,,979.0,"Lenovo Yoga Slim 7 Pro 14IAP7 Intel Evo Core i5-1240P/8GB/512GB SSD/14"" is a laptop by Lenovo. Processor: i5-1240P (Intel generation 12). It has 8 GB RAM and 512 GB SSD storage. The screen is 14 inches. Listed price: 979 EUR."
639,"Medion Erazer Beast X40 Intel Core i9-13900HX/32GB/1TB SSD/RTX 4080/17""",Medion,Beast,Intel Core i9,Intel,Core i9,32.0,1000.0,SSD,RTX 4080,True,17.0,False,EUR,,,False,i9-13900HX,13.0,RTX 4080,3199.01,"Medion Erazer Beast X40 Intel Core i9-13900HX/32GB/1TB SSD/RTX 4080/17"" is a laptop by Medion. Processor: i9-13900HX (Intel generation 13). It has 32 GB RAM and 1000 GB SSD storage. Dedicated graphics: RTX 4080. The screen is 17 inches. Listed price: 3199 EUR."
640,"Medion Erazer Major X10 Intel Core i7-12700H/16GB/1TB SSD/Intel Arc A730M/16""",Medion,Erazer,Intel Core i7,Intel,Core i7,16.0,1000.0,SSD,A 730M,True,16.0,False,EUR,,,False,i7-12700H,12.0,A 730M,1699.0,"Medion Erazer Major X10 Intel Core i7-12700H/16GB/1TB SSD/Intel Arc A730M/16"" is a laptop by Medion. Processor: i7-12700H (Intel generation 12). It has 16 GB RAM and 1000 GB SSD storage. Dedicated graphics: A 730M. The screen is 16 inches. Listed price: 1699 EUR."
641,"Razer Blade 17 FullHD 360Hz Intel Core i7-12800H/16GB/1TB SSD/RTX 3070Ti/17.3""",Razer,Blade,Intel Core i7,Intel,Core i7,16.0,1000.0,SSD,RTX 3070,True,17.3,False,EUR,,,False,i7-12800H,12.0,RTX 3070,3500.0,"Razer Blade 17 FullHD 360Hz Intel Core i7-12800H/16GB/1TB SSD/RTX 3070Ti/17.3"" is a laptop by Razer. Processor: i7-12800H (Intel generation 12). It has 16 GB RAM and 1000 GB SSD storage. Dedicated graphics: RTX 3070. The screen is 17.3 inches. Listed price: 3500 EUR."
642,"ASUS ROG Zephyrus G14 2023 GA402XY-NC019W AMD Ryzen 9 7940HS/32GB/1TB SSD/RTX 4090/14""",ASUS,ROG,AMD Ryzen 9,AMD,Ryzen 9,32.0,1000.0,SSD,RTX 4090,True,14.0,False,EUR,,,False,Ryzen 9 7940HS,,RTX 4090,4599.0,"ASUS ROG Zephyrus G14 2023 GA402XY-NC019W AMD Ryzen 9 7940HS/32GB/1TB SSD/RTX 4090/14"" is a laptop by ASUS. Processor: Ryzen 9 7940HS. It has 32 GB RAM and 1000 GB SSD storage. Dedicated graphics: RTX 4090. The screen is 14 inches. Listed price: 4599 EUR."
643,"Microsoft Surface Laptop Studio Intel Core i5-11300H/16GB/512GB SSD/14.4"" Táctil Platino",Microsoft,Surface Laptop,Intel Core i5,Intel,Core i5,16.0,512.0,SSD,,False,14.4,True,EUR,,,False,i5-11300H,11.0,,1899.0,"Microsoft Surface Laptop Studio Intel Core i5-11300H/16GB/512GB SSD/14.4"" Táctil Platino is a laptop by Microsoft. Processor: i5-11300H (Intel generation 11). It has 16 GB RAM and 512 GB SSD storage. The screen is 14.4 inches, touchscreen. Listed price: 1899 EUR."
644,"Razer Blade 15 Advanced Model QHD Intel Core i7-12800H/32 GB/1TB SSD/RTX 3080Ti/15.6""",Razer,Blade,Intel Core i7,Intel,Core i7,32.0,1000.0,SSD,RTX 3080,True,15.6,False,EUR,,,False,i7-12800H,12.0,RTX 3080,4099.0,"Razer Blade 15 Advanced Model QHD Intel Core i7-12800H/32 GB/1TB SSD/RTX 3080Ti/15.6"" is a laptop by Razer. Processor: i7-12800H (Intel generation 12). It has 32 GB RAM and 1000 GB SSD storage. Dedicated graphics: RTX 3080. The screen is 15.6 inches. Listed price: 4099 EUR."
645,"Razer Blade 17 4K 144Hz Intel Core i9-12900H/32GB/1TB SSD/RTX 3070Ti/17.3""",Razer,Blade,Intel Core i9,Intel,Core i9,32.0,1000.0,SSD,RTX 3070,True,17.3,False,EUR,,,False,i9-12900H,12.0,RTX 3070,4499.99,"Razer Blade 17 4K 144Hz Intel Core i9-12900H/32GB/1TB SSD/RTX 3070Ti/17.3"" is a laptop by Razer. Processor: i9-12900H (Intel generation 12). It has 32 GB RAM and 1000 GB SSD storage. Dedicated graphics: RTX 3070. The screen is 17.3 inches. Listed price: 4500 EUR."
646,"Razer Blade 17 QHD 240Hz Intel Core i9-12900H/16GB/1TB SSD/RTX 3070Ti/17.3""",Razer,Blade,Intel Core i9,Intel,Core i9,16.0,1000.0,SSD,RTX 3070,True,17.3,False,EUR,,,False,i9-12900H,12.0,RTX 3070,3899.99,"Razer Blade 17 QHD 240Hz Intel Core i9-12900H/16GB/1TB SSD/RTX 3070Ti/17.3"" is a laptop by Razer. Processor: i9-12900H (Intel generation 12). It has 16 GB RAM and 1000 GB SSD storage. Dedicated graphics: RTX 3070. The screen is 17.3 inches. Listed price: 3900 EUR."
647,"Samsung Galaxy Book3 Ultra Intel Evo Core i7-13700H/16GB/1TB SSD/RTX 4050/16""",Samsung,Galaxy Book,Intel Evo Core i7,Intel,Core i7,16.0,1000.0,SSD,RTX 4050,True,16.0,False,EUR,,,False,i7-13700H,13.0,RTX 4050,2999.01,"Samsung Galaxy Book3 Ultra Intel Evo Core i7-13700H/16GB/1TB SSD/RTX 4050/16"" is a laptop by Samsung. Processor: i7-13700H (Intel generation 13). It has 16 GB RAM and 1000 GB SSD storage. Dedicated graphics: RTX 4050. The screen is 16 inches. Listed price: 2999 EUR."
648,"Lenovo IdeaPad Flex 5 13ITL6 Chromebook 13ITL6 Intel Core i3-1115G4/8GB/256GB SSD/13.3"" Táctil",Lenovo,IdeaPad,Intel Core i3,Intel,Core i3,8.0,256.0,SSD,,False,13.3,True,EUR,,,False,i3-1115G4,11.0,,699.0,"Lenovo IdeaPad Flex 5 13ITL6 Chromebook 13ITL6 Intel Core i3-1115G4/8GB/256GB SSD/13.3"" Táctil is a laptop by Lenovo. Processor: i3-1115G4 (Intel generation 11). It has 8 GB RAM and 256 GB SSD storage. The screen is 13.3 inches, touchscreen. Listed price: 699 EUR."
649,"ASUS VivoBook 15 F1502ZA-EJ1112W Intel Core i7-1255U/16GB/512GB SSD/15.6""",ASUS,VivoBook,Intel Core i7,Intel,Core i7,16.0,512.0,SSD,,False,15.6,False,EUR,,,False,i7-1255U,12.0,,755.0,"ASUS VivoBook 15 F1502ZA-EJ1112W Intel Core i7-1255U/16GB/512GB SSD/15.6"" is a laptop by ASUS. Processor: i7-1255U (Intel generation 12). It has 16 GB RAM and 512 GB SSD storage. The screen is 15.6 inches. Listed price: 755 EUR."
650,"ASUS ExpertBook B1 B1500CEAE-EJ3404W Intel Core i5-1135G7/8GB/1TB SSD/15.6""",ASUS,ExpertBook,Intel Core i5,Intel,Core i5,8.0,1000.0,SSD,,False,15.6,False,EUR,,,False,i5-1135G7,11.0,,789.0,"ASUS ExpertBook B1 B1500CEAE-EJ3404W Intel Core i5-1135G7/8GB/1TB SSD/15.6"" is a laptop by ASUS. Processor: i5-1135G7 (Intel generation 11). It has 8 GB RAM and 1000 GB SSD storage. The screen is 15.6 inches. Listed price: 789 EUR."
651,"Lenovo 300e Intel Celeron N4120/4GB/128GB SSD/11.6"" Táctil",Lenovo,Chromebook,Intel Celeron,Intel,Celeron,4.0,128.0,SSD,,False,11.6,True,EUR,,,False,Celeron N4120,,,451.0,"Lenovo 300e Intel Celeron N4120/4GB/128GB SSD/11.6"" Táctil is a laptop by Lenovo. Processor: Celeron N4120. It has 4 GB RAM and 128 GB SSD storage. The screen is 11.6 inches, touchscreen. Listed price: 451 EUR."
652,"HP 250 G9 Intel Core i5-1235U/8GB/512GB SSD/15.6""",HP,250,Intel Core i5,Intel,Core i5,8.0,512.0,SSD,,False,15.6,False,EUR,,,False,i5-1235U,12.0,,569.99,"HP 250 G9 Intel Core i5-1235U/8GB/512GB SSD/15.6"" is a laptop by HP. Processor: i5-1235U (Intel generation 12). It has 8 GB RAM and 512 GB SSD storage. The screen is 15.6 inches. Listed price: 570 EUR."
653,"ASUS VivoBook 14 F1402ZA-EK645 Intel Core i7-1255U/16GB/512GB SSD/14""",ASUS,VivoBook,Intel Core i7,Intel,Core i7,16.0,512.0,SSD,,False,14.0,False,EUR,,,False,i7-1255U,12.0,,789.0,"ASUS VivoBook 14 F1402ZA-EK645 Intel Core i7-1255U/16GB/512GB SSD/14"" is a laptop by ASUS. Processor: i7-1255U (Intel generation 12). It has 16 GB RAM and 512 GB SSD storage. The screen is 14 inches. Listed price: 789 EUR."
654,"ASUS TUF Gaming F15 TUF507ZC4-HN040 Intel Core i7-12700H/16GB/512GB SSD/RTX 3050/15.6""",ASUS,TUF,Intel Core i7,Intel,Core i7,16.0,512.0,SSD,RTX 3050,True,15.6,False,EUR,,,False,i7-12700H,12.0,RTX 3050,909.99,"ASUS TUF Gaming F15 TUF507ZC4-HN040 Intel Core i7-12700H/16GB/512GB SSD/RTX 3050/15.6"" is a laptop by ASUS. Processor: i7-12700H (Intel generation 12). It has 16 GB RAM and 512 GB SSD storage. Dedicated graphics: RTX 3050. The screen is 15.6 inches. Listed price: 910 EUR."
655,"Denver Electronics NBD-14105SSDES Intel Celeron N4020/4GB/64GB+256GB SSD/14""",Denver,Electronics,Intel Celeron,Intel,Celeron,4.0,256.0,SSD,,False,14.0,False,EUR,,,False,Celeron N4020,,,329.95,"Denver Electronics NBD-14105SSDES Intel Celeron N4020/4GB/64GB+256GB SSD/14"" is a laptop by Denver. Processor: Celeron N4020. It has 4 GB RAM and 256 GB SSD storage. The screen is 14 inches. Listed price: 330 EUR."
656,"HP 15S-FQ5044NS Intel Core i7-1255U/8GB/512GB SSD/15.6""",HP,15S,Intel Core i7,Intel,Core i7,8.0,512.0,SSD,,False,15.6,False,EUR,,,False,i7-1255U,12.0,,730.01,"HP 15S-FQ5044NS Intel Core i7-1255U/8GB/512GB SSD/15.6"" is a laptop by HP. Processor: i7-1255U (Intel generation 12). It has 8 GB RAM and 512 GB SSD storage. The screen is 15.6 inches. Listed price: 730 EUR."
657,"Microsoft Surface Pro 9 Platino Intel Evo Core i7-1255U/16GB/1TB SSD/13"" Táctil",Microsoft,Surface Pro,Intel Evo Core i7,Intel,Core i7,16.0,1000.0,SSD,,False,13.0,True,EUR,,,False,i7-1255U,12.0,,2529.0,"Microsoft Surface Pro 9 Platino Intel Evo Core i7-1255U/16GB/1TB SSD/13"" Táctil is a laptop by Microsoft. Processor: i7-1255U (Intel generation 12). It has 16 GB RAM and 1000 GB SSD storage. The screen is 13 inches, touchscreen. Listed price: 2529 EUR."
658,"ASUS ROG FLOW Z13  GZ301VU-93D45PB1 Intel Core i9-13900H/16GB/1TB SSD/RTX4050/13.4"" Tátil (PT)",ASUS,ROG,Intel Core i9,Intel,Core i9,16.0,1000.0,SSD,,True,13.4,True,EUR,,,False,i9-13900H,13.0,RTX4050,2420.65,"ASUS ROG FLOW Z13  GZ301VU-93D45PB1 Intel Core i9-13900H/16GB/1TB SSD/RTX4050/13.4"" Tátil (PT) is a laptop by ASUS. Processor: i9-13900H (Intel generation 13). It has 16 GB RAM and 1000 GB SSD storage. Dedicated graphics: RTX4050. The screen is 13.4 inches, touchscreen. Listed price: 2421 EUR."
659,"Samsung Galaxy Book3 Ultra Intel Evo Core i9-13900H/32GB/1TB SSD/RTX 4070/16""",Samsung,Galaxy Book,Intel Evo Core i9,Intel,Core i9,32.0,1000.0,SSD,RTX 4070,True,16.0,False,EUR,,,False,i9-13900H,13.0,RTX 4070,3699.01,"Samsung Galaxy Book3 Ultra Intel Evo Core i9-13900H/32GB/1TB SSD/RTX 4070/16"" is a laptop by Samsung. Processor: i9-13900H (Intel generation 13). It has 32 GB RAM and 1000 GB SSD storage. Dedicated graphics: RTX 4070. The screen is 16 inches. Listed price: 3699 EUR."
660,"Lenovo ThinkPad L13 Gen 3 Intel Core i7-1255U/16GB/512GB SSD/13.3""",Lenovo,ThinkPad,Intel Core i7,Intel,Core i7,16.0,512.0,SSD,,False,13.3,False,EUR,,,False,i7-1255U,12.0,,1333.57,"Lenovo ThinkPad L13 Gen 3 Intel Core i7-1255U/16GB/512GB SSD/13.3"" is a laptop by Lenovo. Processor: i7-1255U (Intel generation 12). It has 16 GB RAM and 512 GB SSD storage. The screen is 13.3 inches. Listed price: 1334 EUR."
661,"HP 15S-FQ4073NS Intel Core i5-1155G7/8GB/1TB SSD/15.6""",HP,15S,Intel Core i5,Intel,Core i5,8.0,1000.0,SSD,,False,15.6,False,EUR,,,False,i5-1155G7,11.0,,749.0,"HP 15S-FQ4073NS Intel Core i5-1155G7/8GB/1TB SSD/15.6"" is a laptop by HP. Processor: i5-1155G7 (Intel generation 11). It has 8 GB RAM and 1000 GB SSD storage. The screen is 15.6 inches. Listed price: 749 EUR."
662,"Dynabook Toshiba Satellite Pro C50-G-10E Intel Core i5-10210U/8GB/512GB SSD/15.6""",Dynabook Toshiba,Satellite Pro,Intel Core i5,Intel,Core i5,8.0,512.0,SSD,,False,15.6,False,EUR,,,False,i5-10210U,10.0,,739.0,"Dynabook Toshiba Satellite Pro C50-G-10E Intel Core i5-10210U/8GB/512GB SSD/15.6"" is a laptop by Dynabook Toshiba. Processor: i5-10210U (Intel generation 10). It has 8 GB RAM and 512 GB SSD storage. The screen is 15.6 inches. Listed price: 739 EUR."
663,"HP ProBook 450 G9 Intel Core i5-1235U/16GB/512GB SSD/15.6""",HP,ProBook,Intel Core i5,Intel,Core i5,16.0,512.0,SSD,,False,15.6,False,EUR,,,False,i5-1235U,12.0,,1041.0,"HP ProBook 450 G9 Intel Core i5-1235U/16GB/512GB SSD/15.6"" is a laptop by HP. Processor: i5-1235U (Intel generation 12). It has 16 GB RAM and 512 GB SSD storage. The screen is 15.6 inches. Listed price: 1041 EUR."
664,"LG Gram 15Z90R-G.AA75B Intel Evo Core i7-1360P/16GB/512GB SSD/15""",LG,Gram,Intel Evo Core i7,Intel,Core i7,16.0,512.0,SSD,,False,15.0,False,EUR,,,False,i7-1360P,13.0,,1699.0,"LG Gram 15Z90R-G.AA75B Intel Evo Core i7-1360P/16GB/512GB SSD/15"" is a laptop by LG. Processor: i7-1360P (Intel generation 13). It has 16 GB RAM and 512 GB SSD storage. The screen is 15 inches. Listed price: 1699 EUR."
665,"ASUS VivoBook 15 F1500EA-EJ3107 Intel Core i5-1135G7/8GB/256GB SSD/15.6""",ASUS,VivoBook,Intel Core i5,Intel,Core i5,8.0,256.0,SSD,,False,15.6,False,EUR,,,False,i5-1135G7,11.0,,454.23,"ASUS VivoBook 15 F1500EA-EJ3107 Intel Core i5-1135G7/8GB/256GB SSD/15.6"" is a laptop by ASUS. Processor: i5-1135G7 (Intel generation 11). It has 8 GB RAM and 256 GB SSD storage. The screen is 15.6 inches. Listed price: 454 EUR."
666,"Microsoft Surface Pro 7+ Intel Core i5-1135G7/8GB/256GB SSD/12.3"" Táctil Platino",Microsoft,Surface Pro,Intel Core i5,Intel,Core i5,8.0,256.0,SSD,,False,12.3,True,EUR,,,False,i5-1135G7,11.0,,1143.16,"Microsoft Surface Pro 7+ Intel Core i5-1135G7/8GB/256GB SSD/12.3"" Táctil Platino is a laptop by Microsoft. Processor: i5-1135G7 (Intel generation 11). It has 8 GB RAM and 256 GB SSD storage. The screen is 12.3 inches, touchscreen. Listed price: 1143 EUR."
667,"Apple MacBook Pro Apple M2 Pro 12 Núcleos/32GB/1TB SSD/14.2"" Gris Espacial",Apple,MacBook Pro,Apple M2 Pro,Apple,Apple M2,32.0,1000.0,SSD,,False,14.2,False,EUR,,,False,Apple M2 Pro,,,3279.0,"Apple MacBook Pro Apple M2 Pro 12 Núcleos/32GB/1TB SSD/14.2"" Gris Espacial is a laptop by Apple. Processor: Apple M2 Pro. It has 32 GB RAM and 1000 GB SSD storage. The screen is 14.2 inches. Listed price: 3279 EUR."
668,"ASUS VivoBook 15 F1500EA-EJ3167W Intel Core i5-1135G7/8GB/512GB SSD/15.6""",ASUS,VivoBook,Intel Core i5,Intel,Core i5,8.0,512.0,SSD,,False,15.6,False,EUR,,,False,i5-1135G7,11.0,,502.0,"ASUS VivoBook 15 F1500EA-EJ3167W Intel Core i5-1135G7/8GB/512GB SSD/15.6"" is a laptop by ASUS. Processor: i5-1135G7 (Intel generation 11). It has 8 GB RAM and 512 GB SSD storage. The screen is 15.6 inches. Listed price: 502 EUR."
669,"HP 15S-FQ2161NS Intel Core i3-1115G4/8GB/256GB SSD/15.6""",HP,15S,Intel Core i3,Intel,Core i3,8.0,256.0,SSD,,False,15.6,False,EUR,,,False,i3-1115G4,11.0,,416.87,"HP 15S-FQ2161NS Intel Core i3-1115G4/8GB/256GB SSD/15.6"" is a laptop by HP. Processor: i3-1115G4 (Intel generation 11). It has 8 GB RAM and 256 GB SSD storage. The screen is 15.6 inches. Listed price: 417 EUR."
670,"HP Chromebook 11 G9 Intel Celeron N4500/4GB/32GB/11.6""",HP,Chromebook,Intel Celeron,Intel,Celeron,4.0,32.0,,,False,11.6,False,EUR,,,False,Celeron N4500,,,230.14,"HP Chromebook 11 G9 Intel Celeron N4500/4GB/32GB/11.6"" is a laptop by HP. Processor: Celeron N4500. It has 4 GB RAM and 32 GB storage. The screen is 11.6 inches. Listed price: 230 EUR."
671,"Acer Extensa 15 EX215-22 AMD Ryzen 5 3500U/8GB/512GB SSD/15.6""",Acer,Extensa,AMD Ryzen 5,AMD,Ryzen 5,8.0,512.0,SSD,,False,15.6,False,EUR,,,False,Ryzen 5 3500U,,,379.01,"Acer Extensa 15 EX215-22 AMD Ryzen 5 3500U/8GB/512GB SSD/15.6"" is a laptop by Acer. Processor: Ryzen 5 3500U. It has 8 GB RAM and 512 GB SSD storage. The screen is 15.6 inches. Listed price: 379 EUR."
672,"Microsoft Surface Laptop Studio Intel Core i7-11370H/16GB/512GB SSD/RTX 3050Ti/14.4"" Táctil Platino",Microsoft,Surface Laptop,Intel Core i7,Intel,Core i7,16.0,512.0,SSD,RTX 3050,True,14.4,True,EUR,,,False,i7-11370H,11.0,RTX 3050,2199.01,"Microsoft Surface Laptop Studio Intel Core i7-11370H/16GB/512GB SSD/RTX 3050Ti/14.4"" Táctil Platino is a laptop by Microsoft. Processor: i7-11370H (Intel generation 11). It has 16 GB RAM and 512 GB SSD storage. Dedicated graphics: RTX 3050. The screen is 14.4 inches, touchscreen. Listed price: 2199 EUR."
673,"Alurin Flex Advance Intel Core i5-1155G7/8GB/256GB/15.6"" + Windows 11 Home",Alurin,Flex Advance,Intel Core i5,Intel,Core i5,8.0,256.0,,,False,15.6,False,EUR,,,False,i5-1155G7,11.0,,549.0,"Alurin Flex Advance Intel Core i5-1155G7/8GB/256GB/15.6"" + Windows 11 Home is a laptop by Alurin. Processor: i5-1155G7 (Intel generation 11). It has 8 GB RAM and 256 GB storage. The screen is 15.6 inches. Listed price: 549 EUR."
674,"Medion Erazer Beast X30 Intel Core i7-12700H/32GB/1TB SSD/RTX 3070 Ti/17.3""",Medion,Beast,Intel Core i7,Intel,Core i7,32.0,1000.0,SSD,RTX 3070,True,17.3,False,EUR,,,False,i7-12700H,12.0,RTX 3070,2599.0,"Medion Erazer Beast X30 Intel Core i7-12700H/32GB/1TB SSD/RTX 3070 Ti/17.3"" is a laptop by Medion. Processor: i7-12700H (Intel generation 12). It has 32 GB RAM and 1000 GB SSD storage. Dedicated graphics: RTX 3070. The screen is 17.3 inches. Listed price: 2599 EUR."
675,"Acer Aspire Vero Green Intel Core i7-1195G7/8GB/512GB SSD/15.6""+ Ratón Inalámbrico 1200 DPI Gris + Funda Protectora",Acer,Aspire,Intel Core i7,Intel,Core i7,8.0,512.0,SSD,,False,15.6,False,EUR,,,False,i7-1195G7,11.0,,1249.01,"Acer Aspire Vero Green Intel Core i7-1195G7/8GB/512GB SSD/15.6""+ Ratón Inalámbrico 1200 DPI Gris + Funda Protectora is a laptop by Acer. Processor: i7-1195G7 (Intel generation 11). It has 8 GB RAM and 512 GB SSD storage. The screen is 15.6 inches. Listed price: 1249 EUR."
676,"MSI Modern 14 C12M-078XES Intel Core i5-1235U/8GB/512GB SSD/14""",MSI,Modern,Intel Core i5,Intel,Core i5,8.0,512.0,SSD,,False,14.0,False,EUR,,,False,i5-1235U,12.0,,799.0,"MSI Modern 14 C12M-078XES Intel Core i5-1235U/8GB/512GB SSD/14"" is a laptop by MSI. Processor: i5-1235U (Intel generation 12). It has 8 GB RAM and 512 GB SSD storage. The screen is 14 inches. Listed price: 799 EUR."
677,"Thomson Neo Intel Core i5-8259U/8GB/512GB SSD/15.6""",Thomson,Neo,Intel Core i5,Intel,Core i5,8.0,512.0,SSD,,False,15.6,False,EUR,,,False,i5-8259U,8.0,,399.0,"Thomson Neo Intel Core i5-8259U/8GB/512GB SSD/15.6"" is a laptop by Thomson. Processor: i5-8259U (Intel generation 8). It has 8 GB RAM and 512 GB SSD storage. The screen is 15.6 inches. Listed price: 399 EUR."
678,"Alurin Flex Advance Intel Core i5-1155G7/16GB/500GB SSD/15.6""",Alurin,Flex Advance,Intel Core i5,Intel,Core i5,16.0,500.0,SSD,,False,15.6,False,EUR,,,False,i5-1155G7,11.0,,539.01,"Alurin Flex Advance Intel Core i5-1155G7/16GB/500GB SSD/15.6"" is a laptop by Alurin. Processor: i5-1155G7 (Intel generation 11). It has 16 GB RAM and 500 GB SSD storage. The screen is 15.6 inches. Listed price: 539 EUR."
679,"Lenovo ThinkBook 15 G2 ITL Intel Core i7-1165G7/16GB/512GB SSD/15.6"" Gris",Lenovo,ThinkBook,Intel Core i7,Intel,Core i7,16.0,512.0,SSD,,False,15.6,False,EUR,,,False,i7-1165G7,11.0,,1199.0,"Lenovo ThinkBook 15 G2 ITL Intel Core i7-1165G7/16GB/512GB SSD/15.6"" Gris is a laptop by Lenovo. Processor: i7-1165G7 (Intel generation 11). It has 16 GB RAM and 512 GB SSD storage. The screen is 15.6 inches. Listed price: 1199 EUR."
680,"ASUS F515EA-EJ3048W Intel Core i5-1135G7/8GB/512GB SSD/15.6""",ASUS,F515,Intel Core i5,Intel,Core i5,8.0,512.0,SSD,,False,15.6,False,EUR,,,False,i5-1135G7,11.0,,609.01,"ASUS F515EA-EJ3048W Intel Core i5-1135G7/8GB/512GB SSD/15.6"" is a laptop by ASUS. Processor: i5-1135G7 (Intel generation 11). It has 8 GB RAM and 512 GB SSD storage. The screen is 15.6 inches. Listed price: 609 EUR."
681,"ASUS VivoBook F1500EA-EJ2535W Intel Core i3-1115G4/8GB/512GB SSD/15.6""",ASUS,VivoBook,Intel Core i3,Intel,Core i3,8.0,512.0,SSD,,False,15.6,False,EUR,,,False,i3-1115G4,11.0,,449.9,"ASUS VivoBook F1500EA-EJ2535W Intel Core i3-1115G4/8GB/512GB SSD/15.6"" is a laptop by ASUS. Processor: i3-1115G4 (Intel generation 11). It has 8 GB RAM and 512 GB SSD storage. The screen is 15.6 inches. Listed price: 450 EUR."
682,"Acer Aspire 3 A315-56-566L Intel Core i5-1035G1/8GB/256GB SSD/15.6""",Acer,Aspire,Intel Core i5,Intel,Core i5,8.0,256.0,SSD,,False,15.6,False,EUR,,,False,i5-1035G1,10.0,,529.0,"Acer Aspire 3 A315-56-566L Intel Core i5-1035G1/8GB/256GB SSD/15.6"" is a laptop by Acer. Processor: i5-1035G1 (Intel generation 10). It has 8 GB RAM and 256 GB SSD storage. The screen is 15.6 inches. Listed price: 529 EUR."
683,"HP 255 G9 AMD Ryzen 3 5425U/8GB/512GB SSD/15.6""",HP,255,AMD Ryzen 3,AMD,Ryzen 3,8.0,512.0,SSD,,False,15.6,False,EUR,,,False,Ryzen 3 5425U,,,495.33,"HP 255 G9 AMD Ryzen 3 5425U/8GB/512GB SSD/15.6"" is a laptop by HP. Processor: Ryzen 3 5425U. It has 8 GB RAM and 512 GB SSD storage. The screen is 15.6 inches. Listed price: 495 EUR."
684,"Apple MacBook Pro Apple M2 Pro 12 Núcleos/32GB/512GB SSD/16.2"" Gris Espacial",Apple,MacBook Pro,Apple M2 Pro,Apple,Apple M2,32.0,512.0,SSD,,False,16.2,False,EUR,,,False,Apple M2 Pro,,,3279.0,"Apple MacBook Pro Apple M2 Pro 12 Núcleos/32GB/512GB SSD/16.2"" Gris Espacial is a laptop by Apple. Processor: Apple M2 Pro. It has 32 GB RAM and 512 GB SSD storage. The screen is 16.2 inches. Listed price: 3279 EUR."
685,"HP 250 G9 Intel Core i5-1235U/16 GB/512GB SSD/15.6""",HP,250,Intel Core i5,Intel,Core i5,16.0,512.0,SSD,,False,15.6,False,EUR,,,False,i5-1235U,12.0,,880.53,"HP 250 G9 Intel Core i5-1235U/16 GB/512GB SSD/15.6"" is a laptop by HP. Processor: i5-1235U (Intel generation 12). It has 16 GB RAM and 512 GB SSD storage. The screen is 15.6 inches. Listed price: 881 EUR."
686,"Acer Extensa 15 EX215-54-57ZW Intel Core i5-1135G7/16GB/512GB SSD/15.6""",Acer,Extensa,Intel Core i5,Intel,Core i5,16.0,512.0,SSD,,False,15.6,False,EUR,,,False,i5-1135G7,11.0,,670.67,"Acer Extensa 15 EX215-54-57ZW Intel Core i5-1135G7/16GB/512GB SSD/15.6"" is a laptop by Acer. Processor: i5-1135G7 (Intel generation 11). It has 16 GB RAM and 512 GB SSD storage. The screen is 15.6 inches. Listed price: 671 EUR."
687,"HP 14S-FQ0004NS AMD Athlon Silver 3050U/8GB/512GB SSD/14""",HP,14S,AMD Athlon,AMD,Athlon,8.0,512.0,SSD,,False,14.0,False,EUR,,,False,,,,424.0,"HP 14S-FQ0004NS AMD Athlon Silver 3050U/8GB/512GB SSD/14"" is a laptop by HP. Processor: AMD Athlon. It has 8 GB RAM and 512 GB SSD storage. The screen is 14 inches. Listed price: 424 EUR."
688,"PcCom Revolt 3050 Intel Core i5-13500H/16GB/500GB SSD/RTX 3050/15.6"" + Windows 11 Home",Pccom,Revolt,Intel Core i5,Intel,Core i5,16.0,500.0,SSD,RTX 3050,True,15.6,False,EUR,,,False,i5-13500H,13.0,RTX 3050,1329.9,"PcCom Revolt 3050 Intel Core i5-13500H/16GB/500GB SSD/RTX 3050/15.6"" + Windows 11 Home is a laptop by Pccom. Processor: i5-13500H (Intel generation 13). It has 16 GB RAM and 500 GB SSD storage. Dedicated graphics: RTX 3050. The screen is 15.6 inches. Listed price: 1330 EUR."
689,"PcCom Revolt 3050 Intel Core i7-13700H/16GB/500GB/RTX 3050/15.6"" + Windows 11 Home",Pccom,Revolt,Intel Core i7,Intel,Core i7,16.0,500.0,,RTX 3050,True,15.6,False,EUR,,,False,i7-13700H,13.0,RTX 3050,1479.9,"PcCom Revolt 3050 Intel Core i7-13700H/16GB/500GB/RTX 3050/15.6"" + Windows 11 Home is a laptop by Pccom. Processor: i7-13700H (Intel generation 13). It has 16 GB RAM and 500 GB storage. Dedicated graphics: RTX 3050. The screen is 15.6 inches. Listed price: 1480 EUR."
690,PcCom Revolt 4050 Intel Core i5-13500H/16GB/500GB SSD/RTX 4050/15.6,Pccom,Revolt,Intel Core i5,Intel,Core i5,16.0,500.0,SSD,RTX 4050,True,15.6,False,EUR,,,False,i5-13500H,13.0,RTX 4050,1349.9,PcCom Revolt 4050 Intel Core i5-13500H/16GB/500GB SSD/RTX 4050/15.6 is a laptop by Pccom. Processor: i5-13500H (Intel generation 13). It has 16 GB RAM and 500 GB SSD storage. Dedicated graphics: RTX 4050. The screen is 15.6 inches. Listed price: 1350 EUR.
691,PcCom Revolt 4050 Intel Core i5-13500H/16GB/500GB SSD/RTX 4050/15.6” + Windows 11 Home,Pccom,Revolt,Intel Core i5,Intel,Core i5,16.0,500.0,SSD,RTX 4050,True,15.6,False,EUR,,,False,i5-13500H,13.0,RTX 4050,1479.9,PcCom Revolt 4050 Intel Core i5-13500H/16GB/500GB SSD/RTX 4050/15.6” + Windows 11 Home is a laptop by Pccom. Processor: i5-13500H (Intel generation 13). It has 16 GB RAM and 500 GB SSD storage. Dedicated graphics: RTX 4050. The screen is 15.6 inches. Listed price: 1480 EUR.
692,PcCom Revolt 4060 Intel Core i5-13500H/16GB/500GB SSD/RTX 4060/15.6” + Windows 11 Home,Pccom,Revolt,Intel Core i5,Intel,Core i5,16.0,500.0,SSD,RTX 4060,True,15.6,False,EUR,,,False,i5-13500H,13.0,RTX 4060,1679.9,PcCom Revolt 4060 Intel Core i5-13500H/16GB/500GB SSD/RTX 4060/15.6” + Windows 11 Home is a laptop by Pccom. Processor: i5-13500H (Intel generation 13). It has 16 GB RAM and 500 GB SSD storage. Dedicated graphics: RTX 4060. The screen is 15.6 inches. Listed price: 1680 EUR.
693,PcCom Revolt 4060 Intel Core i7-13700H/16GB/500GB SSD/RTX 4060/15.6,Pccom,Revolt,Intel Core i7,Intel,Core i7,16.0,500.0,SSD,RTX 4060,True,15.6,False,EUR,,,False,i7-13700H,13.0,RTX 4060,1699.9,PcCom Revolt 4060 Intel Core i7-13700H/16GB/500GB SSD/RTX 4060/15.6 is a laptop by Pccom. Processor: i7-13700H (Intel generation 13). It has 16 GB RAM and 500 GB SSD storage. Dedicated graphics: RTX 4060. The screen is 15.6 inches. Listed price: 1700 EUR.
694,"Microsoft Surface Laptop 5 Negro Intel Evo Core i7-1255U/16GB/512GB SSD/15"" Táctil",Microsoft,Surface Laptop,Intel Evo Core i7,Intel,Core i7,16.0,512.0,SSD,,False,15.0,True,EUR,,,False,i7-1255U,12.0,,2079.0,"Microsoft Surface Laptop 5 Negro Intel Evo Core i7-1255U/16GB/512GB SSD/15"" Táctil is a laptop by Microsoft. Processor: i7-1255U (Intel generation 12). It has 16 GB RAM and 512 GB SSD storage. The screen is 15 inches, touchscreen. Listed price: 2079 EUR."
695,"Alurin Flex Advance Intel Core i5-1155G7/16GB/500GB SSD/15.6"" + Windows 11 Home",Alurin,Flex Advance,Intel Core i5,Intel,Core i5,16.0,500.0,SSD,,False,15.6,False,EUR,,,False,i5-1155G7,11.0,,639.0,"Alurin Flex Advance Intel Core i5-1155G7/16GB/500GB SSD/15.6"" + Windows 11 Home is a laptop by Alurin. Processor: i5-1155G7 (Intel generation 11). It has 16 GB RAM and 500 GB SSD storage. The screen is 15.6 inches. Listed price: 639 EUR."
696,"ASUS VivoBook Flip 14 TP401MA-EC444WS Intel Celeron N4020/4GB/128GB EMMC/14"" Táctil",ASUS,VivoBook,Intel Celeron,Intel,Celeron,4.0,128.0,eMMC,,False,14.0,True,EUR,,,False,Celeron N4020,,,345.0,"ASUS VivoBook Flip 14 TP401MA-EC444WS Intel Celeron N4020/4GB/128GB EMMC/14"" Táctil is a laptop by ASUS. Processor: Celeron N4020. It has 4 GB RAM and 128 GB eMMC storage. The screen is 14 inches, touchscreen. Listed price: 345 EUR."
697,"Lenovo V15 Intel Core i5-1135G7/8GB/256GB SSD/15.6""",Lenovo,V15,Intel Core i5,Intel,Core i5,8.0,256.0,SSD,,False,15.6,False,EUR,,,False,i5-1135G7,11.0,,719.0,"Lenovo V15 Intel Core i5-1135G7/8GB/256GB SSD/15.6"" is a laptop by Lenovo. Processor: i5-1135G7 (Intel generation 11). It has 8 GB RAM and 256 GB SSD storage. The screen is 15.6 inches. Listed price: 719 EUR."
698,"Samsung Galaxy Book3 360 Intel Evo Core i7-1360P/16GB/512GB SSD/15.6"" Táctil",Samsung,Galaxy Book,Intel Evo Core i7,Intel,Core i7,16.0,512.0,SSD,,False,15.6,True,EUR,,,False,i7-1360P,13.0,,1854.36,"Samsung Galaxy Book3 360 Intel Evo Core i7-1360P/16GB/512GB SSD/15.6"" Táctil is a laptop by Samsung. Processor: i7-1360P (Intel generation 13). It has 16 GB RAM and 512 GB SSD storage. The screen is 15.6 inches, touchscreen. Listed price: 1854 EUR."
699,"ASUS VivoBook 15 F1500EA-EJ3149W Intel Core i7-1165G7/8GB/512GB SSD/15.6""",ASUS,VivoBook,Intel Core i7,Intel,Core i7,8.0,512.0,SSD,,False,15.6,False,EUR,,,False,i7-1165G7,11.0,,628.04,"ASUS VivoBook 15 F1500EA-EJ3149W Intel Core i7-1165G7/8GB/512GB SSD/15.6"" is a laptop by ASUS. Processor: i7-1165G7 (Intel generation 11). It has 8 GB RAM and 512 GB SSD storage. The screen is 15.6 inches. Listed price: 628 EUR."
700,"HP ProBook 455 G10 AMD Ryzen 7 7730U/32GB/1TB SSD/15.6""",HP,ProBook,AMD Ryzen 7,AMD,Ryzen 7,32.0,1000.0,SSD,,False,15.6,False,EUR,,,False,Ryzen 7 7730U,,,999.0,"HP ProBook 455 G10 AMD Ryzen 7 7730U/32GB/1TB SSD/15.6"" is a laptop by HP. Processor: Ryzen 7 7730U. It has 32 GB RAM and 1000 GB SSD storage. The screen is 15.6 inches. Listed price: 999 EUR."
701,"LG Gram 17 16Z90P Intel Core i7-1165G7/16GB/512GB SSD/17""",LG,Gram,Intel Core i7,Intel,Core i7,16.0,512.0,SSD,,False,17.0,False,EUR,,,False,i7-1165G7,11.0,,1859.01,"LG Gram 17 16Z90P Intel Core i7-1165G7/16GB/512GB SSD/17"" is a laptop by LG. Processor: i7-1165G7 (Intel generation 11). It has 16 GB RAM and 512 GB SSD storage. The screen is 17 inches. Listed price: 1859 EUR."
702,PcCom Revolt 4060 Intel Core i7-13700H/16GB/500GB SSD/RTX 4060/15.6 + Windows 11 Home,Pccom,Revolt,Intel Core i7,Intel,Core i7,16.0,500.0,SSD,RTX 4060,True,15.6,False,EUR,,,False,i7-13700H,13.0,RTX 4060,1849.9,PcCom Revolt 4060 Intel Core i7-13700H/16GB/500GB SSD/RTX 4060/15.6 + Windows 11 Home is a laptop by Pccom. Processor: i7-13700H (Intel generation 13). It has 16 GB RAM and 500 GB SSD storage. Dedicated graphics: RTX 4060. The screen is 15.6 inches. Listed price: 1850 EUR.
703,"Medion Classmate Pro E14409 MD62389 Intel Core i3-1005G1/8GB/256GB SSD/14""",Medion,Classmate Pro,Intel Core i3,Intel,Core i3,8.0,256.0,SSD,,False,14.0,False,EUR,,,False,i3-1005G1,10.0,,429.0,"Medion Classmate Pro E14409 MD62389 Intel Core i3-1005G1/8GB/256GB SSD/14"" is a laptop by Medion. Processor: i3-1005G1 (Intel generation 10). It has 8 GB RAM and 256 GB SSD storage. The screen is 14 inches. Listed price: 429 EUR."
704,"LG Gram 14T90Q-G.AA78B Intel Evo Core i7-12800HE/16GB/1TB SSD/14"" Táctil",LG,Gram,Intel Evo Core i7,Intel,Core i7,16.0,1000.0,SSD,,False,14.0,True,EUR,,,False,i7-12800HE,12.0,,1899.01,"LG Gram 14T90Q-G.AA78B Intel Evo Core i7-12800HE/16GB/1TB SSD/14"" Táctil is a laptop by LG. Processor: i7-12800HE (Intel generation 12). It has 16 GB RAM and 1000 GB SSD storage. The screen is 14 inches, touchscreen. Listed price: 1899 EUR."
705,"Lenovo Legion Pro 7 16IRX8H Intel Core i9-13900HX/32GB/1TB SSD/RTX 4090/16""",Lenovo,Legion,Intel Core i9,Intel,Core i9,32.0,1000.0,SSD,RTX 4090,True,16.0,False,EUR,,,False,i9-13900HX,13.0,RTX 4090,4199.0,"Lenovo Legion Pro 7 16IRX8H Intel Core i9-13900HX/32GB/1TB SSD/RTX 4090/16"" is a laptop by Lenovo. Processor: i9-13900HX (Intel generation 13). It has 32 GB RAM and 1000 GB SSD storage. Dedicated graphics: RTX 4090. The screen is 16 inches. Listed price: 4199 EUR."
706,"Lenovo V15 G3 IAP Intel Core i3-1215U/8GB/512GB SSD/15.6""",Lenovo,V15,Intel Core i3,Intel,Core i3,8.0,512.0,SSD,,False,15.6,False,EUR,,,False,i3-1215U,12.0,,465.0,"Lenovo V15 G3 IAP Intel Core i3-1215U/8GB/512GB SSD/15.6"" is a laptop by Lenovo. Processor: i3-1215U (Intel generation 12). It has 8 GB RAM and 512 GB SSD storage. The screen is 15.6 inches. Listed price: 465 EUR."
707,PcCom Revolt 4060 Intel Core i5-13500H/16GB/500GB SSD/RTX 4060/15.6”,Pccom,Revolt,Intel Core i5,Intel,Core i5,16.0,500.0,SSD,RTX 4060,True,15.6,False,EUR,,,False,i5-13500H,13.0,RTX 4060,1549.9,PcCom Revolt 4060 Intel Core i5-13500H/16GB/500GB SSD/RTX 4060/15.6” is a laptop by Pccom. Processor: i5-13500H (Intel generation 13). It has 16 GB RAM and 500 GB SSD storage. Dedicated graphics: RTX 4060. The screen is 15.6 inches. Listed price: 1550 EUR.
708,"HP 15S-EQ1163NS AMD 3020e/8GB/256GB SSD/15.6""",HP,15S,AMD 3020e,AMD,,8.0,256.0,SSD,,False,15.6,False,EUR,,,False,,,,366.0,"HP 15S-EQ1163NS AMD 3020e/8GB/256GB SSD/15.6"" is a laptop by HP. Processor: AMD 3020e. It has 8 GB RAM and 256 GB SSD storage. The screen is 15.6 inches. Listed price: 366 EUR."
709,"Acer Aspire 3 A315-34 Intel Celeron N4020/8GB/256GB SSD/15.6""",Acer,Aspire,Intel Celeron,Intel,Celeron,8.0,256.0,SSD,,False,15.6,False,EUR,,,False,Celeron N4020,,,359.01,"Acer Aspire 3 A315-34 Intel Celeron N4020/8GB/256GB SSD/15.6"" is a laptop by Acer. Processor: Celeron N4020. It has 8 GB RAM and 256 GB SSD storage. The screen is 15.6 inches. Listed price: 359 EUR."
710,"Dell Vostro 3420 Intel Core i5-1135G7/8 GB/512GB SSD/14""",Dell,Vostro,Intel Core i5,Intel,Core i5,8.0,512.0,SSD,,False,14.0,False,EUR,,,False,i5-1135G7,11.0,,743.0,"Dell Vostro 3420 Intel Core i5-1135G7/8 GB/512GB SSD/14"" is a laptop by Dell. Processor: i5-1135G7 (Intel generation 11). It has 8 GB RAM and 512 GB SSD storage. The screen is 14 inches. Listed price: 743 EUR."
711,"HP 15S-FQ3008NS Intel Celeron N4500/8GB/256GB SSD/15.6""",HP,15S,Intel Celeron,Intel,Celeron,8.0,256.0,SSD,,False,15.6,False,EUR,,,False,Celeron N4500,,,323.45,"HP 15S-FQ3008NS Intel Celeron N4500/8GB/256GB SSD/15.6"" is a laptop by HP. Processor: Celeron N4500. It has 8 GB RAM and 256 GB SSD storage. The screen is 15.6 inches. Listed price: 323 EUR."
712,"MSI Prestige 15 A10SC-007ES Intel Core i7-10710U/32GB/1TB SSD/GTX 1650/15.6""",MSI,Prestige,Intel Core i7,Intel,Core i7,32.0,1000.0,SSD,GTX 1650,True,15.6,False,EUR,,,False,i7-10710U,10.0,GTX 1650,1999.0,"MSI Prestige 15 A10SC-007ES Intel Core i7-10710U/32GB/1TB SSD/GTX 1650/15.6"" is a laptop by MSI. Processor: i7-10710U (Intel generation 10). It has 32 GB RAM and 1000 GB SSD storage. Dedicated graphics: GTX 1650. The screen is 15.6 inches. Listed price: 1999 EUR."
713,PcCom Revolt 3050 Intel Core i7-13700H/16GB/1TB SSD/RTX 3050/15.6”,Pccom,Revolt,Intel Core i7,Intel,Core i7,16.0,1000.0,SSD,RTX 3050,True,15.6,False,EUR,,,False,i7-13700H,13.0,RTX 3050,1449.9,PcCom Revolt 3050 Intel Core i7-13700H/16GB/1TB SSD/RTX 3050/15.6” is a laptop by Pccom. Processor: i7-13700H (Intel generation 13). It has 16 GB RAM and 1000 GB SSD storage. Dedicated graphics: RTX 3050. The screen is 15.6 inches. Listed price: 1450 EUR.
714,"Lenovo ThinkPad E15 Gen 4 Intel Core i7-1255U/16GB/512GB SSD/MX550/15.6""",Lenovo,ThinkPad,Intel Core i7,Intel,Core i7,16.0,512.0,SSD,MX 550,True,15.6,False,EUR,,,False,i7-1255U,12.0,MX 550,1405.19,"Lenovo ThinkPad E15 Gen 4 Intel Core i7-1255U/16GB/512GB SSD/MX550/15.6"" is a laptop by Lenovo. Processor: i7-1255U (Intel generation 12). It has 16 GB RAM and 512 GB SSD storage. Dedicated graphics: MX 550. The screen is 15.6 inches. Listed price: 1405 EUR."
715,"ASUS F1500EA-EJ2369W Intel Core i7-1165G7/8GB/512GB SSD/15.6""",ASUS,VivoBook,Intel Core i7,Intel,Core i7,8.0,512.0,SSD,,False,15.6,False,EUR,,,False,i7-1165G7,11.0,,849.0,"ASUS F1500EA-EJ2369W Intel Core i7-1165G7/8GB/512GB SSD/15.6"" is a laptop by ASUS. Processor: i7-1165G7 (Intel generation 11). It has 8 GB RAM and 512 GB SSD storage. The screen is 15.6 inches. Listed price: 849 EUR."
716,"ASUS ROG Strix SCAR 17 SE G733CX-LL045W Intel Core i9-12950HX/64GB/1TB+1TB SSD/RTX 3080Ti/17.3""",ASUS,ROG,Intel Core i9,Intel,Core i9,64.0,1000.0,SSD,RTX 3080,True,17.3,False,EUR,,,False,i9-12950HX,12.0,RTX 3080,4299.01,"ASUS ROG Strix SCAR 17 SE G733CX-LL045W Intel Core i9-12950HX/64GB/1TB+1TB SSD/RTX 3080Ti/17.3"" is a laptop by ASUS. Processor: i9-12950HX (Intel generation 12). It has 64 GB RAM and 1000 GB SSD storage. Dedicated graphics: RTX 3080. The screen is 17.3 inches. Listed price: 4299 EUR."
717,"Microsoft Surface Laptop 4 Platino AMD Ryzen 5 4680U/8 GB/256 GB SSD/13.5"" Táctil",Microsoft,Surface Laptop,AMD Ryzen 5,AMD,Ryzen 5,8.0,256.0,SSD,,False,13.5,True,EUR,,,False,Ryzen 5 4680U,,,1129.0,"Microsoft Surface Laptop 4 Platino AMD Ryzen 5 4680U/8 GB/256 GB SSD/13.5"" Táctil is a laptop by Microsoft. Processor: Ryzen 5 4680U. It has 8 GB RAM and 256 GB SSD storage. The screen is 13.5 inches, touchscreen. Listed price: 1129 EUR."
718,"HP 17-CN0018NS Intel Celeron N4120/4GB/128GB SSD/17.3""",HP,17,Intel Celeron,Intel,Celeron,4.0,128.0,SSD,,False,17.3,False,EUR,,,False,Celeron N4120,,,391.0,"HP 17-CN0018NS Intel Celeron N4120/4GB/128GB SSD/17.3"" is a laptop by HP. Processor: Celeron N4120. It has 4 GB RAM and 128 GB SSD storage. The screen is 17.3 inches. Listed price: 391 EUR."
719,"Acer Aspire 5 A515-45-R35H AMD Ryzen 7 5700U/8GB/512GB SSD/15.6""",Acer,Aspire,AMD Ryzen 7,AMD,Ryzen 7,8.0,512.0,SSD,,False,15.6,False,EUR,,,False,Ryzen 7 5700U,,,809.01,"Acer Aspire 5 A515-45-R35H AMD Ryzen 7 5700U/8GB/512GB SSD/15.6"" is a laptop by Acer. Processor: Ryzen 7 5700U. It has 8 GB RAM and 512 GB SSD storage. The screen is 15.6 inches. Listed price: 809 EUR."
720,"Acer ConceptD 3 Pro CN316-73P-77Y4 Intel Core i7-11800H/16 GB/1TB SSD/T1200/16""",Acer,ConceptD,Intel Core i7,Intel,Core i7,16.0,1000.0,SSD,T 1200,True,16.0,False,EUR,,,False,i7-11800H,11.0,T 1200,1471.61,"Acer ConceptD 3 Pro CN316-73P-77Y4 Intel Core i7-11800H/16 GB/1TB SSD/T1200/16"" is a laptop by Acer. Processor: i7-11800H (Intel generation 11). It has 16 GB RAM and 1000 GB SSD storage. Dedicated graphics: T 1200. The screen is 16 inches. Listed price: 1472 EUR."
721,Dell XPS 13 9315 Intel Core i7-1250U/16GB/512GB SSD/13.4'' Tátil (PT),Dell,XPS,Intel Core i7,Intel,Core i7,16.0,512.0,SSD,,False,13.4,True,EUR,,,False,i7-1250U,12.0,,2139.73,"Dell XPS 13 9315 Intel Core i7-1250U/16GB/512GB SSD/13.4'' Tátil (PT) is a laptop by Dell. Processor: i7-1250U (Intel generation 12). It has 16 GB RAM and 512 GB SSD storage. The screen is 13.4 inches, touchscreen. Listed price: 2140 EUR."
722,"HP 250 G9 Intel Core i7-1255U/16GB/512GB SSD/15.6""",HP,250,Intel Core i7,Intel,Core i7,16.0,512.0,SSD,,False,15.6,False,EUR,,,False,i7-1255U,12.0,,1057.0,"HP 250 G9 Intel Core i7-1255U/16GB/512GB SSD/15.6"" is a laptop by HP. Processor: i7-1255U (Intel generation 12). It has 16 GB RAM and 512 GB SSD storage. The screen is 15.6 inches. Listed price: 1057 EUR."
723,"HP ProBook 635 Aero G7 AMD Ryzen 5 Pro 4650U/8GB/256GB SSD/13.3""",HP,ProBook,AMD Ryzen 5,AMD,Ryzen 5,8.0,256.0,SSD,,False,13.3,False,EUR,,,False,,,,1069.0,"HP ProBook 635 Aero G7 AMD Ryzen 5 Pro 4650U/8GB/256GB SSD/13.3"" is a laptop by HP. Processor: AMD Ryzen 5. It has 8 GB RAM and 256 GB SSD storage. The screen is 13.3 inches. Listed price: 1069 EUR."
724,MSI Pulse 17 B13VGK-435PT Intel Core i7-13700H/16GB/1TB SSD/RTX 4070/17.3'' (PT),MSI,Pulse,Intel Core i7,Intel,Core i7,16.0,1000.0,SSD,RTX 4070,True,17.3,False,EUR,,,False,i7-13700H,13.0,RTX 4070,2303.1,MSI Pulse 17 B13VGK-435PT Intel Core i7-13700H/16GB/1TB SSD/RTX 4070/17.3'' (PT) is a laptop by MSI. Processor: i7-13700H (Intel generation 13). It has 16 GB RAM and 1000 GB SSD storage. Dedicated graphics: RTX 4070. The screen is 17.3 inches. Listed price: 2303 EUR.
725,"Microsoft Surface Laptop 4 Negro AMD Ryzen 7 4980U/8GB/512 GB SSD/15"" Táctil",Microsoft,Surface Laptop,AMD Ryzen 7,AMD,Ryzen 7,8.0,512.0,SSD,,False,15.0,True,EUR,,,False,Ryzen 7 4980U,,,1649.0,"Microsoft Surface Laptop 4 Negro AMD Ryzen 7 4980U/8GB/512 GB SSD/15"" Táctil is a laptop by Microsoft. Processor: Ryzen 7 4980U. It has 8 GB RAM and 512 GB SSD storage. The screen is 15 inches, touchscreen. Listed price: 1649 EUR."
726,"Microsoft Surface Laptop 5 Negro Intel Evo Core i7-1255U/8GB/512GB SSD/15"" Táctil",Microsoft,Surface Laptop,Intel Evo Core i7,Intel,Core i7,8.0,512.0,SSD,,False,15.0,True,EUR,,,False,i7-1255U,12.0,,1749.0,"Microsoft Surface Laptop 5 Negro Intel Evo Core i7-1255U/8GB/512GB SSD/15"" Táctil is a laptop by Microsoft. Processor: i7-1255U (Intel generation 12). It has 8 GB RAM and 512 GB SSD storage. The screen is 15 inches, touchscreen. Listed price: 1749 EUR."
727,"Microsoft Surface Laptop Studio Intel Core i7-11370H/32GB/2TB SSD/RTX 3050Ti/14.4"" Táctil Platino",Microsoft,Surface Laptop,Intel Core i7,Intel,Core i7,32.0,2000.0,SSD,RTX 3050,True,14.4,True,EUR,,,False,i7-11370H,11.0,RTX 3050,3199.0,"Microsoft Surface Laptop Studio Intel Core i7-11370H/32GB/2TB SSD/RTX 3050Ti/14.4"" Táctil Platino is a laptop by Microsoft. Processor: i7-11370H (Intel generation 11). It has 32 GB RAM and 2000 GB SSD storage. Dedicated graphics: RTX 3050. The screen is 14.4 inches, touchscreen. Listed price: 3199 EUR."
728,"PcCom Revolt 3050 Intel Core i7-13700H/16GB/500GB/RTX 3050/15.6""",Pccom,Revolt,Intel Core i7,Intel,Core i7,16.0,500.0,,RTX 3050,True,15.6,False,EUR,,,False,i7-13700H,13.0,RTX 3050,1349.9,"PcCom Revolt 3050 Intel Core i7-13700H/16GB/500GB/RTX 3050/15.6"" is a laptop by Pccom. Processor: i7-13700H (Intel generation 13). It has 16 GB RAM and 500 GB storage. Dedicated graphics: RTX 3050. The screen is 15.6 inches. Listed price: 1350 EUR."
729,"Acer Predator Triton 500 SE PT516-51s-75K6 Intel Core i7-11800H/32GB/1TB SSD/RTX 3080/16""",Acer,Predator,Intel Core i7,Intel,Core i7,32.0,1000.0,SSD,RTX 3080,True,16.0,False,EUR,,,False,i7-11800H,11.0,RTX 3080,2739.0,"Acer Predator Triton 500 SE PT516-51s-75K6 Intel Core i7-11800H/32GB/1TB SSD/RTX 3080/16"" is a laptop by Acer. Processor: i7-11800H (Intel generation 11). It has 32 GB RAM and 1000 GB SSD storage. Dedicated graphics: RTX 3080. The screen is 16 inches. Listed price: 2739 EUR."
730,"HP Zbook Firefly 16 G9 Intel Core i7-1260P/16 GB/512GB SSD/16""",HP,Zbook,Intel Core i7,Intel,Core i7,16.0,512.0,SSD,,False,16.0,False,EUR,,,False,i7-1260P,12.0,,1627.0,"HP Zbook Firefly 16 G9 Intel Core i7-1260P/16 GB/512GB SSD/16"" is a laptop by HP. Processor: i7-1260P (Intel generation 12). It has 16 GB RAM and 512 GB SSD storage. The screen is 16 inches. Listed price: 1627 EUR."
731,"Lenovo ThinkPad E14 Gen 4 Intel Core i7-1255U/16GB/512GB SSD/14""",Lenovo,ThinkPad,Intel Core i7,Intel,Core i7,16.0,512.0,SSD,,False,14.0,False,EUR,,,False,i7-1255U,12.0,,1515.0,"Lenovo ThinkPad E14 Gen 4 Intel Core i7-1255U/16GB/512GB SSD/14"" is a laptop by Lenovo. Processor: i7-1255U (Intel generation 12). It has 16 GB RAM and 512 GB SSD storage. The screen is 14 inches. Listed price: 1515 EUR."
732,PcCom Revolt 3050 Intel Core i7-13700H/16GB/1TB SSD/RTX 3050/15.6 + Windows 11 Home,Pccom,Revolt,Intel Core i7,Intel,Core i7,16.0,1000.0,SSD,RTX 3050,True,15.6,False,EUR,,,False,i7-13700H,13.0,RTX 3050,1599.9,PcCom Revolt 3050 Intel Core i7-13700H/16GB/1TB SSD/RTX 3050/15.6 + Windows 11 Home is a laptop by Pccom. Processor: i7-13700H (Intel generation 13). It has 16 GB RAM and 1000 GB SSD storage. Dedicated graphics: RTX 3050. The screen is 15.6 inches. Listed price: 1600 EUR.
733,"ASUS F515EA-BQ1154X Intel Core i5-1135G7/8GB/512GB SSD/15.6""",ASUS,F515,Intel Core i5,Intel,Core i5,8.0,512.0,SSD,,False,15.6,False,EUR,,,False,i5-1135G7,11.0,,809.01,"ASUS F515EA-BQ1154X Intel Core i5-1135G7/8GB/512GB SSD/15.6"" is a laptop by ASUS. Processor: i5-1135G7 (Intel generation 11). It has 8 GB RAM and 512 GB SSD storage. The screen is 15.6 inches. Listed price: 809 EUR."
734,"Acer Extensa 15 EX215-54-55M9 Intel Core i5-1135G7/8GB/1TB SSD/15.6""",Acer,Extensa,Intel Core i5,Intel,Core i5,8.0,1000.0,SSD,,False,15.6,False,EUR,,,False,i5-1135G7,11.0,,583.85,"Acer Extensa 15 EX215-54-55M9 Intel Core i5-1135G7/8GB/1TB SSD/15.6"" is a laptop by Acer. Processor: i5-1135G7 (Intel generation 11). It has 8 GB RAM and 1000 GB SSD storage. The screen is 15.6 inches. Listed price: 584 EUR."
735,"Primux Ioxbook C15 Intel Celeron N4020/4GB/128GB SSD/15.6""",Primux,Ioxbook,Intel Celeron,Intel,Celeron,4.0,128.0,SSD,,False,15.6,False,EUR,,,False,Celeron N4020,,,272.58,"Primux Ioxbook C15 Intel Celeron N4020/4GB/128GB SSD/15.6"" is a laptop by Primux. Processor: Celeron N4020. It has 4 GB RAM and 128 GB SSD storage. The screen is 15.6 inches. Listed price: 273 EUR."
736,"Razer Blade 14 165Hz AMD Ryzen 9 6900HX/16GB/1TB SSD/RTX 3080Ti/14""",Razer,Blade,AMD Ryzen 9,AMD,Ryzen 9,16.0,1000.0,SSD,RTX 3080,True,14.0,False,EUR,,,False,Ryzen 9 6900HX,,RTX 3080,4105.45,"Razer Blade 14 165Hz AMD Ryzen 9 6900HX/16GB/1TB SSD/RTX 3080Ti/14"" is a laptop by Razer. Processor: Ryzen 9 6900HX. It has 16 GB RAM and 1000 GB SSD storage. Dedicated graphics: RTX 3080. The screen is 14 inches. Listed price: 4105 EUR."
737,"ASUS ZenBook 14 OLED UM3402YA-KM428WS AMD Ryzen 7 7730U/16GB/512GB SSD/14""",ASUS,ZenBook,AMD Ryzen 7,AMD,Ryzen 7,16.0,512.0,SSD,,False,14.0,False,EUR,,,False,Ryzen 7 7730U,,,1056.0,"ASUS ZenBook 14 OLED UM3402YA-KM428WS AMD Ryzen 7 7730U/16GB/512GB SSD/14"" is a laptop by ASUS. Processor: Ryzen 7 7730U. It has 16 GB RAM and 512 GB SSD storage. The screen is 14 inches. Listed price: 1056 EUR."
738,"HP 255 G8 AMD Ryzen 3 5300U/8GB/1TB SSD/15.6""",HP,255,AMD Ryzen 3,AMD,Ryzen 3,8.0,1000.0,SSD,,False,15.6,False,EUR,,,False,Ryzen 3 5300U,,,471.0,"HP 255 G8 AMD Ryzen 3 5300U/8GB/1TB SSD/15.6"" is a laptop by HP. Processor: Ryzen 3 5300U. It has 8 GB RAM and 1000 GB SSD storage. The screen is 15.6 inches. Listed price: 471 EUR."
739,PcCom Revolt 4060 Intel Core i7-13700H/16GB/1TB SSD/RTX 4060/15.6 + Windows 11 Home,Pccom,Revolt,Intel Core i7,Intel,Core i7,16.0,1000.0,SSD,RTX 4060,True,15.6,False,EUR,,,False,i7-13700H,13.0,RTX 4060,1949.9,PcCom Revolt 4060 Intel Core i7-13700H/16GB/1TB SSD/RTX 4060/15.6 + Windows 11 Home is a laptop by Pccom. Processor: i7-13700H (Intel generation 13). It has 16 GB RAM and 1000 GB SSD storage. Dedicated graphics: RTX 4060. The screen is 15.6 inches. Listed price: 1950 EUR.
740,"ASUS ExpertBook B1 B1402CBA-EB0861W Intel Core i5-1235U/16GB/512GB SSD/14""",ASUS,ExpertBook,Intel Core i5,Intel,Core i5,16.0,512.0,SSD,,False,14.0,False,EUR,,,False,i5-1235U,12.0,,800.0,"ASUS ExpertBook B1 B1402CBA-EB0861W Intel Core i5-1235U/16GB/512GB SSD/14"" is a laptop by ASUS. Processor: i5-1235U (Intel generation 12). It has 16 GB RAM and 512 GB SSD storage. The screen is 14 inches. Listed price: 800 EUR."
741,"ASUS Zenbook UM425QA AMD Ryzen 7 5800H 16GB/1TB SSD/14""(PT)",ASUS,ZenBook,AMD Ryzen 7,AMD,Ryzen 7,16.0,1000.0,SSD,,False,14.0,False,EUR,,,False,Ryzen 7 5800H,,,1377.62,"ASUS Zenbook UM425QA AMD Ryzen 7 5800H 16GB/1TB SSD/14""(PT) is a laptop by ASUS. Processor: Ryzen 7 5800H. It has 16 GB RAM and 1000 GB SSD storage. The screen is 14 inches. Listed price: 1378 EUR."
742,"HP ProBook 440 G9 Intel Core i7-1255U/16GB/1TB SSD/14""",HP,ProBook,Intel Core i7,Intel,Core i7,16.0,1000.0,SSD,,False,14.0,False,EUR,,,False,i7-1255U,12.0,,1214.49,"HP ProBook 440 G9 Intel Core i7-1255U/16GB/1TB SSD/14"" is a laptop by HP. Processor: i7-1255U (Intel generation 12). It has 16 GB RAM and 1000 GB SSD storage. The screen is 14 inches. Listed price: 1214 EUR."
743,"Acer TravelMate P2 TMP214-53-594U Intel Core i5-1135G7/16GB/512GB SSD/14""",Acer,TravelMate,Intel Core i5,Intel,Core i5,16.0,512.0,SSD,,False,14.0,False,EUR,,,False,i5-1135G7,11.0,,925.0,"Acer TravelMate P2 TMP214-53-594U Intel Core i5-1135G7/16GB/512GB SSD/14"" is a laptop by Acer. Processor: i5-1135G7 (Intel generation 11). It has 16 GB RAM and 512 GB SSD storage. The screen is 14 inches. Listed price: 925 EUR."
744,"Dell XPS 15 9520 Intel Core i7-12700H/16GB/1TB SSD/RTX3050 Ti/15.6""",Dell,XPS,Intel Core i7,Intel,Core i7,16.0,1000.0,SSD,RTX 3050,True,15.6,False,EUR,,,False,i7-12700H,12.0,RTX 3050,2319.0,"Dell XPS 15 9520 Intel Core i7-12700H/16GB/1TB SSD/RTX3050 Ti/15.6"" is a laptop by Dell. Processor: i7-12700H (Intel generation 12). It has 16 GB RAM and 1000 GB SSD storage. Dedicated graphics: RTX 3050. The screen is 15.6 inches. Listed price: 2319 EUR."
745,"Alurin Flex Advance Intel Core i5-1155G7/8GB/500GB SSD/14"" + Windows 11 Home",Alurin,Flex Advance,Intel Core i5,Intel,Core i5,8.0,500.0,SSD,,False,14.0,False,EUR,,,False,i5-1155G7,11.0,,590.0,"Alurin Flex Advance Intel Core i5-1155G7/8GB/500GB SSD/14"" + Windows 11 Home is a laptop by Alurin. Processor: i5-1155G7 (Intel generation 11). It has 8 GB RAM and 500 GB SSD storage. The screen is 14 inches. Listed price: 590 EUR."
746,"LG Gram 17Z90Q Intel Core i7-1260P/32GB/512GB SSD/RTX 2050/17""",LG,Gram,Intel Core i7,Intel,Core i7,32.0,512.0,SSD,RTX 2050,True,17.0,False,EUR,,,False,i7-1260P,12.0,RTX 2050,2209.0,"LG Gram 17Z90Q Intel Core i7-1260P/32GB/512GB SSD/RTX 2050/17"" is a laptop by LG. Processor: i7-1260P (Intel generation 12). It has 32 GB RAM and 512 GB SSD storage. Dedicated graphics: RTX 2050. The screen is 17 inches. Listed price: 2209 EUR."
747,"Acer TravelMate P2 TMP215-53-5887 Intel Core i5-1135G7/8GB/512GB SSD/15.6""",Acer,TravelMate,Intel Core i5,Intel,Core i5,8.0,512.0,SSD,,False,15.6,False,EUR,,,False,i5-1135G7,11.0,,770.56,"Acer TravelMate P2 TMP215-53-5887 Intel Core i5-1135G7/8GB/512GB SSD/15.6"" is a laptop by Acer. Processor: i5-1135G7 (Intel generation 11). It has 8 GB RAM and 512 GB SSD storage. The screen is 15.6 inches. Listed price: 771 EUR."
748,"Lenovo ThinkBook 15 G4 IAP Intel Core i7-1255U/16GB/512GB SSD/15.6""",Lenovo,ThinkBook,Intel Core i7,Intel,Core i7,16.0,512.0,SSD,,False,15.6,False,EUR,,,False,i7-1255U,12.0,,1196.97,"Lenovo ThinkBook 15 G4 IAP Intel Core i7-1255U/16GB/512GB SSD/15.6"" is a laptop by Lenovo. Processor: i7-1255U (Intel generation 12). It has 16 GB RAM and 512 GB SSD storage. The screen is 15.6 inches. Listed price: 1197 EUR."
749,"HP 15S-FQ4100NS Intel Core i5-1155G7/8GB/512GB SSD/15.6""",HP,15S,Intel Core i5,Intel,Core i5,8.0,512.0,SSD,,False,15.6,False,EUR,,,False,i5-1155G7,11.0,,595.9,"HP 15S-FQ4100NS Intel Core i5-1155G7/8GB/512GB SSD/15.6"" is a laptop by HP. Processor: i5-1155G7 (Intel generation 11). It has 8 GB RAM and 512 GB SSD storage. The screen is 15.6 inches. Listed price: 596 EUR."
750,"HP 15S-FQ5028NS Intel Core i5-1235U/16GB/512GB SSD/15.6""+ Microsoft 365 Personal 12 Meses Descarga Digital",HP,15S,Intel Core i5,Intel,Core i5,16.0,512.0,SSD,,False,15.6,False,EUR,,,False,i5-1235U,12.0,,850.99,"HP 15S-FQ5028NS Intel Core i5-1235U/16GB/512GB SSD/15.6""+ Microsoft 365 Personal 12 Meses Descarga Digital is a laptop by HP. Processor: i5-1235U (Intel generation 12). It has 16 GB RAM and 512 GB SSD storage. The screen is 15.6 inches. Listed price: 851 EUR."
751,"ASUS F1500EA-EJ3528 Intel Core i3-1115G4/8GB/512GB SSD/15.6""",ASUS,VivoBook,Intel Core i3,Intel,Core i3,8.0,512.0,SSD,,False,15.6,False,EUR,,,False,i3-1115G4,11.0,,398.22,"ASUS F1500EA-EJ3528 Intel Core i3-1115G4/8GB/512GB SSD/15.6"" is a laptop by ASUS. Processor: i3-1115G4 (Intel generation 11). It has 8 GB RAM and 512 GB SSD storage. The screen is 15.6 inches. Listed price: 398 EUR."
752,"ASUS TUF GAMING A15 FA507XI-R97B47CS1 AMD Ryzen 9 7940HS/16GB/1TB SSD/RTX4070/15.6"" (PT)",ASUS,TUF,AMD Ryzen 9,AMD,Ryzen 9,16.0,1000.0,SSD,RTX 4070,True,15.6,False,EUR,,,False,Ryzen 9 7940HS,,RTX 4070,2017.87,"ASUS TUF GAMING A15 FA507XI-R97B47CS1 AMD Ryzen 9 7940HS/16GB/1TB SSD/RTX4070/15.6"" (PT) is a laptop by ASUS. Processor: Ryzen 9 7940HS. It has 16 GB RAM and 1000 GB SSD storage. Dedicated graphics: RTX 4070. The screen is 15.6 inches. Listed price: 2018 EUR."
753,"ASUS BR1100FKA-BP1185XA Intel Celeron N4500/4GB/128GB SSD/11.6"" Táctil",ASUS,BR,Intel Celeron,Intel,Celeron,4.0,128.0,SSD,,False,11.6,True,EUR,,,False,Celeron N4500,,,495.33,"ASUS BR1100FKA-BP1185XA Intel Celeron N4500/4GB/128GB SSD/11.6"" Táctil is a laptop by ASUS. Processor: Celeron N4500. It has 4 GB RAM and 128 GB SSD storage. The screen is 11.6 inches, touchscreen. Listed price: 495 EUR."
754,"ASUS ROG Flow X16 GV601RM-M6074W AMD Ryzen 9 6900HS/16GB/1TB SSD/RTX 3060/16"" Táctil",ASUS,ROG,AMD Ryzen 9,AMD,Ryzen 9,16.0,1000.0,SSD,RTX 3060,True,16.0,True,EUR,,,False,Ryzen 9 6900HS,,RTX 3060,2773.31,"ASUS ROG Flow X16 GV601RM-M6074W AMD Ryzen 9 6900HS/16GB/1TB SSD/RTX 3060/16"" Táctil is a laptop by ASUS. Processor: Ryzen 9 6900HS. It has 16 GB RAM and 1000 GB SSD storage. Dedicated graphics: RTX 3060. The screen is 16 inches, touchscreen. Listed price: 2773 EUR."
755,ASUS ROG Flow X16 2023 GV601VV-NF015W Intel Core i9-13900H/16GB/1TB SSD/RTX 4060/16'' Táctil,ASUS,ROG,Intel Core i9,Intel,Core i9,16.0,1000.0,SSD,RTX 4060,True,16.0,True,EUR,,,False,i9-13900H,13.0,RTX 4060,2599.01,"ASUS ROG Flow X16 2023 GV601VV-NF015W Intel Core i9-13900H/16GB/1TB SSD/RTX 4060/16'' Táctil is a laptop by ASUS. Processor: i9-13900H (Intel generation 13). It has 16 GB RAM and 1000 GB SSD storage. Dedicated graphics: RTX 4060. The screen is 16 inches, touchscreen. Listed price: 2599 EUR."
756,"ASUS Zenbook UM425QA-R55BLHDCP1 AMD Ryzen 5 5600H 16GB/512GB SSD/14""(PT)",ASUS,ZenBook,AMD Ryzen 5,AMD,Ryzen 5,16.0,512.0,SSD,,False,14.0,False,EUR,,,False,Ryzen 5 5600H,,,1157.12,"ASUS Zenbook UM425QA-R55BLHDCP1 AMD Ryzen 5 5600H 16GB/512GB SSD/14""(PT) is a laptop by ASUS. Processor: Ryzen 5 5600H. It has 16 GB RAM and 512 GB SSD storage. The screen is 14 inches. Listed price: 1157 EUR."
757,"MSI Creator Pro Z16P B12UMST-094ES Intel Core i7-12700H/32GB/1TB SSD/RTX A5500/16"" Táctil",MSI,Creator,Intel Core i7,Intel,Core i7,32.0,1000.0,SSD,RTX A5500,True,16.0,True,EUR,,,False,i7-12700H,12.0,RTX A5500,4399.0,"MSI Creator Pro Z16P B12UMST-094ES Intel Core i7-12700H/32GB/1TB SSD/RTX A5500/16"" Táctil is a laptop by MSI. Processor: i7-12700H (Intel generation 12). It has 32 GB RAM and 1000 GB SSD storage. Dedicated graphics: RTX A5500. The screen is 16 inches, touchscreen. Listed price: 4399 EUR."
758,"Lenovo V15 Gen 2 ALC AMD Ryzen 3 5300U/8GB/256GB SSD/15.6""",Lenovo,V15,AMD Ryzen 3,AMD,Ryzen 3,8.0,256.0,SSD,,False,15.6,False,EUR,,,False,Ryzen 3 5300U,,,359.9,"Lenovo V15 Gen 2 ALC AMD Ryzen 3 5300U/8GB/256GB SSD/15.6"" is a laptop by Lenovo. Processor: Ryzen 3 5300U. It has 8 GB RAM and 256 GB SSD storage. The screen is 15.6 inches. Listed price: 360 EUR."
759,"ASUS VivoBook S OLED K3402ZA-KM079W Intel Evo Core i7-12700H/16GB/512GB SSD/14""",ASUS,VivoBook,Intel Evo Core i7,Intel,Core i7,16.0,512.0,SSD,,False,14.0,False,EUR,,,False,i7-12700H,12.0,,1449.5,"ASUS VivoBook S OLED K3402ZA-KM079W Intel Evo Core i7-12700H/16GB/512GB SSD/14"" is a laptop by ASUS. Processor: i7-12700H (Intel generation 12). It has 16 GB RAM and 512 GB SSD storage. The screen is 14 inches. Listed price: 1450 EUR."
760,"Acer ConceptD 3 Ezel Pro CC315-73P-73PA Intel Core i7-11800H/16GB/1TB SSD/T1200/15.6"" Táctil",Acer,ConceptD,Intel Core i7,Intel,Core i7,16.0,1000.0,SSD,T 1200,True,15.6,True,EUR,,,False,i7-11800H,11.0,T 1200,2206.1,"Acer ConceptD 3 Ezel Pro CC315-73P-73PA Intel Core i7-11800H/16GB/1TB SSD/T1200/15.6"" Táctil is a laptop by Acer. Processor: i7-11800H (Intel generation 11). It has 16 GB RAM and 1000 GB SSD storage. Dedicated graphics: T 1200. The screen is 15.6 inches, touchscreen. Listed price: 2206 EUR."
761,MSI Stealth 15 A13VF-060XES Intel Core i7-13620H/32GB/1TB SSD/RTX 4060/15.6'',MSI,Stealth,Intel Core i7,Intel,Core i7,32.0,1000.0,SSD,RTX 4060,True,15.6,False,EUR,,,False,i7-13620H,13.0,RTX 4060,2184.41,MSI Stealth 15 A13VF-060XES Intel Core i7-13620H/32GB/1TB SSD/RTX 4060/15.6'' is a laptop by MSI. Processor: i7-13620H (Intel generation 13). It has 32 GB RAM and 1000 GB SSD storage. Dedicated graphics: RTX 4060. The screen is 15.6 inches. Listed price: 2184 EUR.
762,"ASUS E510MA-EJ972 Intel Celeron N4020/8GB/256GB SSD/15.6""",ASUS,E510,Intel Celeron,Intel,Celeron,8.0,256.0,SSD,,False,15.6,False,EUR,,,False,Celeron N4020,,,285.0,"ASUS E510MA-EJ972 Intel Celeron N4020/8GB/256GB SSD/15.6"" is a laptop by ASUS. Processor: Celeron N4020. It has 8 GB RAM and 256 GB SSD storage. The screen is 15.6 inches. Listed price: 285 EUR."
763,"ASUS F515EA-EJ1564W Intel Core i3-1115G4/8GB/256GB SSD/15.6""",ASUS,F515,Intel Core i3,Intel,Core i3,8.0,256.0,SSD,,False,15.6,False,EUR,,,False,i3-1115G4,11.0,,391.6,"ASUS F515EA-EJ1564W Intel Core i3-1115G4/8GB/256GB SSD/15.6"" is a laptop by ASUS. Processor: i3-1115G4 (Intel generation 11). It has 8 GB RAM and 256 GB SSD storage. The screen is 15.6 inches. Listed price: 392 EUR."
764,"Dynabook Toshiba Satellite Pro C40-G-120 Intel Core i7-10510U/8GB/256GB SSD/14""",Dynabook Toshiba,Satellite Pro,Intel Core i7,Intel,Core i7,8.0,256.0,SSD,,False,14.0,False,EUR,,,False,i7-10510U,10.0,,765.75,"Dynabook Toshiba Satellite Pro C40-G-120 Intel Core i7-10510U/8GB/256GB SSD/14"" is a laptop by Dynabook Toshiba. Processor: i7-10510U (Intel generation 10). It has 8 GB RAM and 256 GB SSD storage. The screen is 14 inches. Listed price: 766 EUR."
765,"ASUS VivoBook 15 F1502ZA-EJ1119W Intel Core i7-1255U/8GB/512GB SSD/15.6""",ASUS,VivoBook,Intel Core i7,Intel,Core i7,8.0,512.0,SSD,,False,15.6,False,EUR,,,False,i7-1255U,12.0,,635.01,"ASUS VivoBook 15 F1502ZA-EJ1119W Intel Core i7-1255U/8GB/512GB SSD/15.6"" is a laptop by ASUS. Processor: i7-1255U (Intel generation 12). It has 8 GB RAM and 512 GB SSD storage. The screen is 15.6 inches. Listed price: 635 EUR."
766,"Dell Latitude 5430 Intel Core i7-1255U/16GB/512GB SSD/14""",Dell,Latitude,Intel Core i7,Intel,Core i7,16.0,512.0,SSD,,False,14.0,False,EUR,,,False,i7-1255U,12.0,,1433.0,"Dell Latitude 5430 Intel Core i7-1255U/16GB/512GB SSD/14"" is a laptop by Dell. Processor: i7-1255U (Intel generation 12). It has 16 GB RAM and 512 GB SSD storage. The screen is 14 inches. Listed price: 1433 EUR."
767,"ASUS VivoBook F515EA-EJ3060W Intel Core i7-1165G7/16GB/512/GB SSD/15.6""",ASUS,VivoBook,Intel Core i7,Intel,Core i7,16.0,512.0,SSD,,False,15.6,False,EUR,,,False,i7-1165G7,11.0,,883.19,"ASUS VivoBook F515EA-EJ3060W Intel Core i7-1165G7/16GB/512/GB SSD/15.6"" is a laptop by ASUS. Processor: i7-1165G7 (Intel generation 11). It has 16 GB RAM and 512 GB SSD storage. The screen is 15.6 inches. Listed price: 883 EUR."
768,"Lenovo ThinkBook 14s Yoga G2 Intel Core i7-1255U/16GB/512GB SSD/14"" Táctil",Lenovo,ThinkBook,Intel Core i7,Intel,Core i7,16.0,512.0,SSD,,False,14.0,True,EUR,,,False,i7-1255U,12.0,,1473.83,"Lenovo ThinkBook 14s Yoga G2 Intel Core i7-1255U/16GB/512GB SSD/14"" Táctil is a laptop by Lenovo. Processor: i7-1255U (Intel generation 12). It has 16 GB RAM and 512 GB SSD storage. The screen is 14 inches, touchscreen. Listed price: 1474 EUR."
769,"Medion Akoya S15447 Intel Core i5-10210U/8 GB/256 GB SSD/15.6""",Medion,Akoya,Intel Core i5,Intel,Core i5,8.0,256.0,SSD,,False,15.6,False,EUR,,,False,i5-10210U,10.0,,727.49,"Medion Akoya S15447 Intel Core i5-10210U/8 GB/256 GB SSD/15.6"" is a laptop by Medion. Processor: i5-10210U (Intel generation 10). It has 8 GB RAM and 256 GB SSD storage. The screen is 15.6 inches. Listed price: 727 EUR."
770,"Dell Vostro 3420 Intel Core i7-1165G7/16 GB/512GB SSD/14""",Dell,Vostro,Intel Core i7,Intel,Core i7,16.0,512.0,SSD,,False,14.0,False,EUR,,,False,i7-1165G7,11.0,,1064.0,"Dell Vostro 3420 Intel Core i7-1165G7/16 GB/512GB SSD/14"" is a laptop by Dell. Processor: i7-1165G7 (Intel generation 11). It has 16 GB RAM and 512 GB SSD storage. The screen is 14 inches. Listed price: 1064 EUR."
771,"Microsoft Surface Pro 9 Bosque Intel Evo Core i5-1235U/8GB/256GB SSD/13"" Táctil",Microsoft,Surface Pro,Intel Evo Core i5,Intel,Core i5,8.0,256.0,SSD,,False,13.0,True,EUR,,,False,i5-1235U,12.0,,1403.0,"Microsoft Surface Pro 9 Bosque Intel Evo Core i5-1235U/8GB/256GB SSD/13"" Táctil is a laptop by Microsoft. Processor: i5-1235U (Intel generation 12). It has 8 GB RAM and 256 GB SSD storage. The screen is 13 inches, touchscreen. Listed price: 1403 EUR."
772,"ASUS Vivobook  F1605EA-51BLHDSS1 Intel Core i5-1135G7/12GB/512GB SSD/16.0"" (PT)",ASUS,VivoBook,Intel Core i5,Intel,Core i5,12.0,512.0,SSD,,False,16.0,False,EUR,,,False,i5-1135G7,11.0,,832.01,"ASUS Vivobook  F1605EA-51BLHDSS1 Intel Core i5-1135G7/12GB/512GB SSD/16.0"" (PT) is a laptop by ASUS. Processor: i5-1135G7 (Intel generation 11). It has 12 GB RAM and 512 GB SSD storage. The screen is 16 inches. Listed price: 832 EUR."
773,"ASUS ExpertBook B1 B1502CBA-EJ0438W Intel Core i5-1235U/16GB/512GB SSD/15.6""",ASUS,ExpertBook,Intel Core i5,Intel,Core i5,16.0,512.0,SSD,,False,15.6,False,EUR,,,False,i5-1235U,12.0,,800.0,"ASUS ExpertBook B1 B1502CBA-EJ0438W Intel Core i5-1235U/16GB/512GB SSD/15.6"" is a laptop by ASUS. Processor: i5-1235U (Intel generation 12). It has 16 GB RAM and 512 GB SSD storage. The screen is 15.6 inches. Listed price: 800 EUR."
774,"ASUS ZenBook 13 OLED UX325EA-KG261 Intel Core i5-1135G7/8GB/512GB SSD/13.3""",ASUS,ZenBook,Intel Core i5,Intel,Core i5,8.0,512.0,SSD,,False,13.3,False,EUR,,,False,i5-1135G7,11.0,,819.0,"ASUS ZenBook 13 OLED UX325EA-KG261 Intel Core i5-1135G7/8GB/512GB SSD/13.3"" is a laptop by ASUS. Processor: i5-1135G7 (Intel generation 11). It has 8 GB RAM and 512 GB SSD storage. The screen is 13.3 inches. Listed price: 819 EUR."
775,"HP ENVY 17-cr0004np Intel Core i7-1260P/16GB/512GB SSD/17.3"" (PT)",HP,Envy,Intel Core i7,Intel,Core i7,16.0,512.0,SSD,,False,17.3,False,EUR,,,False,i7-1260P,12.0,,1453.6,"HP ENVY 17-cr0004np Intel Core i7-1260P/16GB/512GB SSD/17.3"" (PT) is a laptop by HP. Processor: i7-1260P (Intel generation 12). It has 16 GB RAM and 512 GB SSD storage. The screen is 17.3 inches. Listed price: 1454 EUR."
776,"Dell Latitude 7320 Detachable Intel Evo Core i7-1180G7/16GB/512GB SSD/13"" Táctil",Dell,Latitude,Intel Evo Core i7,Intel,Core i7,16.0,512.0,SSD,,False,13.0,True,EUR,,,False,i7-1180G7,11.0,,1620.92,"Dell Latitude 7320 Detachable Intel Evo Core i7-1180G7/16GB/512GB SSD/13"" Táctil is a laptop by Dell. Processor: i7-1180G7 (Intel generation 11). It has 16 GB RAM and 512 GB SSD storage. The screen is 13 inches, touchscreen. Listed price: 1621 EUR."
777,"Acer Aspire 3 A315-56-56XH Intel Core i5-1035G1/8GB/512GB SSD/15.6""",Acer,Aspire,Intel Core i5,Intel,Core i5,8.0,512.0,SSD,,False,15.6,False,EUR,,,False,i5-1035G1,10.0,,552.99,"Acer Aspire 3 A315-56-56XH Intel Core i5-1035G1/8GB/512GB SSD/15.6"" is a laptop by Acer. Processor: i5-1035G1 (Intel generation 10). It has 8 GB RAM and 512 GB SSD storage. The screen is 15.6 inches. Listed price: 553 EUR."
778,"HP 250 G8 59T50EA Intel Core i3-1115G4/8GB/512GB SSD/15.6""",HP,250,Intel Core i3,Intel,Core i3,8.0,512.0,SSD,,False,15.6,False,EUR,,,False,i3-1115G4,11.0,,549.0,"HP 250 G8 59T50EA Intel Core i3-1115G4/8GB/512GB SSD/15.6"" is a laptop by HP. Processor: i3-1115G4 (Intel generation 11). It has 8 GB RAM and 512 GB SSD storage. The screen is 15.6 inches. Listed price: 549 EUR."
779,"HP 15S-FQ3013NS Intel Celeron N4500/8GB/256GB SSD/15.6""",HP,15S,Intel Celeron,Intel,Celeron,8.0,256.0,SSD,,False,15.6,False,EUR,,,False,Celeron N4500,,,465.26,"HP 15S-FQ3013NS Intel Celeron N4500/8GB/256GB SSD/15.6"" is a laptop by HP. Processor: Celeron N4500. It has 8 GB RAM and 256 GB SSD storage. The screen is 15.6 inches. Listed price: 465 EUR."
780,"HP 470 G9 Intel Core i5-1235U/16GB/512GB SSD/MX550/17.3""",HP,470,Intel Core i5,Intel,Core i5,16.0,512.0,SSD,MX 550,True,17.3,False,EUR,,,False,i5-1235U,12.0,MX 550,1212.0,"HP 470 G9 Intel Core i5-1235U/16GB/512GB SSD/MX550/17.3"" is a laptop by HP. Processor: i5-1235U (Intel generation 12). It has 16 GB RAM and 512 GB SSD storage. Dedicated graphics: MX 550. The screen is 17.3 inches. Listed price: 1212 EUR."
781,"ASUS TUF Gaming F15 TUF506HC-HN088 Intel Core i5-11400H/16GB/512GB SSD/RTX 3050/15.6""",ASUS,TUF,Intel Core i5,Intel,Core i5,16.0,512.0,SSD,RTX 3050,True,15.6,False,EUR,,,False,i5-11400H,11.0,RTX 3050,769.0,"ASUS TUF Gaming F15 TUF506HC-HN088 Intel Core i5-11400H/16GB/512GB SSD/RTX 3050/15.6"" is a laptop by ASUS. Processor: i5-11400H (Intel generation 11). It has 16 GB RAM and 512 GB SSD storage. Dedicated graphics: RTX 3050. The screen is 15.6 inches. Listed price: 769 EUR."
782,"Acer Swift 3 SF313-53 Intel Evo Core i7-1165G7/16GB/1TB SSD/13.5""",Acer,Swift,Intel Evo Core i7,Intel,Core i7,16.0,1000.0,SSD,,False,13.5,False,EUR,,,False,i7-1165G7,11.0,,1347.18,"Acer Swift 3 SF313-53 Intel Evo Core i7-1165G7/16GB/1TB SSD/13.5"" is a laptop by Acer. Processor: i7-1165G7 (Intel generation 11). It has 16 GB RAM and 1000 GB SSD storage. The screen is 13.5 inches. Listed price: 1347 EUR."
783,"MSI Creator M16 B13VE-681ES Intel Core i7-13700H/32GB/1TB SSD/RTX 4050/16""",MSI,Creator,Intel Core i7,Intel,Core i7,32.0,1000.0,SSD,RTX 4050,True,16.0,False,EUR,,,False,i7-13700H,13.0,RTX 4050,2102.18,"MSI Creator M16 B13VE-681ES Intel Core i7-13700H/32GB/1TB SSD/RTX 4050/16"" is a laptop by MSI. Processor: i7-13700H (Intel generation 13). It has 32 GB RAM and 1000 GB SSD storage. Dedicated graphics: RTX 4050. The screen is 16 inches. Listed price: 2102 EUR."
784,PcCom Revolt 4060 Intel Core i7-13700H/32GB/1TB SSD/RTX 4060/15.6,Pccom,Revolt,Intel Core i7,Intel,Core i7,32.0,1000.0,SSD,RTX 4060,True,15.6,False,EUR,,,False,i7-13700H,13.0,RTX 4060,1899.9,PcCom Revolt 4060 Intel Core i7-13700H/32GB/1TB SSD/RTX 4060/15.6 is a laptop by Pccom. Processor: i7-13700H (Intel generation 13). It has 32 GB RAM and 1000 GB SSD storage. Dedicated graphics: RTX 4060. The screen is 15.6 inches. Listed price: 1900 EUR.
785,"Acer TravelMate P2 TMP214-52-P5SM Intel Pentium Gold 6405U/8GB/256GB SSD/14""",Acer,TravelMate,Intel Pentium,Intel,Pentium,8.0,256.0,SSD,,False,14.0,False,EUR,,,False,,,,474.99,"Acer TravelMate P2 TMP214-52-P5SM Intel Pentium Gold 6405U/8GB/256GB SSD/14"" is a laptop by Acer. Processor: Intel Pentium. It has 8 GB RAM and 256 GB SSD storage. The screen is 14 inches. Listed price: 475 EUR."
786,"Medion Akoya E15301 AMD Ryzen 3 3200U/8 GB/256 GB SSD/15.6""",Medion,Akoya,AMD Ryzen 3,AMD,Ryzen 3,8.0,256.0,SSD,,False,15.6,False,EUR,,,False,Ryzen 3 3200U,,,327.51,"Medion Akoya E15301 AMD Ryzen 3 3200U/8 GB/256 GB SSD/15.6"" is a laptop by Medion. Processor: Ryzen 3 3200U. It has 8 GB RAM and 256 GB SSD storage. The screen is 15.6 inches. Listed price: 328 EUR."
787,"ASUS Rog Strix G17 G713QR-K4189 AMD Ryzen 7 5800H/32GB/1TB SSD/RTX 3070/17.3""",ASUS,ROG,AMD Ryzen 7,AMD,Ryzen 7,32.0,1000.0,SSD,RTX 3070,True,17.3,False,EUR,,,False,Ryzen 7 5800H,,RTX 3070,2649.44,"ASUS Rog Strix G17 G713QR-K4189 AMD Ryzen 7 5800H/32GB/1TB SSD/RTX 3070/17.3"" is a laptop by ASUS. Processor: Ryzen 7 5800H. It has 32 GB RAM and 1000 GB SSD storage. Dedicated graphics: RTX 3070. The screen is 17.3 inches. Listed price: 2649 EUR."
788,"ASUS ZenBook 14 UX3402ZA-KP490W Intel Core i5-1240P/16GB/512GB SSD/14""",ASUS,ZenBook,Intel Core i5,Intel,Core i5,16.0,512.0,SSD,,False,14.0,False,EUR,,,False,i5-1240P,12.0,,846.31,"ASUS ZenBook 14 UX3402ZA-KP490W Intel Core i5-1240P/16GB/512GB SSD/14"" is a laptop by ASUS. Processor: i5-1240P (Intel generation 12). It has 16 GB RAM and 512 GB SSD storage. The screen is 14 inches. Listed price: 846 EUR."
789,"HP 15S-FQ2180NS Intel Core i3-1115G4/8GB/512GB SSD/15.6""",HP,15S,Intel Core i3,Intel,Core i3,8.0,512.0,SSD,,False,15.6,False,EUR,,,False,i3-1115G4,11.0,,414.84,"HP 15S-FQ2180NS Intel Core i3-1115G4/8GB/512GB SSD/15.6"" is a laptop by HP. Processor: i3-1115G4 (Intel generation 11). It has 8 GB RAM and 512 GB SSD storage. The screen is 15.6 inches. Listed price: 415 EUR."
790,"HP 250 G9 Intel Core i3-1215U/8GB/256 GB SSD/15.6""",HP,250,Intel Core i3,Intel,Core i3,8.0,256.0,SSD,,False,15.6,False,EUR,,,False,i3-1215U,12.0,,399.37,"HP 250 G9 Intel Core i3-1215U/8GB/256 GB SSD/15.6"" is a laptop by HP. Processor: i3-1215U (Intel generation 12). It has 8 GB RAM and 256 GB SSD storage. The screen is 15.6 inches. Listed price: 399 EUR."
791,"Lenovo ThinkBook 15 G2 ITL Intel Core i5-1135G7/16 GB/512GB SSD/15.6""",Lenovo,ThinkBook,Intel Core i5,Intel,Core i5,16.0,512.0,SSD,,False,15.6,False,EUR,,,False,i5-1135G7,11.0,,1069.0,"Lenovo ThinkBook 15 G2 ITL Intel Core i5-1135G7/16 GB/512GB SSD/15.6"" is a laptop by Lenovo. Processor: i5-1135G7 (Intel generation 11). It has 16 GB RAM and 512 GB SSD storage. The screen is 15.6 inches. Listed price: 1069 EUR."
792,"Lenovo 300w Gen 3 AMD 3015e/4GB/128GB SSD/11.6"" Táctil",Lenovo,300w,AMD 3015e,AMD,,4.0,128.0,SSD,,False,11.6,True,EUR,,,False,,,,461.48,"Lenovo 300w Gen 3 AMD 3015e/4GB/128GB SSD/11.6"" Táctil is a laptop by Lenovo. Processor: AMD 3015e. It has 4 GB RAM and 128 GB SSD storage. The screen is 11.6 inches, touchscreen. Listed price: 461 EUR."
793,"HP 15S-EQ2135NS AMD Ryzen 7 5700U/12GB/512GB SSD/15.6""",HP,15S,AMD Ryzen 7,AMD,Ryzen 7,12.0,512.0,SSD,,False,15.6,False,EUR,,,False,Ryzen 7 5700U,,,613.2,"HP 15S-EQ2135NS AMD Ryzen 7 5700U/12GB/512GB SSD/15.6"" is a laptop by HP. Processor: Ryzen 7 5700U. It has 12 GB RAM and 512 GB SSD storage. The screen is 15.6 inches. Listed price: 613 EUR."
794,"ASUS VivoBook F1605PA-MB147 Intel Core i7-11370H/8GB/512GB SSD/16""",ASUS,VivoBook,Intel Core i7,Intel,Core i7,8.0,512.0,SSD,,False,16.0,False,EUR,,,False,i7-11370H,11.0,,599.99,"ASUS VivoBook F1605PA-MB147 Intel Core i7-11370H/8GB/512GB SSD/16"" is a laptop by ASUS. Processor: i7-11370H (Intel generation 11). It has 8 GB RAM and 512 GB SSD storage. The screen is 16 inches. Listed price: 600 EUR."
795,"HP Victus 16-E0099NS AMD Ryzen 7 5800H/8GB/512GB SSD/RX 5500M/16.1""",HP,Victus,AMD Ryzen 7,AMD,Ryzen 7,8.0,512.0,SSD,Radeon Pro 5500M,True,16.1,False,EUR,,,False,Ryzen 7 5800H,,Radeon Pro 5500M,864.23,"HP Victus 16-E0099NS AMD Ryzen 7 5800H/8GB/512GB SSD/RX 5500M/16.1"" is a laptop by HP. Processor: Ryzen 7 5800H. It has 8 GB RAM and 512 GB SSD storage. Dedicated graphics: Radeon Pro 5500M. The screen is 16.1 inches. Listed price: 864 EUR."
796,"Microsoft Surface Pro 7 Intel Core i5-1035G4/8 GB/256 GB/12.3"" Negra",Microsoft,Surface Pro,Intel Core i5,Intel,Core i5,8.0,256.0,,,False,12.3,False,EUR,,,False,i5-1035G4,10.0,,1349.0,"Microsoft Surface Pro 7 Intel Core i5-1035G4/8 GB/256 GB/12.3"" Negra is a laptop by Microsoft. Processor: i5-1035G4 (Intel generation 10). It has 8 GB RAM and 256 GB storage. The screen is 12.3 inches. Listed price: 1349 EUR."
797,"HP 15S-FQ4037NS Intel Core i7-1195G7/16GB/512GB SSD/15.6""",HP,15S,Intel Core i7,Intel,Core i7,16.0,512.0,SSD,,False,15.6,False,EUR,,,False,i7-1195G7,11.0,,695.5,"HP 15S-FQ4037NS Intel Core i7-1195G7/16GB/512GB SSD/15.6"" is a laptop by HP. Processor: i7-1195G7 (Intel generation 11). It has 16 GB RAM and 512 GB SSD storage. The screen is 15.6 inches. Listed price: 696 EUR."
798,"MSI Stealth 14 Studio A13VG-048ES Intel Core i7-13700H/32GB/1TB SSD/RTX 4070/14""",MSI,Stealth,Intel Core i7,Intel,Core i7,32.0,1000.0,SSD,RTX 4070,True,14.0,False,EUR,,,False,i7-13700H,13.0,RTX 4070,2699.0,"MSI Stealth 14 Studio A13VG-048ES Intel Core i7-13700H/32GB/1TB SSD/RTX 4070/14"" is a laptop by MSI. Processor: i7-13700H (Intel generation 13). It has 32 GB RAM and 1000 GB SSD storage. Dedicated graphics: RTX 4070. The screen is 14 inches. Listed price: 2699 EUR."
799,ASUS Laptop M515DA AMD Ryzen 5 3500U/12GB/512GB SSD/15.6'' (PT),ASUS,M515,AMD Ryzen 5,AMD,Ryzen 5,12.0,512.0,SSD,,False,15.6,False,EUR,,,False,Ryzen 5 3500U,,,707.51,ASUS Laptop M515DA AMD Ryzen 5 3500U/12GB/512GB SSD/15.6'' (PT) is a laptop by ASUS. Processor: Ryzen 5 3500U. It has 12 GB RAM and 512 GB SSD storage. The screen is 15.6 inches. Listed price: 708 EUR.
800,"LG Gram UltraSlim 15Z90RT-G.AD75B Intel Evo Core i7-1360P/32GB/512GB SSD/15"" OLED",LG,Gram,Intel Evo Core i7,Intel,Core i7,32.0,512.0,SSD,,False,15.0,False,EUR,,,False,i7-1360P,13.0,,2099.0,"LG Gram UltraSlim 15Z90RT-G.AD75B Intel Evo Core i7-1360P/32GB/512GB SSD/15"" OLED is a laptop by LG. Processor: i7-1360P (Intel generation 13). It has 32 GB RAM and 512 GB SSD storage. The screen is 15 inches. Listed price: 2099 EUR."
801,"HP ProBook 640 G8 Intel Core i5-1135G7/8GB/256GB SSD/14""",HP,ProBook,Intel Core i5,Intel,Core i5,8.0,256.0,SSD,,False,14.0,False,EUR,,,False,i5-1135G7,11.0,,764.34,"HP ProBook 640 G8 Intel Core i5-1135G7/8GB/256GB SSD/14"" is a laptop by HP. Processor: i5-1135G7 (Intel generation 11). It has 8 GB RAM and 256 GB SSD storage. The screen is 14 inches. Listed price: 764 EUR."
802,"Dell Latitude 3420 Intel Core i7-1165G7/16GB/512GB SSD/14""",Dell,Latitude,Intel Core i7,Intel,Core i7,16.0,512.0,SSD,,False,14.0,False,EUR,,,False,i7-1165G7,11.0,,999.0,"Dell Latitude 3420 Intel Core i7-1165G7/16GB/512GB SSD/14"" is a laptop by Dell. Processor: i7-1165G7 (Intel generation 11). It has 16 GB RAM and 512 GB SSD storage. The screen is 14 inches. Listed price: 999 EUR."
803,"HP 15S-EQ2070NS AMD Ryzen 7 5700U/12GB/512GB SSD/15.6""",HP,15S,AMD Ryzen 7,AMD,Ryzen 7,12.0,512.0,SSD,,False,15.6,False,EUR,,,False,Ryzen 7 5700U,,,641.0,"HP 15S-EQ2070NS AMD Ryzen 7 5700U/12GB/512GB SSD/15.6"" is a laptop by HP. Processor: Ryzen 7 5700U. It has 12 GB RAM and 512 GB SSD storage. The screen is 15.6 inches. Listed price: 641 EUR."
804,"Medion Akoya E15303 AMD Ryzen 5 4500U/8GB/256GB SSD/15.6""",Medion,Akoya,AMD Ryzen 5,AMD,Ryzen 5,8.0,256.0,SSD,,False,15.6,False,EUR,,,False,Ryzen 5 4500U,,,563.62,"Medion Akoya E15303 AMD Ryzen 5 4500U/8GB/256GB SSD/15.6"" is a laptop by Medion. Processor: Ryzen 5 4500U. It has 8 GB RAM and 256 GB SSD storage. The screen is 15.6 inches. Listed price: 564 EUR."
805,"MSI Summit E13 FlipEvo A12MT-030ES Intel Core i7-1280P/32GB/1TB SSD/13.4"" Táctil",MSI,Summit,Intel Core i7,Intel,Core i7,32.0,1000.0,SSD,,False,13.4,True,EUR,,,False,i7-1280P,12.0,,1899.0,"MSI Summit E13 FlipEvo A12MT-030ES Intel Core i7-1280P/32GB/1TB SSD/13.4"" Táctil is a laptop by MSI. Processor: i7-1280P (Intel generation 12). It has 32 GB RAM and 1000 GB SSD storage. The screen is 13.4 inches, touchscreen. Listed price: 1899 EUR."
806,"Thomson Neo Black Intel Celeron N4020/4GB/64GB eMMC/14.1""",Thomson,Neo,Intel Celeron,Intel,Celeron,4.0,64.0,eMMC,,False,14.1,False,EUR,,,False,Celeron N4020,,,230.83,"Thomson Neo Black Intel Celeron N4020/4GB/64GB eMMC/14.1"" is a laptop by Thomson. Processor: Celeron N4020. It has 4 GB RAM and 64 GB eMMC storage. The screen is 14.1 inches. Listed price: 231 EUR."
807,"PcCom Revolt 3050 Intel Core i5-13500H/16GB/500GB SSD/RTX 3050/15.6""",Pccom,Revolt,Intel Core i5,Intel,Core i5,16.0,500.0,SSD,RTX 3050,True,15.6,False,EUR,,,False,i5-13500H,13.0,RTX 3050,1199.9,"PcCom Revolt 3050 Intel Core i5-13500H/16GB/500GB SSD/RTX 3050/15.6"" is a laptop by Pccom. Processor: i5-13500H (Intel generation 13). It has 16 GB RAM and 500 GB SSD storage. Dedicated graphics: RTX 3050. The screen is 15.6 inches. Listed price: 1200 EUR."
808,"PcCom Revolt 3060 Intel Core i7-12700H/32GB/1TB SSD/RTX 3060/15.6""/Windows 11 Home",Pccom,Revolt,Intel Core i7,Intel,Core i7,32.0,1000.0,SSD,RTX 3060,True,15.6,False,EUR,,,False,i7-12700H,12.0,RTX 3060,1800.01,"PcCom Revolt 3060 Intel Core i7-12700H/32GB/1TB SSD/RTX 3060/15.6""/Windows 11 Home is a laptop by Pccom. Processor: i7-12700H (Intel generation 12). It has 32 GB RAM and 1000 GB SSD storage. Dedicated graphics: RTX 3060. The screen is 15.6 inches. Listed price: 1800 EUR."
809,"LG Gram 17Z90R-G.AD78B Intel Evo Core i7-1360P/32GB/1TB SSD/17""",LG,Gram,Intel Evo Core i7,Intel,Core i7,32.0,1000.0,SSD,,False,17.0,False,EUR,,,False,i7-1360P,13.0,,2199.0,"LG Gram 17Z90R-G.AD78B Intel Evo Core i7-1360P/32GB/1TB SSD/17"" is a laptop by LG. Processor: i7-1360P (Intel generation 13). It has 32 GB RAM and 1000 GB SSD storage. The screen is 17 inches. Listed price: 2199 EUR."
810,"HP 15S-EQ2073NS AMD Ryzen 5 5500U/8GB/512GB SSD/15.6""",HP,15S,AMD Ryzen 5,AMD,Ryzen 5,8.0,512.0,SSD,,False,15.6,False,EUR,,,False,Ryzen 5 5500U,,,479.61,"HP 15S-EQ2073NS AMD Ryzen 5 5500U/8GB/512GB SSD/15.6"" is a laptop by HP. Processor: Ryzen 5 5500U. It has 8 GB RAM and 512 GB SSD storage. The screen is 15.6 inches. Listed price: 480 EUR."
811,"Lenovo ThinkBook 15 G4 IAP Intel Core i5-1235U/16GB/512GB SSD/15.6""",Lenovo,ThinkBook,Intel Core i5,Intel,Core i5,16.0,512.0,SSD,,False,15.6,False,EUR,,,False,i5-1235U,12.0,,1074.0,"Lenovo ThinkBook 15 G4 IAP Intel Core i5-1235U/16GB/512GB SSD/15.6"" is a laptop by Lenovo. Processor: i5-1235U (Intel generation 12). It has 16 GB RAM and 512 GB SSD storage. The screen is 15.6 inches. Listed price: 1074 EUR."
812,"ASUS ExpertBook B1 B1502CBA-EJ0425X Intel Core i5-1235U/16GB/512GB SSD/15.6""",ASUS,ExpertBook,Intel Core i5,Intel,Core i5,16.0,512.0,SSD,,False,15.6,False,EUR,,,False,i5-1235U,12.0,,869.0,"ASUS ExpertBook B1 B1502CBA-EJ0425X Intel Core i5-1235U/16GB/512GB SSD/15.6"" is a laptop by ASUS. Processor: i5-1235U (Intel generation 12). It has 16 GB RAM and 512 GB SSD storage. The screen is 15.6 inches. Listed price: 869 EUR."
813,"Lenovo ThinkPad L14 Gen 3 Intel Core i5-1235U/16GB/512GB SSD/14""",Lenovo,ThinkPad,Intel Core i5,Intel,Core i5,16.0,512.0,SSD,,False,14.0,False,EUR,,,False,i5-1235U,12.0,,1282.0,"Lenovo ThinkPad L14 Gen 3 Intel Core i5-1235U/16GB/512GB SSD/14"" is a laptop by Lenovo. Processor: i5-1235U (Intel generation 12). It has 16 GB RAM and 512 GB SSD storage. The screen is 14 inches. Listed price: 1282 EUR."
814,"HP 15s-fq4108ns i7-1195G7 Intel Core i7-1195G7/8GB/512GB SSD/15.6""",HP,15S,Intel Core i7,Intel,Core i7,8.0,512.0,SSD,,False,15.6,False,EUR,,,False,i7-1195G7,11.0,,630.72,"HP 15s-fq4108ns i7-1195G7 Intel Core i7-1195G7/8GB/512GB SSD/15.6"" is a laptop by HP. Processor: i7-1195G7 (Intel generation 11). It has 8 GB RAM and 512 GB SSD storage. The screen is 15.6 inches. Listed price: 631 EUR."
815,"MSI Modern 15 A5M-010XES AMD Ryzen 5 5500U/8GB/512GB SSD/15.6""",MSI,Modern,AMD Ryzen 5,AMD,Ryzen 5,8.0,512.0,SSD,,False,15.6,False,EUR,,,False,Ryzen 5 5500U,,,720.25,"MSI Modern 15 A5M-010XES AMD Ryzen 5 5500U/8GB/512GB SSD/15.6"" is a laptop by MSI. Processor: Ryzen 5 5500U. It has 8 GB RAM and 512 GB SSD storage. The screen is 15.6 inches. Listed price: 720 EUR."
816,"HP 250 G8 Intel Core i5-1135G7/8 GB/512 GB SSD/15.6""",HP,250,Intel Core i5,Intel,Core i5,8.0,512.0,SSD,,False,15.6,False,EUR,,,False,i5-1135G7,11.0,,549.0,"HP 250 G8 Intel Core i5-1135G7/8 GB/512 GB SSD/15.6"" is a laptop by HP. Processor: i5-1135G7 (Intel generation 11). It has 8 GB RAM and 512 GB SSD storage. The screen is 15.6 inches. Listed price: 549 EUR."
817,"LG Ultra 16U70Q AMD Ryzen 7 5825U/16GB/512GB SSD/16""",LG,Ultra,AMD Ryzen 7,AMD,Ryzen 7,16.0,512.0,SSD,,False,16.0,False,EUR,,,False,Ryzen 7 5825U,,,1299.0,"LG Ultra 16U70Q AMD Ryzen 7 5825U/16GB/512GB SSD/16"" is a laptop by LG. Processor: Ryzen 7 5825U. It has 16 GB RAM and 512 GB SSD storage. The screen is 16 inches. Listed price: 1299 EUR."
818,"Lenovo Yoga 7 14ITL5 Intel Evo Core i7-1165G7/16 GB/512GB SSD/14"" Táctil",Lenovo,Yoga,Intel Evo Core i7,Intel,Core i7,16.0,512.0,SSD,,False,14.0,True,EUR,,,False,i7-1165G7,11.0,,1671.0,"Lenovo Yoga 7 14ITL5 Intel Evo Core i7-1165G7/16 GB/512GB SSD/14"" Táctil is a laptop by Lenovo. Processor: i7-1165G7 (Intel generation 11). It has 16 GB RAM and 512 GB SSD storage. The screen is 14 inches, touchscreen. Listed price: 1671 EUR."
819,"HP 15S-FQ4019NS Intel Core i5-1155G7/8GB/512GB SSD/15.6""",HP,15S,Intel Core i5,Intel,Core i5,8.0,512.0,SSD,,False,15.6,False,EUR,,,False,i5-1155G7,11.0,,568.82,"HP 15S-FQ4019NS Intel Core i5-1155G7/8GB/512GB SSD/15.6"" is a laptop by HP. Processor: i5-1155G7 (Intel generation 11). It has 8 GB RAM and 512 GB SSD storage. The screen is 15.6 inches. Listed price: 569 EUR."
820,"HP 250 G8 2W9A0EA Intel Core i3-1115G4/8GB/256GB SSD/15.6""",HP,250,Intel Core i3,Intel,Core i3,8.0,256.0,SSD,,False,15.6,False,EUR,,,False,i3-1115G4,11.0,,556.59,"HP 250 G8 2W9A0EA Intel Core i3-1115G4/8GB/256GB SSD/15.6"" is a laptop by HP. Processor: i3-1115G4 (Intel generation 11). It has 8 GB RAM and 256 GB SSD storage. The screen is 15.6 inches. Listed price: 557 EUR."
821,"Lenovo IdeaPad 3 Gen 6 14ITL6 Intel Core i5-1135G7/8GB/512GB SSD/14""",Lenovo,IdeaPad,Intel Core i5,Intel,Core i5,8.0,512.0,SSD,,False,14.0,False,EUR,,,False,i5-1135G7,11.0,,844.0,"Lenovo IdeaPad 3 Gen 6 14ITL6 Intel Core i5-1135G7/8GB/512GB SSD/14"" is a laptop by Lenovo. Processor: i5-1135G7 (Intel generation 11). It has 8 GB RAM and 512 GB SSD storage. The screen is 14 inches. Listed price: 844 EUR."
822,"Lenovo Thinkpad E15 Gen 4 Intel Core i5-1235U/16GB/512GB SSD/15.6""",Lenovo,ThinkPad,Intel Core i5,Intel,Core i5,16.0,512.0,SSD,,False,15.6,False,EUR,,,False,i5-1235U,12.0,,1069.0,"Lenovo Thinkpad E15 Gen 4 Intel Core i5-1235U/16GB/512GB SSD/15.6"" is a laptop by Lenovo. Processor: i5-1235U (Intel generation 12). It has 16 GB RAM and 512 GB SSD storage. The screen is 15.6 inches. Listed price: 1069 EUR."
823,"Lenovo V15 G2 ALC AMD Ryzen 7 5700U/8GB/512GB SSD/15.6""",Lenovo,V15,AMD Ryzen 7,AMD,Ryzen 7,8.0,512.0,SSD,,False,15.6,False,EUR,,,False,Ryzen 7 5700U,,,565.01,"Lenovo V15 G2 ALC AMD Ryzen 7 5700U/8GB/512GB SSD/15.6"" is a laptop by Lenovo. Processor: Ryzen 7 5700U. It has 8 GB RAM and 512 GB SSD storage. The screen is 15.6 inches. Listed price: 565 EUR."
824,HP OMEN 16-c0030np AMD Ryzen 7-5800H/16GB/512GB SSD/RTX 3070/16.1'' (PT),HP,Omen,AMD Ryzen 7,AMD,Ryzen 7,16.0,512.0,SSD,RTX 3070,True,16.1,False,EUR,,,False,,,RTX 3070,1580.62,HP OMEN 16-c0030np AMD Ryzen 7-5800H/16GB/512GB SSD/RTX 3070/16.1'' (PT) is a laptop by HP. Processor: AMD Ryzen 7. It has 16 GB RAM and 512 GB SSD storage. Dedicated graphics: RTX 3070. The screen is 16.1 inches. Listed price: 1581 EUR.
825,"Lenovo IdeaPad Flex 5 13ITL6 Chromebook 13ITL6 Intel Core i5-1135G7/8GB/256GB SSD/13.3"" Táctil",Lenovo,IdeaPad,Intel Core i5,Intel,Core i5,8.0,256.0,SSD,,False,13.3,True,EUR,,,False,i5-1135G7,11.0,,779.01,"Lenovo IdeaPad Flex 5 13ITL6 Chromebook 13ITL6 Intel Core i5-1135G7/8GB/256GB SSD/13.3"" Táctil is a laptop by Lenovo. Processor: i5-1135G7 (Intel generation 11). It has 8 GB RAM and 256 GB SSD storage. The screen is 13.3 inches, touchscreen. Listed price: 779 EUR."
826,"Lenovo Yoga Slim 9 14IAP7 Intel Evo Core i7-1280P/16 GB/1TB SSD/14"" Táctil",Lenovo,Yoga,Intel Evo Core i7,Intel,Core i7,16.0,1000.0,SSD,,False,14.0,True,EUR,,,False,i7-1280P,12.0,,1979.0,"Lenovo Yoga Slim 9 14IAP7 Intel Evo Core i7-1280P/16 GB/1TB SSD/14"" Táctil is a laptop by Lenovo. Processor: i7-1280P (Intel generation 12). It has 16 GB RAM and 1000 GB SSD storage. The screen is 14 inches, touchscreen. Listed price: 1979 EUR."
827,"Lenovo Yoga Slim 9 14IAP7 Intel Evo Core i7-1280P/16GB/1TB SSD/14"" Táctil",Lenovo,Yoga,Intel Evo Core i7,Intel,Core i7,16.0,1000.0,SSD,,False,14.0,True,EUR,,,False,i7-1280P,12.0,,2099.0,"Lenovo Yoga Slim 9 14IAP7 Intel Evo Core i7-1280P/16GB/1TB SSD/14"" Táctil is a laptop by Lenovo. Processor: i7-1280P (Intel generation 12). It has 16 GB RAM and 1000 GB SSD storage. The screen is 14 inches, touchscreen. Listed price: 2099 EUR."
828,"Acer ConceptD 3 Pro CN314-73P-77XL Intel Core i7-11800H/16GB/1TB SSD/T1200/14""",Acer,ConceptD,Intel Core i7,Intel,Core i7,16.0,1000.0,SSD,T 1200,True,14.0,False,EUR,,,False,i7-11800H,11.0,T 1200,1899.0,"Acer ConceptD 3 Pro CN314-73P-77XL Intel Core i7-11800H/16GB/1TB SSD/T1200/14"" is a laptop by Acer. Processor: i7-11800H (Intel generation 11). It has 16 GB RAM and 1000 GB SSD storage. Dedicated graphics: T 1200. The screen is 14 inches. Listed price: 1899 EUR."
829,"Acer Nitro 5 AN515-46-R80A AMD Ryzen 5 6600H/16GB/512GB SSD/RTX 3050Ti/15.6""",Acer,Nitro,AMD Ryzen 5,AMD,Ryzen 5,16.0,512.0,SSD,RTX 3050,True,15.6,False,EUR,,,False,Ryzen 5 6600H,,RTX 3050,1559.0,"Acer Nitro 5 AN515-46-R80A AMD Ryzen 5 6600H/16GB/512GB SSD/RTX 3050Ti/15.6"" is a laptop by Acer. Processor: Ryzen 5 6600H. It has 16 GB RAM and 512 GB SSD storage. Dedicated graphics: RTX 3050. The screen is 15.6 inches. Listed price: 1559 EUR."
830,"HP ChromeBook 14b-na0005ns AMD Athlon Silver 3050C/4GB/64GB eMMC/14""",HP,Chromebook,AMD Athlon,AMD,Athlon,4.0,64.0,eMMC,,False,14.0,False,EUR,,,False,,,,399.0,"HP ChromeBook 14b-na0005ns AMD Athlon Silver 3050C/4GB/64GB eMMC/14"" is a laptop by HP. Processor: AMD Athlon. It has 4 GB RAM and 64 GB eMMC storage. The screen is 14 inches. Listed price: 399 EUR."
831,"MSI Pulse GL66 12UGK-465ES Intel Core i7-12700H/16GB/1TB SSD/RTX 3070/15.6""",MSI,Pulse,Intel Core i7,Intel,Core i7,16.0,1000.0,SSD,RTX 3070,True,15.6,False,EUR,,,False,i7-12700H,12.0,RTX 3070,2099.0,"MSI Pulse GL66 12UGK-465ES Intel Core i7-12700H/16GB/1TB SSD/RTX 3070/15.6"" is a laptop by MSI. Processor: i7-12700H (Intel generation 12). It has 16 GB RAM and 1000 GB SSD storage. Dedicated graphics: RTX 3070. The screen is 15.6 inches. Listed price: 2099 EUR."
832,"Razer Blade 15 Advanced Model QHD Intel Core i7-11800H/16 GB/1TB SSD/RTX 3070/15.6""",Razer,Blade,Intel Core i7,Intel,Core i7,16.0,1000.0,SSD,RTX 3070,True,15.6,False,EUR,,,False,i7-11800H,11.0,RTX 3070,2800.0,"Razer Blade 15 Advanced Model QHD Intel Core i7-11800H/16 GB/1TB SSD/RTX 3070/15.6"" is a laptop by Razer. Processor: i7-11800H (Intel generation 11). It has 16 GB RAM and 1000 GB SSD storage. Dedicated graphics: RTX 3070. The screen is 15.6 inches. Listed price: 2800 EUR."
833,"Razer Blade 15 OLED QHD Intel Core i9-12900H/16GB/1TB SSD/RTX 3070Ti/15.6""",Razer,Blade,Intel Core i9,Intel,Core i9,16.0,1000.0,SSD,RTX 3070,True,15.6,False,EUR,,,False,i9-12900H,12.0,RTX 3070,3699.0,"Razer Blade 15 OLED QHD Intel Core i9-12900H/16GB/1TB SSD/RTX 3070Ti/15.6"" is a laptop by Razer. Processor: i9-12900H (Intel generation 12). It has 16 GB RAM and 1000 GB SSD storage. Dedicated graphics: RTX 3070. The screen is 15.6 inches. Listed price: 3699 EUR."
834,"Razer Blade 17 FullHD 360Hz Intel Core i7-12800H/32GB/1TB SSD/RTX 3080Ti/17.3""",Razer,Blade,Intel Core i7,Intel,Core i7,32.0,1000.0,SSD,RTX 3080,True,17.3,False,EUR,,,False,i7-12800H,12.0,RTX 3080,4299.99,"Razer Blade 17 FullHD 360Hz Intel Core i7-12800H/32GB/1TB SSD/RTX 3080Ti/17.3"" is a laptop by Razer. Processor: i7-12800H (Intel generation 12). It has 32 GB RAM and 1000 GB SSD storage. Dedicated graphics: RTX 3080. The screen is 17.3 inches. Listed price: 4300 EUR."
835,"Samsung Galaxy Book2 Intel Core i5-1235U/8 GB/256GB SSD/15.6""",Samsung,Galaxy Book,Intel Core i5,Intel,Core i5,8.0,256.0,SSD,,False,15.6,False,EUR,,,False,i5-1235U,12.0,,849.01,"Samsung Galaxy Book2 Intel Core i5-1235U/8 GB/256GB SSD/15.6"" is a laptop by Samsung. Processor: i5-1235U (Intel generation 12). It has 8 GB RAM and 256 GB SSD storage. The screen is 15.6 inches. Listed price: 849 EUR."
836,"Samsung Galaxy Book2 Pro Intel Evo Core i5-1240P/16GB/512GB SSD/13.3""",Samsung,Galaxy Book,Intel Evo Core i5,Intel,Core i5,16.0,512.0,SSD,,False,13.3,False,EUR,,,False,i5-1240P,12.0,,1349.0,"Samsung Galaxy Book2 Pro Intel Evo Core i5-1240P/16GB/512GB SSD/13.3"" is a laptop by Samsung. Processor: i5-1240P (Intel generation 12). It has 16 GB RAM and 512 GB SSD storage. The screen is 13.3 inches. Listed price: 1349 EUR."
837,"Samsung Galaxy Book3 Pro Intel Evo Core i7-1360P/16GB/512GB SSD/16"" + Microsoft 365 Personal 12 Meses Descarga Digital",Samsung,Galaxy Book,Intel Evo Core i7,Intel,Core i7,16.0,512.0,SSD,,False,16.0,False,EUR,,,False,i7-1360P,13.0,,2050.99,"Samsung Galaxy Book3 Pro Intel Evo Core i7-1360P/16GB/512GB SSD/16"" + Microsoft 365 Personal 12 Meses Descarga Digital is a laptop by Samsung. Processor: i7-1360P (Intel generation 13). It has 16 GB RAM and 512 GB SSD storage. The screen is 16 inches. Listed price: 2051 EUR."
838,"HP ZBook Firefly 16 G9 Intel Core i7-1265U/32GB/1TB SSD/QUADRO T500/16""",HP,Zbook,Intel Core i7,Intel,Core i7,32.0,1000.0,SSD,T 500,True,16.0,False,EUR,,,False,i7-1265U,12.0,T 500,2149.4,"HP ZBook Firefly 16 G9 Intel Core i7-1265U/32GB/1TB SSD/QUADRO T500/16"" is a laptop by HP. Processor: i7-1265U (Intel generation 12). It has 32 GB RAM and 1000 GB SSD storage. Dedicated graphics: T 500. The screen is 16 inches. Listed price: 2149 EUR."
839,"Lenovo Yoga Slim 7 ProX 14IAH7 Intel Evo Core i7-12700H/16GB/512GB SSD/14.5""",Lenovo,Yoga,Intel Evo Core i7,Intel,Core i7,16.0,512.0,SSD,,False,14.5,False,EUR,,,False,i7-12700H,12.0,,1561.0,"Lenovo Yoga Slim 7 ProX 14IAH7 Intel Evo Core i7-12700H/16GB/512GB SSD/14.5"" is a laptop by Lenovo. Processor: i7-12700H (Intel generation 12). It has 16 GB RAM and 512 GB SSD storage. The screen is 14.5 inches. Listed price: 1561 EUR."
840,"Acer ConceptD 7 Ezel CC715-72G-72AS Intel Core i7-11800H/32GB/1TB SSD/RTX 3080/15.6"" Táctil",Acer,ConceptD,Intel Core i7,Intel,Core i7,32.0,1000.0,SSD,RTX 3080,True,15.6,True,EUR,,,False,i7-11800H,11.0,RTX 3080,3691.0,"Acer ConceptD 7 Ezel CC715-72G-72AS Intel Core i7-11800H/32GB/1TB SSD/RTX 3080/15.6"" Táctil is a laptop by Acer. Processor: i7-11800H (Intel generation 11). It has 32 GB RAM and 1000 GB SSD storage. Dedicated graphics: RTX 3080. The screen is 15.6 inches, touchscreen. Listed price: 3691 EUR."
841,"HP ZBook Studio G9 Intel Core i7-12700H/32GB/512GB SSD/RTX A1000/16""",HP,Zbook,Intel Core i7,Intel,Core i7,32.0,512.0,SSD,RTX A1000,True,16.0,False,EUR,,,False,i7-12700H,12.0,RTX A1000,2866.16,"HP ZBook Studio G9 Intel Core i7-12700H/32GB/512GB SSD/RTX A1000/16"" is a laptop by HP. Processor: i7-12700H (Intel generation 12). It has 32 GB RAM and 512 GB SSD storage. Dedicated graphics: RTX A1000. The screen is 16 inches. Listed price: 2866 EUR."
842,"Microsoft Surface Pro 9 Platino Intel Evo Core i5-1235U/16GB/256GB SSD/13"" Táctil",Microsoft,Surface Pro,Intel Evo Core i5,Intel,Core i5,16.0,256.0,SSD,,False,13.0,True,EUR,,,False,i5-1235U,12.0,,1778.0,"Microsoft Surface Pro 9 Platino Intel Evo Core i5-1235U/16GB/256GB SSD/13"" Táctil is a laptop by Microsoft. Processor: i5-1235U (Intel generation 12). It has 16 GB RAM and 256 GB SSD storage. The screen is 13 inches, touchscreen. Listed price: 1778 EUR."
843,"Samsung Galaxy Book3 360 Intel Evo Core i5/16GB/512GB SSD/13.3"" Táctil + Microsoft 365 Personal 12 Meses Descarga Digital",Samsung,Galaxy Book,Intel Evo Core i5,Intel,Core i5,16.0,512.0,SSD,,False,13.3,True,EUR,,,False,,,,1561.0,"Samsung Galaxy Book3 360 Intel Evo Core i5/16GB/512GB SSD/13.3"" Táctil + Microsoft 365 Personal 12 Meses Descarga Digital is a laptop by Samsung. Processor: Intel Evo Core i5. It has 16 GB RAM and 512 GB SSD storage. The screen is 13.3 inches, touchscreen. Listed price: 1561 EUR."
844,"Razer Blade 16 QHD+ Intel Core i9-13950HX/32GB/1TB SSD/RTX 4080/16""",Razer,Blade,Intel Core i9,Intel,Core i9,32.0,1000.0,SSD,RTX 4080,True,16.0,False,EUR,,,False,i9-13950HX,13.0,RTX 4080,4199.91,"Razer Blade 16 QHD+ Intel Core i9-13950HX/32GB/1TB SSD/RTX 4080/16"" is a laptop by Razer. Processor: i9-13950HX (Intel generation 13). It has 32 GB RAM and 1000 GB SSD storage. Dedicated graphics: RTX 4080. The screen is 16 inches. Listed price: 4200 EUR."
845,"HP 15S-FQ3012NS Intel Celeron N4500/8GB/512GB SSD/15.6""",HP,15S,Intel Celeron,Intel,Celeron,8.0,512.0,SSD,,False,15.6,False,EUR,,,False,Celeron N4500,,,392.0,"HP 15S-FQ3012NS Intel Celeron N4500/8GB/512GB SSD/15.6"" is a laptop by HP. Processor: Celeron N4500. It has 8 GB RAM and 512 GB SSD storage. The screen is 15.6 inches. Listed price: 392 EUR."
846,"Samsung Galaxy Book2 Business Intel Core i7-1260P/16GB/512GB SSD/14""",Samsung,Galaxy Book,Intel Core i7,Intel,Core i7,16.0,512.0,SSD,,False,14.0,False,EUR,,,False,i7-1260P,12.0,,1599.0,"Samsung Galaxy Book2 Business Intel Core i7-1260P/16GB/512GB SSD/14"" is a laptop by Samsung. Processor: i7-1260P (Intel generation 12). It has 16 GB RAM and 512 GB SSD storage. The screen is 14 inches. Listed price: 1599 EUR."
847,"ASUS ExpertBook B1 B1502CBA-EJ0433 Intel Core i3-1215U/8GB/256GB SSD/15.6""",ASUS,ExpertBook,Intel Core i3,Intel,Core i3,8.0,256.0,SSD,,False,15.6,False,EUR,,,False,i3-1215U,12.0,,445.99,"ASUS ExpertBook B1 B1502CBA-EJ0433 Intel Core i3-1215U/8GB/256GB SSD/15.6"" is a laptop by ASUS. Processor: i3-1215U (Intel generation 12). It has 8 GB RAM and 256 GB SSD storage. The screen is 15.6 inches. Listed price: 446 EUR."
848,"Deep Gaming Nubian 17 Intel Core i7-13700H/32GB/1TB SSD/RTX 3050/17.3""",Deep Gaming,Nubian,Intel Core i7,Intel,Core i7,32.0,1000.0,SSD,RTX 3050,True,17.3,False,EUR,,,False,i7-13700H,13.0,RTX 3050,1549.01,"Deep Gaming Nubian 17 Intel Core i7-13700H/32GB/1TB SSD/RTX 3050/17.3"" is a laptop by Deep Gaming. Processor: i7-13700H (Intel generation 13). It has 32 GB RAM and 1000 GB SSD storage. Dedicated graphics: RTX 3050. The screen is 17.3 inches. Listed price: 1549 EUR."
849,"HP Essential 250 G8 Intel Core i3-1115G4/8GB/256GB SSD/15.6""",HP,250,Intel Core i3,Intel,Core i3,8.0,256.0,SSD,,False,15.6,False,EUR,,,False,i3-1115G4,11.0,,831.12,"HP Essential 250 G8 Intel Core i3-1115G4/8GB/256GB SSD/15.6"" is a laptop by HP. Processor: i3-1115G4 (Intel generation 11). It has 8 GB RAM and 256 GB SSD storage. The screen is 15.6 inches. Listed price: 831 EUR."
850,"HP ProBook 440 G9 Intel Core i5-1235U/8GB/256GB SSD/14""",HP,ProBook,Intel Core i5,Intel,Core i5,8.0,256.0,SSD,,False,14.0,False,EUR,,,False,i5-1235U,12.0,,869.14,"HP ProBook 440 G9 Intel Core i5-1235U/8GB/256GB SSD/14"" is a laptop by HP. Processor: i5-1235U (Intel generation 12). It has 8 GB RAM and 256 GB SSD storage. The screen is 14 inches. Listed price: 869 EUR."
851,"Lenovo V15 IIL Intel Core i3-1005G1/8GB/512GB SSD/15.6""",Lenovo,V15,Intel Core i3,Intel,Core i3,8.0,512.0,SSD,,False,15.6,False,EUR,,,False,i3-1005G1,10.0,,773.6,"Lenovo V15 IIL Intel Core i3-1005G1/8GB/512GB SSD/15.6"" is a laptop by Lenovo. Processor: i3-1005G1 (Intel generation 10). It has 8 GB RAM and 512 GB SSD storage. The screen is 15.6 inches. Listed price: 774 EUR."
852,"MSI Katana GF66 12UC-873XES Intel Core i5-12450H/16GB/512GB SSD/RTX 3050/15.6""",MSI,Katana,Intel Core i5,Intel,Core i5,16.0,512.0,SSD,RTX 3050,True,15.6,False,EUR,,,False,i5-12450H,12.0,RTX 3050,875.06,"MSI Katana GF66 12UC-873XES Intel Core i5-12450H/16GB/512GB SSD/RTX 3050/15.6"" is a laptop by MSI. Processor: i5-12450H (Intel generation 12). It has 16 GB RAM and 512 GB SSD storage. Dedicated graphics: RTX 3050. The screen is 15.6 inches. Listed price: 875 EUR."
853,"MSI Pulse GL66 12UEK-034ES Intel Core i7-12700H/32GB/1TB SSD/RTX 3060/15.6""",MSI,Pulse,Intel Core i7,Intel,Core i7,32.0,1000.0,SSD,RTX 3060,True,15.6,False,EUR,,,False,i7-12700H,12.0,RTX 3060,2217.07,"MSI Pulse GL66 12UEK-034ES Intel Core i7-12700H/32GB/1TB SSD/RTX 3060/15.6"" is a laptop by MSI. Processor: i7-12700H (Intel generation 12). It has 32 GB RAM and 1000 GB SSD storage. Dedicated graphics: RTX 3060. The screen is 15.6 inches. Listed price: 2217 EUR."
854,"Dell Vostro 5620 Intel Core i7-1260P/16GB/512GB SSD/16""",Dell,Vostro,Intel Core i7,Intel,Core i7,16.0,512.0,SSD,,False,16.0,False,EUR,,,False,i7-1260P,12.0,,1092.52,"Dell Vostro 5620 Intel Core i7-1260P/16GB/512GB SSD/16"" is a laptop by Dell. Processor: i7-1260P (Intel generation 12). It has 16 GB RAM and 512 GB SSD storage. The screen is 16 inches. Listed price: 1093 EUR."
855,"ASUS F515EA-BQ3062X Intel Core i3-1115G4/8GB/512GB SSD/15.6""",ASUS,F515,Intel Core i3,Intel,Core i3,8.0,512.0,SSD,,False,15.6,False,EUR,,,False,i3-1115G4,11.0,,550.6,"ASUS F515EA-BQ3062X Intel Core i3-1115G4/8GB/512GB SSD/15.6"" is a laptop by ASUS. Processor: i3-1115G4 (Intel generation 11). It has 8 GB RAM and 512 GB SSD storage. The screen is 15.6 inches. Listed price: 551 EUR."
856,"HP 15S-EQ1137NS AMD Athlon Silver 3050U/8GB/256GB SSD/15.6""",HP,15S,AMD Athlon,AMD,Athlon,8.0,256.0,SSD,,False,15.6,False,EUR,,,False,,,,391.02,"HP 15S-EQ1137NS AMD Athlon Silver 3050U/8GB/256GB SSD/15.6"" is a laptop by HP. Processor: AMD Athlon. It has 8 GB RAM and 256 GB SSD storage. The screen is 15.6 inches. Listed price: 391 EUR."
857,"HP 15S-EQ1148NS AMD Athlon Silver 3050U/8GB/512GB/15.6""",HP,15S,AMD Athlon,AMD,Athlon,8.0,512.0,,,False,15.6,False,EUR,,,False,,,,406.0,"HP 15S-EQ1148NS AMD Athlon Silver 3050U/8GB/512GB/15.6"" is a laptop by HP. Processor: AMD Athlon. It has 8 GB RAM and 512 GB storage. The screen is 15.6 inches. Listed price: 406 EUR."
858,"HP 15S-EQ1160NS AMD 3020e/4GB/128GB SSD/15.6""",HP,15S,AMD 3020e,AMD,,4.0,128.0,SSD,,False,15.6,False,EUR,,,False,,,,381.76,"HP 15S-EQ1160NS AMD 3020e/4GB/128GB SSD/15.6"" is a laptop by HP. Processor: AMD 3020e. It has 4 GB RAM and 128 GB SSD storage. The screen is 15.6 inches. Listed price: 382 EUR."
859,"HP 15S-FQ4104NS Intel Core i5-1155G7/8GB/256GB SSD/15.6""",HP,15S,Intel Core i5,Intel,Core i5,8.0,256.0,SSD,,False,15.6,False,EUR,,,False,i5-1155G7,11.0,,494.81,"HP 15S-FQ4104NS Intel Core i5-1155G7/8GB/256GB SSD/15.6"" is a laptop by HP. Processor: i5-1155G7 (Intel generation 11). It has 8 GB RAM and 256 GB SSD storage. The screen is 15.6 inches. Listed price: 495 EUR."
860,"HP EliteBook 840 G8 Intel Core i5-1135G7/8 GB/256GB SSD/14""",HP,EliteBook,Intel Core i5,Intel,Core i5,8.0,256.0,SSD,,False,14.0,False,EUR,,,False,i5-1135G7,11.0,,750.73,"HP EliteBook 840 G8 Intel Core i5-1135G7/8 GB/256GB SSD/14"" is a laptop by HP. Processor: i5-1135G7 (Intel generation 11). It has 8 GB RAM and 256 GB SSD storage. The screen is 14 inches. Listed price: 751 EUR."
861,"HP Victus 16-e1017ns AMD Ryzen 5 6600H/16GB/512GB SSD/RTX 3050/16.1""",HP,Victus,AMD Ryzen 5,AMD,Ryzen 5,16.0,512.0,SSD,RTX 3050,True,16.1,False,EUR,,,False,Ryzen 5 6600H,,RTX 3050,1120.0,"HP Victus 16-e1017ns AMD Ryzen 5 6600H/16GB/512GB SSD/RTX 3050/16.1"" is a laptop by HP. Processor: Ryzen 5 6600H. It has 16 GB RAM and 512 GB SSD storage. Dedicated graphics: RTX 3050. The screen is 16.1 inches. Listed price: 1120 EUR."
862,"Lenovo ThinkPad L15 Gen 2 Intel Core i5-1145G7/16GB/256GB SSD/15.6""",Lenovo,ThinkPad,Intel Core i5,Intel,Core i5,16.0,256.0,SSD,,False,15.6,False,EUR,,,False,i5-1145G7,11.0,,969.0,"Lenovo ThinkPad L15 Gen 2 Intel Core i5-1145G7/16GB/256GB SSD/15.6"" is a laptop by Lenovo. Processor: i5-1145G7 (Intel generation 11). It has 16 GB RAM and 256 GB SSD storage. The screen is 15.6 inches. Listed price: 969 EUR."
863,"MSI Raider GE78HX 13VI-063ES Intel Core i9-13980HX/64GB/2TB SSD/RTX 4090/17""",MSI,Raider,Intel Core i9,Intel,Core i9,64.0,2000.0,SSD,RTX 4090,True,17.0,False,EUR,,,False,i9-13980HX,13.0,RTX 4090,5199.0,"MSI Raider GE78HX 13VI-063ES Intel Core i9-13980HX/64GB/2TB SSD/RTX 4090/17"" is a laptop by MSI. Processor: i9-13980HX (Intel generation 13). It has 64 GB RAM and 2000 GB SSD storage. Dedicated graphics: RTX 4090. The screen is 17 inches. Listed price: 5199 EUR."
864,"Medion Classmate Pro E14409 MD62157 Intel Core i3-1005G1/4GB/128GB SSD/14""",Medion,Classmate Pro,Intel Core i3,Intel,Core i3,4.0,128.0,SSD,,False,14.0,False,EUR,,,False,i3-1005G1,10.0,,273.61,"Medion Classmate Pro E14409 MD62157 Intel Core i3-1005G1/4GB/128GB SSD/14"" is a laptop by Medion. Processor: i3-1005G1 (Intel generation 10). It has 4 GB RAM and 128 GB SSD storage. The screen is 14 inches. Listed price: 274 EUR."
865,"Lenovo V15 G2 ALC AMD Ryzen 7-5700U/8GB/256GB SSD/15.6""",Lenovo,V15,AMD Ryzen 7,AMD,Ryzen 7,8.0,256.0,SSD,,False,15.6,False,EUR,,,False,,,,628.99,"Lenovo V15 G2 ALC AMD Ryzen 7-5700U/8GB/256GB SSD/15.6"" is a laptop by Lenovo. Processor: AMD Ryzen 7. It has 8 GB RAM and 256 GB SSD storage. The screen is 15.6 inches. Listed price: 629 EUR."
866,"HP Victus 16-E0073NS AMD Ryzen 7 5800H/8GB/512GB SSD/RX 5500M/16.1""",HP,Victus,AMD Ryzen 7,AMD,Ryzen 7,8.0,512.0,SSD,Radeon Pro 5500M,True,16.1,False,EUR,,,False,Ryzen 7 5800H,,Radeon Pro 5500M,982.0,"HP Victus 16-E0073NS AMD Ryzen 7 5800H/8GB/512GB SSD/RX 5500M/16.1"" is a laptop by HP. Processor: Ryzen 7 5800H. It has 8 GB RAM and 512 GB SSD storage. Dedicated graphics: Radeon Pro 5500M. The screen is 16.1 inches. Listed price: 982 EUR."
867,"Acer Aspire 3 A315-56-519X Intel Core i5-1035G1/8GB/256GB SSD/15.6""",Acer,Aspire,Intel Core i5,Intel,Core i5,8.0,256.0,SSD,,False,15.6,False,EUR,,,False,i5-1035G1,10.0,,474.86,"Acer Aspire 3 A315-56-519X Intel Core i5-1035G1/8GB/256GB SSD/15.6"" is a laptop by Acer. Processor: i5-1035G1 (Intel generation 10). It has 8 GB RAM and 256 GB SSD storage. The screen is 15.6 inches. Listed price: 475 EUR."
868,"Dell Vostro 3420 Intel Core i5-1135G7/8GB/256GB SSD/14"" (PT)",Dell,Vostro,Intel Core i5,Intel,Core i5,8.0,256.0,SSD,,False,14.0,False,EUR,,,False,i5-1135G7,11.0,,697.36,"Dell Vostro 3420 Intel Core i5-1135G7/8GB/256GB SSD/14"" (PT) is a laptop by Dell. Processor: i5-1135G7 (Intel generation 11). It has 8 GB RAM and 256 GB SSD storage. The screen is 14 inches. Listed price: 697 EUR."
869,"ASUS VivoBook Flip 14 TP401MA-EC448W Intel Celeron N4020/4GB/256GB SSD/14"" Táctil",ASUS,VivoBook,Intel Celeron,Intel,Celeron,4.0,256.0,SSD,,False,14.0,True,EUR,,,False,Celeron N4020,,,398.01,"ASUS VivoBook Flip 14 TP401MA-EC448W Intel Celeron N4020/4GB/256GB SSD/14"" Táctil is a laptop by ASUS. Processor: Celeron N4020. It has 4 GB RAM and 256 GB SSD storage. The screen is 14 inches, touchscreen. Listed price: 398 EUR."
870,"Asus Chromebook C204MA-GJ0342 Intel Celeron N4020/4GB/32GB eMMC/11.6""",ASUS,Chromebook,Intel Celeron,Intel,Celeron,4.0,32.0,eMMC,,False,11.6,False,EUR,,,False,Celeron N4020,,,239.25,"Asus Chromebook C204MA-GJ0342 Intel Celeron N4020/4GB/32GB eMMC/11.6"" is a laptop by ASUS. Processor: Celeron N4020. It has 4 GB RAM and 32 GB eMMC storage. The screen is 11.6 inches. Listed price: 239 EUR."
871,"HP 15S-EQ1126NS AMD Athlon Silver 3050U/8GB/256GB SSD/15.6""",HP,15S,AMD Athlon,AMD,Athlon,8.0,256.0,SSD,,False,15.6,False,EUR,,,False,,,,384.27,"HP 15S-EQ1126NS AMD Athlon Silver 3050U/8GB/256GB SSD/15.6"" is a laptop by HP. Processor: AMD Athlon. It has 8 GB RAM and 256 GB SSD storage. The screen is 15.6 inches. Listed price: 384 EUR."
872,"HP 255 G7 AMD Ryzen 3 3200U/8 GB/256GB SSD/15.6""",HP,255,AMD Ryzen 3,AMD,Ryzen 3,8.0,256.0,SSD,,False,15.6,False,EUR,,,False,Ryzen 3 3200U,,,556.22,"HP 255 G7 AMD Ryzen 3 3200U/8 GB/256GB SSD/15.6"" is a laptop by HP. Processor: Ryzen 3 3200U. It has 8 GB RAM and 256 GB SSD storage. The screen is 15.6 inches. Listed price: 556 EUR."
873,"Lenovo 100e Intel Celeron N4000/4GB/128GB SSD/11.6""",Lenovo,100e,Intel Celeron,Intel,Celeron,4.0,128.0,SSD,,False,11.6,False,EUR,,,False,Celeron N4000,,,350.0,"Lenovo 100e Intel Celeron N4000/4GB/128GB SSD/11.6"" is a laptop by Lenovo. Processor: Celeron N4000. It has 4 GB RAM and 128 GB SSD storage. The screen is 11.6 inches. Listed price: 350 EUR."
874,"Lenovo ThinkPad P16s Gen 1 Intel Core i7-1260P/32GB/1TB SSD/Quadro T550/16""",Lenovo,ThinkPad,Intel Core i7,Intel,Core i7,32.0,1000.0,SSD,T 550,True,16.0,False,EUR,,,False,i7-1260P,12.0,T 550,2575.0,"Lenovo ThinkPad P16s Gen 1 Intel Core i7-1260P/32GB/1TB SSD/Quadro T550/16"" is a laptop by Lenovo. Processor: i7-1260P (Intel generation 12). It has 32 GB RAM and 1000 GB SSD storage. Dedicated graphics: T 550. The screen is 16 inches. Listed price: 2575 EUR."
875,"Lenovo Thinkpad P17 Gen 2 Intel Core i7-11850H/32GB/1TB SSD/RTX A3000/17.3""",Lenovo,ThinkPad,Intel Core i7,Intel,Core i7,32.0,1000.0,SSD,RTX A3000,True,17.3,False,EUR,,,False,i7-11850H,11.0,RTX A3000,3496.86,"Lenovo Thinkpad P17 Gen 2 Intel Core i7-11850H/32GB/1TB SSD/RTX A3000/17.3"" is a laptop by Lenovo. Processor: i7-11850H (Intel generation 11). It has 32 GB RAM and 1000 GB SSD storage. Dedicated graphics: RTX A3000. The screen is 17.3 inches. Listed price: 3497 EUR."
876,"MSI Katana 17 B13VEK-298ES Intel Core i7-13620H/16GB/1TB SSD/RTX 4050/17.3""",MSI,Katana,Intel Core i7,Intel,Core i7,16.0,1000.0,SSD,RTX 4050,True,17.3,False,EUR,,,False,i7-13620H,13.0,RTX 4050,1496.56,"MSI Katana 17 B13VEK-298ES Intel Core i7-13620H/16GB/1TB SSD/RTX 4050/17.3"" is a laptop by MSI. Processor: i7-13620H (Intel generation 13). It has 16 GB RAM and 1000 GB SSD storage. Dedicated graphics: RTX 4050. The screen is 17.3 inches. Listed price: 1497 EUR."
877,"Microsoft Surface Go 3 Business 4G LTE Intel Core i3-10100Y/8 GB/128GB SSD/10.5"" Táctil Platino",Microsoft,Surface Go,Intel Core i3,Intel,Core i3,8.0,128.0,SSD,,False,10.5,True,EUR,,,False,i3-10100Y,10.0,,853.59,"Microsoft Surface Go 3 Business 4G LTE Intel Core i3-10100Y/8 GB/128GB SSD/10.5"" Táctil Platino is a laptop by Microsoft. Processor: i3-10100Y (Intel generation 10). It has 8 GB RAM and 128 GB SSD storage. The screen is 10.5 inches, touchscreen. Listed price: 854 EUR."
878,"Vant Moove3-14 Intel Core i5-1135G7/16GB/500GB SSD/14""",Vant,Moove,Intel Core i5,Intel,Core i5,16.0,500.0,SSD,,False,14.0,False,EUR,,,False,i5-1135G7,11.0,,645.99,"Vant Moove3-14 Intel Core i5-1135G7/16GB/500GB SSD/14"" is a laptop by Vant. Processor: i5-1135G7 (Intel generation 11). It has 16 GB RAM and 500 GB SSD storage. The screen is 14 inches. Listed price: 646 EUR."
879,"Asus F515JA-BR1164T Intel Core i3-1005G1/8GB/256GB SSD/15.6""",ASUS,F515,Intel Core i3,Intel,Core i3,8.0,256.0,SSD,,False,15.6,False,EUR,,,False,i3-1005G1,10.0,,650.36,"Asus F515JA-BR1164T Intel Core i3-1005G1/8GB/256GB SSD/15.6"" is a laptop by ASUS. Processor: i3-1005G1 (Intel generation 10). It has 8 GB RAM and 256 GB SSD storage. The screen is 15.6 inches. Listed price: 650 EUR."
880,"Lenovo ThinkBook 13s G4 Intel Core i5-1240P/16GB/512GB SSD/13.3""",Lenovo,ThinkBook,Intel Core i5,Intel,Core i5,16.0,512.0,SSD,,False,13.3,False,EUR,,,False,i5-1240P,12.0,,1310.61,"Lenovo ThinkBook 13s G4 Intel Core i5-1240P/16GB/512GB SSD/13.3"" is a laptop by Lenovo. Processor: i5-1240P (Intel generation 12). It has 16 GB RAM and 512 GB SSD storage. The screen is 13.3 inches. Listed price: 1311 EUR."
881,"ASUS ExpertBook B1 B1502CBA-EJ0426X Intel Core i7-1255U/16GB/512GB SSD/15.6""",ASUS,ExpertBook,Intel Core i7,Intel,Core i7,16.0,512.0,SSD,,False,15.6,False,EUR,,,False,i7-1255U,12.0,,950.53,"ASUS ExpertBook B1 B1502CBA-EJ0426X Intel Core i7-1255U/16GB/512GB SSD/15.6"" is a laptop by ASUS. Processor: i7-1255U (Intel generation 12). It has 16 GB RAM and 512 GB SSD storage. The screen is 15.6 inches. Listed price: 951 EUR."
882,"HP 250 G9 Intel Celeron N4500/8GB/256GB SSD/15.6""",HP,250,Intel Celeron,Intel,Celeron,8.0,256.0,SSD,,False,15.6,False,EUR,,,False,Celeron N4500,,,357.64,"HP 250 G9 Intel Celeron N4500/8GB/256GB SSD/15.6"" is a laptop by HP. Processor: Celeron N4500. It has 8 GB RAM and 256 GB SSD storage. The screen is 15.6 inches. Listed price: 358 EUR."
883,"HP 250 G9 Intel Core i3-1215U/8GB/256GB SSD/15.6""",HP,250,Intel Core i3,Intel,Core i3,8.0,256.0,SSD,,False,15.6,False,EUR,,,False,i3-1215U,12.0,,634.05,"HP 250 G9 Intel Core i3-1215U/8GB/256GB SSD/15.6"" is a laptop by HP. Processor: i3-1215U (Intel generation 12). It has 8 GB RAM and 256 GB SSD storage. The screen is 15.6 inches. Listed price: 634 EUR."
884,"HP EliteBook 860 G9 Intel Core i7-1255U/32GB/1TB SSD/16""",HP,EliteBook,Intel Core i7,Intel,Core i7,32.0,1000.0,SSD,,False,16.0,False,EUR,,,False,i7-1255U,12.0,,1735.35,"HP EliteBook 860 G9 Intel Core i7-1255U/32GB/1TB SSD/16"" is a laptop by HP. Processor: i7-1255U (Intel generation 12). It has 32 GB RAM and 1000 GB SSD storage. The screen is 16 inches. Listed price: 1735 EUR."
885,"Alurin Flex Advance Intel Core i5-1155G7/16GB/500GB SSD/14"" + Windows 11 Home",Alurin,Flex Advance,Intel Core i5,Intel,Core i5,16.0,500.0,SSD,,False,14.0,False,EUR,,,False,i5-1155G7,11.0,,629.01,"Alurin Flex Advance Intel Core i5-1155G7/16GB/500GB SSD/14"" + Windows 11 Home is a laptop by Alurin. Processor: i5-1155G7 (Intel generation 11). It has 16 GB RAM and 500 GB SSD storage. The screen is 14 inches. Listed price: 629 EUR."
886,"Lenovo IdeaPad Flex 5 14ALC05 AMD Ryzen 7 5700U/16GB/512GB SSD/14""",Lenovo,IdeaPad,AMD Ryzen 7,AMD,Ryzen 7,16.0,512.0,SSD,,False,14.0,False,EUR,,,False,Ryzen 7 5700U,,,1058.0,"Lenovo IdeaPad Flex 5 14ALC05 AMD Ryzen 7 5700U/16GB/512GB SSD/14"" is a laptop by Lenovo. Processor: Ryzen 7 5700U. It has 16 GB RAM and 512 GB SSD storage. The screen is 14 inches. Listed price: 1058 EUR."
887,"MSI Creator Z17 HX Studio A13VGT-044ES Intel Core i9-13950HX/32GB/1TB SSD/RTX 4070/17"" Táctil",MSI,Creator,Intel Core i9,Intel,Core i9,32.0,1000.0,SSD,RTX 4070,True,17.0,True,EUR,,,False,i9-13950HX,13.0,RTX 4070,3175.35,"MSI Creator Z17 HX Studio A13VGT-044ES Intel Core i9-13950HX/32GB/1TB SSD/RTX 4070/17"" Táctil is a laptop by MSI. Processor: i9-13950HX (Intel generation 13). It has 32 GB RAM and 1000 GB SSD storage. Dedicated graphics: RTX 4070. The screen is 17 inches, touchscreen. Listed price: 3175 EUR."
888,"Lenovo IdeaPad D330-10IGM Intel Celeron N4000/4GB/64GB eMMC/10.1"" Táctil",Lenovo,IdeaPad,Intel Celeron,Intel,Celeron,4.0,64.0,eMMC,,False,10.1,True,EUR,,,False,Celeron N4000,,,324.0,"Lenovo IdeaPad D330-10IGM Intel Celeron N4000/4GB/64GB eMMC/10.1"" Táctil is a laptop by Lenovo. Processor: Celeron N4000. It has 4 GB RAM and 64 GB eMMC storage. The screen is 10.1 inches, touchscreen. Listed price: 324 EUR."
889,"Microsoft Surface Laptop 5 Negro Intel Evo Core i7-1265U/16GB/512GB SSD/15"" Táctil",Microsoft,Surface Laptop,Intel Evo Core i7,Intel,Core i7,16.0,512.0,SSD,,False,15.0,True,EUR,,,False,i7-1265U,12.0,,2310.0,"Microsoft Surface Laptop 5 Negro Intel Evo Core i7-1265U/16GB/512GB SSD/15"" Táctil is a laptop by Microsoft. Processor: i7-1265U (Intel generation 12). It has 16 GB RAM and 512 GB SSD storage. The screen is 15 inches, touchscreen. Listed price: 2310 EUR."
890,"Microsoft Surface Laptop Studio Intel Core i7-11370H/32GB/1TB SSD/RTX 3050Ti/14.4"" Táctil Platino",Microsoft,Surface Laptop,Intel Core i7,Intel,Core i7,32.0,1000.0,SSD,RTX 3050,True,14.4,True,EUR,,,False,i7-11370H,11.0,RTX 3050,2799.0,"Microsoft Surface Laptop Studio Intel Core i7-11370H/32GB/1TB SSD/RTX 3050Ti/14.4"" Táctil Platino is a laptop by Microsoft. Processor: i7-11370H (Intel generation 11). It has 32 GB RAM and 1000 GB SSD storage. Dedicated graphics: RTX 3050. The screen is 14.4 inches, touchscreen. Listed price: 2799 EUR."
891,"HP 15S-eq2093ns AMD Ryzen 3 5300U/8GB/512GB SSD/15.6""",HP,15S,AMD Ryzen 3,AMD,Ryzen 3,8.0,512.0,SSD,,False,15.6,False,EUR,,,False,Ryzen 3 5300U,,,470.44,"HP 15S-eq2093ns AMD Ryzen 3 5300U/8GB/512GB SSD/15.6"" is a laptop by HP. Processor: Ryzen 3 5300U. It has 8 GB RAM and 512 GB SSD storage. The screen is 15.6 inches. Listed price: 470 EUR."
892,"Lenovo Legion Pro 7 16IRX8H Intel Core i9-13900HX/32GB/1TB SSD/RTX 4080/16""",Lenovo,Legion,Intel Core i9,Intel,Core i9,32.0,1000.0,SSD,RTX 4080,True,16.0,False,EUR,,,False,i9-13900HX,13.0,RTX 4080,4580.73,"Lenovo Legion Pro 7 16IRX8H Intel Core i9-13900HX/32GB/1TB SSD/RTX 4080/16"" is a laptop by Lenovo. Processor: i9-13900HX (Intel generation 13). It has 32 GB RAM and 1000 GB SSD storage. Dedicated graphics: RTX 4080. The screen is 16 inches. Listed price: 4581 EUR."
893,"Lenovo V14 Intel Core i3-10110U/8GB/256GB SSD/14""",Lenovo,V14,Intel Core i3,Intel,Core i3,8.0,256.0,SSD,,False,14.0,False,EUR,,,False,i3-10110U,10.0,,484.5,"Lenovo V14 Intel Core i3-10110U/8GB/256GB SSD/14"" is a laptop by Lenovo. Processor: i3-10110U (Intel generation 10). It has 8 GB RAM and 256 GB SSD storage. The screen is 14 inches. Listed price: 484 EUR."
894,"ASUS VivoBook F1500EA-EJ3066W Intel Core i7-1165G7/8GB RAM/512GB SSD/15.6""",ASUS,VivoBook,Intel Core i7,Intel,Core i7,8.0,512.0,SSD,,False,15.6,False,EUR,,,False,i7-1165G7,11.0,,625.0,"ASUS VivoBook F1500EA-EJ3066W Intel Core i7-1165G7/8GB RAM/512GB SSD/15.6"" is a laptop by ASUS. Processor: i7-1165G7 (Intel generation 11). It has 8 GB RAM and 512 GB SSD storage. The screen is 15.6 inches. Listed price: 625 EUR."
895,"ASUS ZenBook 14 UM3402YA-KP287 AMD Ryzen 5 5625U/16GB/512GB SSD/14""",ASUS,ZenBook,AMD Ryzen 5,AMD,Ryzen 5,16.0,512.0,SSD,,False,14.0,False,EUR,,,False,Ryzen 5 5625U,,,812.61,"ASUS ZenBook 14 UM3402YA-KP287 AMD Ryzen 5 5625U/16GB/512GB SSD/14"" is a laptop by ASUS. Processor: Ryzen 5 5625U. It has 16 GB RAM and 512 GB SSD storage. The screen is 14 inches. Listed price: 813 EUR."
896,"ASUS ProArt StudioBook Pro 16 OLED W7600Z3A-L2022X Intel Core i7-12700H/32GB/1TB SSD/RTX A3000/16""",ASUS,ProArt,Intel Core i7,Intel,Core i7,32.0,1000.0,SSD,RTX A3000,True,16.0,False,EUR,,,False,i7-12700H,12.0,RTX A3000,2846.0,"ASUS ProArt StudioBook Pro 16 OLED W7600Z3A-L2022X Intel Core i7-12700H/32GB/1TB SSD/RTX A3000/16"" is a laptop by ASUS. Processor: i7-12700H (Intel generation 12). It has 32 GB RAM and 1000 GB SSD storage. Dedicated graphics: RTX A3000. The screen is 16 inches. Listed price: 2846 EUR."
897,"Acer Predator Helios 300 PH315-54 Intel Core i7-11800H/16GB/1TB SSD/RTX 3070/15.6""",Acer,Predator,Intel Core i7,Intel,Core i7,16.0,1000.0,SSD,RTX 3070,True,15.6,False,EUR,,,False,i7-11800H,11.0,RTX 3070,1849.0,"Acer Predator Helios 300 PH315-54 Intel Core i7-11800H/16GB/1TB SSD/RTX 3070/15.6"" is a laptop by Acer. Processor: i7-11800H (Intel generation 11). It has 16 GB RAM and 1000 GB SSD storage. Dedicated graphics: RTX 3070. The screen is 15.6 inches. Listed price: 1849 EUR."
898,"Dell Latitude 5330 Intel Core i5-1235U/16GB/512GB SSD/13.3""",Dell,Latitude,Intel Core i5,Intel,Core i5,16.0,512.0,SSD,,False,13.3,False,EUR,,,False,i5-1235U,12.0,,1071.49,"Dell Latitude 5330 Intel Core i5-1235U/16GB/512GB SSD/13.3"" is a laptop by Dell. Processor: i5-1235U (Intel generation 12). It has 16 GB RAM and 512 GB SSD storage. The screen is 13.3 inches. Listed price: 1071 EUR."
899,"Lenovo ThinkPad P15 Gen 1 Intel Core i7-10750H/16GB/512GB SSD/Quadro T2000/15.6""",Lenovo,ThinkPad,Intel Core i7,Intel,Core i7,16.0,512.0,SSD,T 2000,True,15.6,False,EUR,,,False,i7-10750H,10.0,T 2000,1670.01,"Lenovo ThinkPad P15 Gen 1 Intel Core i7-10750H/16GB/512GB SSD/Quadro T2000/15.6"" is a laptop by Lenovo. Processor: i7-10750H (Intel generation 10). It has 16 GB RAM and 512 GB SSD storage. Dedicated graphics: T 2000. The screen is 15.6 inches. Listed price: 1670 EUR."
900,"Asus VivoBook F1605PA-MB145 Intel Core i5-11300H/8GB/256GB SSD/16""",ASUS,VivoBook,Intel Core i5,Intel,Core i5,8.0,256.0,SSD,,False,16.0,False,EUR,,,False,i5-11300H,11.0,,469.9,"Asus VivoBook F1605PA-MB145 Intel Core i5-11300H/8GB/256GB SSD/16"" is a laptop by ASUS. Processor: i5-11300H (Intel generation 11). It has 8 GB RAM and 256 GB SSD storage. The screen is 16 inches. Listed price: 470 EUR."
901,"Acer Nitro 5 AN517-54-9875 Intel Core i9-11900H/16GB/512GB SSD/RTX 3060/17.3""",Acer,Nitro,Intel Core i9,Intel,Core i9,16.0,512.0,SSD,RTX 3060,True,17.3,False,EUR,,,False,i9-11900H,11.0,RTX 3060,1495.69,"Acer Nitro 5 AN517-54-9875 Intel Core i9-11900H/16GB/512GB SSD/RTX 3060/17.3"" is a laptop by Acer. Processor: i9-11900H (Intel generation 11). It has 16 GB RAM and 512 GB SSD storage. Dedicated graphics: RTX 3060. The screen is 17.3 inches. Listed price: 1496 EUR."
902,"Alurin Go Start Intel Celeron N4020/8GB/256GB SSD/14"" + Windows 11 Home",Alurin,Go,Intel Celeron,Intel,Celeron,8.0,256.0,SSD,,False,14.0,False,EUR,,,False,Celeron N4020,,,339.0,"Alurin Go Start Intel Celeron N4020/8GB/256GB SSD/14"" + Windows 11 Home is a laptop by Alurin. Processor: Celeron N4020. It has 8 GB RAM and 256 GB SSD storage. The screen is 14 inches. Listed price: 339 EUR."
903,"HP 15S-FQ4089NS Intel Core i5-1155G7/16GB/512GB SSD/15.6""",HP,15S,Intel Core i5,Intel,Core i5,16.0,512.0,SSD,,False,15.6,False,EUR,,,False,i5-1155G7,11.0,,687.64,"HP 15S-FQ4089NS Intel Core i5-1155G7/16GB/512GB SSD/15.6"" is a laptop by HP. Processor: i5-1155G7 (Intel generation 11). It has 16 GB RAM and 512 GB SSD storage. The screen is 15.6 inches. Listed price: 688 EUR."
904,"LG Gram UltraSlim 15Z90RT-G.AA75B Intel Evo Core i7-1360P/16GB/512GB SSD/15"" OLED",LG,Gram,Intel Evo Core i7,Intel,Core i7,16.0,512.0,SSD,,False,15.0,False,EUR,,,False,i7-1360P,13.0,,2175.83,"LG Gram UltraSlim 15Z90RT-G.AA75B Intel Evo Core i7-1360P/16GB/512GB SSD/15"" OLED is a laptop by LG. Processor: i7-1360P (Intel generation 13). It has 16 GB RAM and 512 GB SSD storage. The screen is 15 inches. Listed price: 2176 EUR."
905,"Lenovo ThinkPad L13 Gen 2 AMD Ryzen 5 Pro 5650U/8GB/256GB SSD/13.3""",Lenovo,ThinkPad,AMD Ryzen 5,AMD,Ryzen 5,8.0,256.0,SSD,,False,13.3,False,EUR,,,False,,,,799.0,"Lenovo ThinkPad L13 Gen 2 AMD Ryzen 5 Pro 5650U/8GB/256GB SSD/13.3"" is a laptop by Lenovo. Processor: AMD Ryzen 5. It has 8 GB RAM and 256 GB SSD storage. The screen is 13.3 inches. Listed price: 799 EUR."
906,"ASUS ExpertBook B5 Flip B5402FEA-HY0119X Intel Core i5-1155G7/16GB/512GB SSD/14"" Táctil",ASUS,ExpertBook,Intel Core i5,Intel,Core i5,16.0,512.0,SSD,,False,14.0,True,EUR,,,False,i5-1155G7,11.0,,1199.0,"ASUS ExpertBook B5 Flip B5402FEA-HY0119X Intel Core i5-1155G7/16GB/512GB SSD/14"" Táctil is a laptop by ASUS. Processor: i5-1155G7 (Intel generation 11). It has 16 GB RAM and 512 GB SSD storage. The screen is 14 inches, touchscreen. Listed price: 1199 EUR."
907,"HP 15S-EQ2131NS AMD Ryzen 3 5300U/8GB/256GB SSD/15.6""",HP,15S,AMD Ryzen 3,AMD,Ryzen 3,8.0,256.0,SSD,,False,15.6,False,EUR,,,False,Ryzen 3 5300U,,,391.41,"HP 15S-EQ2131NS AMD Ryzen 3 5300U/8GB/256GB SSD/15.6"" is a laptop by HP. Processor: Ryzen 3 5300U. It has 8 GB RAM and 256 GB SSD storage. The screen is 15.6 inches. Listed price: 391 EUR."
908,"HP 255 G9 AMD Ryzen 5 5625U/8GB/512GB SSD/15.6""",HP,255,AMD Ryzen 5,AMD,Ryzen 5,8.0,512.0,SSD,,False,15.6,False,EUR,,,False,Ryzen 5 5625U,,,498.0,"HP 255 G9 AMD Ryzen 5 5625U/8GB/512GB SSD/15.6"" is a laptop by HP. Processor: Ryzen 5 5625U. It has 8 GB RAM and 512 GB SSD storage. The screen is 15.6 inches. Listed price: 498 EUR."
909,"HP ProBook 450 G9 Intel Core i5-1235U/8GB/256GB SSD/15.6""",HP,ProBook,Intel Core i5,Intel,Core i5,8.0,256.0,SSD,,False,15.6,False,EUR,,,False,i5-1235U,12.0,,855.39,"HP ProBook 450 G9 Intel Core i5-1235U/8GB/256GB SSD/15.6"" is a laptop by HP. Processor: i5-1235U (Intel generation 12). It has 8 GB RAM and 256 GB SSD storage. The screen is 15.6 inches. Listed price: 855 EUR."
910,"Lenovo Legion 5 15IAH7H Intel Core i7-12700H/16GB/512GB SSD/RTX 3060/15.6""",Lenovo,Legion,Intel Core i7,Intel,Core i7,16.0,512.0,SSD,RTX 3060,True,15.6,False,EUR,,,False,i7-12700H,12.0,RTX 3060,1830.0,"Lenovo Legion 5 15IAH7H Intel Core i7-12700H/16GB/512GB SSD/RTX 3060/15.6"" is a laptop by Lenovo. Processor: i7-12700H (Intel generation 12). It has 16 GB RAM and 512 GB SSD storage. Dedicated graphics: RTX 3060. The screen is 15.6 inches. Listed price: 1830 EUR."
911,"Lenovo ThinkPad E14 Gen 4 Intel Core i5-1235U/8GB/256GB SSD/14""",Lenovo,ThinkPad,Intel Core i5,Intel,Core i5,8.0,256.0,SSD,,False,14.0,False,EUR,,,False,i5-1235U,12.0,,1028.0,"Lenovo ThinkPad E14 Gen 4 Intel Core i5-1235U/8GB/256GB SSD/14"" is a laptop by Lenovo. Processor: i5-1235U (Intel generation 12). It has 8 GB RAM and 256 GB SSD storage. The screen is 14 inches. Listed price: 1028 EUR."
912,"Lenovo ThinkPad P15v Gen 3 Intel Core i7-12700H/16GB/512GB SSD/Quadro T600/15.6""",Lenovo,ThinkPad,Intel Core i7,Intel,Core i7,16.0,512.0,SSD,T 600,True,15.6,False,EUR,,,False,i7-12700H,12.0,T 600,2260.99,"Lenovo ThinkPad P15v Gen 3 Intel Core i7-12700H/16GB/512GB SSD/Quadro T600/15.6"" is a laptop by Lenovo. Processor: i7-12700H (Intel generation 12). It has 16 GB RAM and 512 GB SSD storage. Dedicated graphics: T 600. The screen is 15.6 inches. Listed price: 2261 EUR."
913,"Lenovo Yoga 7 14ARB7 AMD Ryzen 7 6800U/16GB/512GB SSD/14"" Táctil",Lenovo,Yoga,AMD Ryzen 7,AMD,Ryzen 7,16.0,512.0,SSD,,False,14.0,True,EUR,,,False,Ryzen 7 6800U,,,1438.0,"Lenovo Yoga 7 14ARB7 AMD Ryzen 7 6800U/16GB/512GB SSD/14"" Táctil is a laptop by Lenovo. Processor: Ryzen 7 6800U. It has 16 GB RAM and 512 GB SSD storage. The screen is 14 inches, touchscreen. Listed price: 1438 EUR."
914,"Prixton Netbook Pro Intel Celeron N4020/4GB/128GB/15.6""",Prixton,Netbook Pro,Intel Celeron,Intel,Celeron,4.0,128.0,,,False,15.6,False,EUR,,,False,Celeron N4020,,,246.95,"Prixton Netbook Pro Intel Celeron N4020/4GB/128GB/15.6"" is a laptop by Prixton. Processor: Celeron N4020. It has 4 GB RAM and 128 GB storage. The screen is 15.6 inches. Listed price: 247 EUR."
915,"ASUS ExpertBook P1412CEA-EK0298XA Intel Core i3-1115G4/8GB/256GB SSD/14""",ASUS,ExpertBook,Intel Core i3,Intel,Core i3,8.0,256.0,SSD,,False,14.0,False,EUR,,,False,i3-1115G4,11.0,,511.13,"ASUS ExpertBook P1412CEA-EK0298XA Intel Core i3-1115G4/8GB/256GB SSD/14"" is a laptop by ASUS. Processor: i3-1115G4 (Intel generation 11). It has 8 GB RAM and 256 GB SSD storage. The screen is 14 inches. Listed price: 511 EUR."
916,"ASUS VivoBook 16 F1605PA-MB104 Intel Core i5-11300H/8GB/512GB SSD/16""",ASUS,VivoBook,Intel Core i5,Intel,Core i5,8.0,512.0,SSD,,False,16.0,False,EUR,,,False,i5-11300H,11.0,,500.0,"ASUS VivoBook 16 F1605PA-MB104 Intel Core i5-11300H/8GB/512GB SSD/16"" is a laptop by ASUS. Processor: i5-11300H (Intel generation 11). It has 8 GB RAM and 512 GB SSD storage. The screen is 16 inches. Listed price: 500 EUR."
917,"Acer Extensa 15 EX215-22-R3V0 AMD Ryzen 5 3500U/8GB/256GB SSD/15.6""",Acer,Extensa,AMD Ryzen 5,AMD,Ryzen 5,8.0,256.0,SSD,,False,15.6,False,EUR,,,False,Ryzen 5 3500U,,,439.0,"Acer Extensa 15 EX215-22-R3V0 AMD Ryzen 5 3500U/8GB/256GB SSD/15.6"" is a laptop by Acer. Processor: Ryzen 5 3500U. It has 8 GB RAM and 256 GB SSD storage. The screen is 15.6 inches. Listed price: 439 EUR."
918,"MSI Vector GP77 13VG-068XPT Intel Core  i7-13700H/32GB/1TB SSD/RTX4070/17.3"" (PT)",MSI,Vector,Intel Core i7,Intel,Core i7,32.0,1000.0,SSD,RTX 4070,True,17.3,False,EUR,,,False,i7-13700H,13.0,RTX 4070,2660.55,"MSI Vector GP77 13VG-068XPT Intel Core  i7-13700H/32GB/1TB SSD/RTX4070/17.3"" (PT) is a laptop by MSI. Processor: i7-13700H (Intel generation 13). It has 32 GB RAM and 1000 GB SSD storage. Dedicated graphics: RTX 4070. The screen is 17.3 inches. Listed price: 2661 EUR."
919,"Lenovo V15 G2-ITL Intel Core i5-1135G7/8GB/512GB SSD/15.6""",Lenovo,V15,Intel Core i5,Intel,Core i5,8.0,512.0,SSD,,False,15.6,False,EUR,,,False,i5-1135G7,11.0,,810.2,"Lenovo V15 G2-ITL Intel Core i5-1135G7/8GB/512GB SSD/15.6"" is a laptop by Lenovo. Processor: i5-1135G7 (Intel generation 11). It has 8 GB RAM and 512 GB SSD storage. The screen is 15.6 inches. Listed price: 810 EUR."
920,"HP 15S-FQ4074NS Intel Core  i5-1155G7/8GB/1TB SSD/15.6""",HP,15S,Intel Core i5,Intel,Core i5,8.0,1000.0,SSD,,False,15.6,False,EUR,,,False,i5-1155G7,11.0,,715.0,"HP 15S-FQ4074NS Intel Core  i5-1155G7/8GB/1TB SSD/15.6"" is a laptop by HP. Processor: i5-1155G7 (Intel generation 11). It has 8 GB RAM and 1000 GB SSD storage. The screen is 15.6 inches. Listed price: 715 EUR."
921,"ASUS ZenBook 14 UM3402YA-KP286 AMD Ryzen 5 5625U/8GB/512GB SSD/14""",ASUS,ZenBook,AMD Ryzen 5,AMD,Ryzen 5,8.0,512.0,SSD,,False,14.0,False,EUR,,,False,Ryzen 5 5625U,,,755.48,"ASUS ZenBook 14 UM3402YA-KP286 AMD Ryzen 5 5625U/8GB/512GB SSD/14"" is a laptop by ASUS. Processor: Ryzen 5 5625U. It has 8 GB RAM and 512 GB SSD storage. The screen is 14 inches. Listed price: 755 EUR."
922,"Dell Vostro 5320 Intel Evo Core i7-1260P/16GB/512GB SSD/13.3""",Dell,Vostro,Intel Evo Core i7,Intel,Core i7,16.0,512.0,SSD,,False,13.3,False,EUR,,,False,i7-1260P,12.0,,1216.0,"Dell Vostro 5320 Intel Evo Core i7-1260P/16GB/512GB SSD/13.3"" is a laptop by Dell. Processor: i7-1260P (Intel generation 12). It has 16 GB RAM and 512 GB SSD storage. The screen is 13.3 inches. Listed price: 1216 EUR."
923,"Lenovo ThinkPad P1 Gen 3 Intel Core i7-10750H/16GB/512GB SSD/Quadro T1000/15.6""",Lenovo,ThinkPad,Intel Core i7,Intel,Core i7,16.0,512.0,SSD,T 1000,True,15.6,False,EUR,,,False,i7-10750H,10.0,T 1000,1857.0,"Lenovo ThinkPad P1 Gen 3 Intel Core i7-10750H/16GB/512GB SSD/Quadro T1000/15.6"" is a laptop by Lenovo. Processor: i7-10750H (Intel generation 10). It has 16 GB RAM and 512 GB SSD storage. Dedicated graphics: T 1000. The screen is 15.6 inches. Listed price: 1857 EUR."
924,"ASUS Chromebook CX9400CEA-KC0172 Intel Core i5-1135G7/8GB/256GB SSD/14""",ASUS,Chromebook,Intel Core i5,Intel,Core i5,8.0,256.0,SSD,,False,14.0,False,EUR,,,False,i5-1135G7,11.0,,1143.53,"ASUS Chromebook CX9400CEA-KC0172 Intel Core i5-1135G7/8GB/256GB SSD/14"" is a laptop by ASUS. Processor: i5-1135G7 (Intel generation 11). It has 8 GB RAM and 256 GB SSD storage. The screen is 14 inches. Listed price: 1144 EUR."
925,ASUS F515EA Intel Core i5-1135G7/12GB/512GB SSD/15.6'' (PT),ASUS,F515,Intel Core i5,Intel,Core i5,12.0,512.0,SSD,,False,15.6,False,EUR,,,False,i5-1135G7,11.0,,824.78,ASUS F515EA Intel Core i5-1135G7/12GB/512GB SSD/15.6'' (PT) is a laptop by ASUS. Processor: i5-1135G7 (Intel generation 11). It has 12 GB RAM and 512 GB SSD storage. The screen is 15.6 inches. Listed price: 825 EUR.
926,"ASUS TUF Gaming A15 TUF507NV-LP042 AMD Ryzen 7 7735HS/16GB/1TB SSD/RTX 4060/15.6""",ASUS,TUF,AMD Ryzen 7,AMD,Ryzen 7,16.0,1000.0,SSD,RTX 4060,True,15.6,False,EUR,,,False,Ryzen 7 7735HS,,RTX 4060,1335.01,"ASUS TUF Gaming A15 TUF507NV-LP042 AMD Ryzen 7 7735HS/16GB/1TB SSD/RTX 4060/15.6"" is a laptop by ASUS. Processor: Ryzen 7 7735HS. It has 16 GB RAM and 1000 GB SSD storage. Dedicated graphics: RTX 4060. The screen is 15.6 inches. Listed price: 1335 EUR."
927,"HP 15S-FQ3001NS Intel Celeron N4500/4GB/128GB SSD/15.6""",HP,15S,Intel Celeron,Intel,Celeron,4.0,128.0,SSD,,False,15.6,False,EUR,,,False,Celeron N4500,,,395.4,"HP 15S-FQ3001NS Intel Celeron N4500/4GB/128GB SSD/15.6"" is a laptop by HP. Processor: Celeron N4500. It has 4 GB RAM and 128 GB SSD storage. The screen is 15.6 inches. Listed price: 395 EUR."
928,"HP EliteBook 830 G9 Intel Core i5-1235U/16GB/512GB SSD/13.3""",HP,EliteBook,Intel Core i5,Intel,Core i5,16.0,512.0,SSD,,False,13.3,False,EUR,,,False,i5-1235U,12.0,,1375.3,"HP EliteBook 830 G9 Intel Core i5-1235U/16GB/512GB SSD/13.3"" is a laptop by HP. Processor: i5-1235U (Intel generation 12). It has 16 GB RAM and 512 GB SSD storage. The screen is 13.3 inches. Listed price: 1375 EUR."
929,"Lenovo 100w Gen 3 AMD 3015e/4GB/128GB eMMC/11.6""",Lenovo,100w,AMD 3015e,AMD,,4.0,128.0,eMMC,,False,11.6,False,EUR,,,False,,,,397.0,"Lenovo 100w Gen 3 AMD 3015e/4GB/128GB eMMC/11.6"" is a laptop by Lenovo. Processor: AMD 3015e. It has 4 GB RAM and 128 GB eMMC storage. The screen is 11.6 inches. Listed price: 397 EUR."
930,"Lenovo IdeaPad 3 Gen 7 AMD Ryzen 7 5825U/16GB/512GB SSD/17.3""",Lenovo,IdeaPad,AMD Ryzen 7,AMD,Ryzen 7,16.0,512.0,SSD,,False,17.3,False,EUR,,,False,Ryzen 7 5825U,,,1136.94,"Lenovo IdeaPad 3 Gen 7 AMD Ryzen 7 5825U/16GB/512GB SSD/17.3"" is a laptop by Lenovo. Processor: Ryzen 7 5825U. It has 16 GB RAM and 512 GB SSD storage. The screen is 17.3 inches. Listed price: 1137 EUR."
931,"Lenovo ThinkPad T14 Gen 3 Intel Core i7-1260P/16GB/512GB SSD/14""",Lenovo,ThinkPad,Intel Core i7,Intel,Core i7,16.0,512.0,SSD,,False,14.0,False,EUR,,,False,i7-1260P,12.0,,1871.6,"Lenovo ThinkPad T14 Gen 3 Intel Core i7-1260P/16GB/512GB SSD/14"" is a laptop by Lenovo. Processor: i7-1260P (Intel generation 12). It has 16 GB RAM and 512 GB SSD storage. The screen is 14 inches. Listed price: 1872 EUR."
932,"Medion Akoya E15301 AMD Ryzen 5 3500U/8 GB/256 GB SSD/15.6""",Medion,Akoya,AMD Ryzen 5,AMD,Ryzen 5,8.0,256.0,SSD,,False,15.6,False,EUR,,,False,Ryzen 5 3500U,,,399.99,"Medion Akoya E15301 AMD Ryzen 5 3500U/8 GB/256 GB SSD/15.6"" is a laptop by Medion. Processor: Ryzen 5 3500U. It has 8 GB RAM and 256 GB SSD storage. The screen is 15.6 inches. Listed price: 400 EUR."
933,"Primux IoxBook 15R3A AMD Ryzen 3-3200U/8GB/256GB SSD/15.6""",Primux,Ioxbook,AMD Ryzen 3,AMD,Ryzen 3,8.0,256.0,SSD,,False,15.6,False,EUR,,,False,,,,599.41,"Primux IoxBook 15R3A AMD Ryzen 3-3200U/8GB/256GB SSD/15.6"" is a laptop by Primux. Processor: AMD Ryzen 3. It has 8 GB RAM and 256 GB SSD storage. The screen is 15.6 inches. Listed price: 599 EUR."
934,"HP 255 G8 AMD Ryzen 5 5500U/16 GB/512 GB SSD/15.6""",HP,255,AMD Ryzen 5,AMD,Ryzen 5,16.0,512.0,SSD,,False,15.6,False,EUR,,,False,Ryzen 5 5500U,,,595.01,"HP 255 G8 AMD Ryzen 5 5500U/16 GB/512 GB SSD/15.6"" is a laptop by HP. Processor: Ryzen 5 5500U. It has 16 GB RAM and 512 GB SSD storage. The screen is 15.6 inches. Listed price: 595 EUR."
935,"Lenovo IdeaPad Duet 3 Chrome 11Q727 Qualcomm Snapdragon 7c Gen 2/8GB/128GB eMMC/10.95"" Táctil",Lenovo,IdeaPad,Qualcomm Snapdragon 7,Qualcomm,Snapdragon,8.0,128.0,eMMC,,False,10.95,True,EUR,,,False,,,,531.0,"Lenovo IdeaPad Duet 3 Chrome 11Q727 Qualcomm Snapdragon 7c Gen 2/8GB/128GB eMMC/10.95"" Táctil is a laptop by Lenovo. Processor: Qualcomm Snapdragon 7. It has 8 GB RAM and 128 GB eMMC storage. The screen is 10.95 inches, touchscreen. Listed price: 531 EUR."
936,"Lenovo V15 G2 ITL Intel Core i7-1165G7/8GB/512GB SSD/15.6""",Lenovo,V15,Intel Core i7,Intel,Core i7,8.0,512.0,SSD,,False,15.6,False,EUR,,,False,i7-1165G7,11.0,,709.0,"Lenovo V15 G2 ITL Intel Core i7-1165G7/8GB/512GB SSD/15.6"" is a laptop by Lenovo. Processor: i7-1165G7 (Intel generation 11). It has 8 GB RAM and 512 GB SSD storage. The screen is 15.6 inches. Listed price: 709 EUR."
937,"Lenovo Legion Pro 5 16IRX8 Intel Core i7-13700HX/32GB/1TB SSD/RTX 4060/16""",Lenovo,Legion,Intel Core i7,Intel,Core i7,32.0,1000.0,SSD,RTX 4060,True,16.0,False,EUR,,,False,i7-13700HX,13.0,RTX 4060,2199.01,"Lenovo Legion Pro 5 16IRX8 Intel Core i7-13700HX/32GB/1TB SSD/RTX 4060/16"" is a laptop by Lenovo. Processor: i7-13700HX (Intel generation 13). It has 32 GB RAM and 1000 GB SSD storage. Dedicated graphics: RTX 4060. The screen is 16 inches. Listed price: 2199 EUR."
938,"ASUS ExpertBook B1 B1402CBA-EB0822X Intel Core i5-1235U/16GB/512GB SSD/14""",ASUS,ExpertBook,Intel Core i5,Intel,Core i5,16.0,512.0,SSD,,False,14.0,False,EUR,,,False,i5-1235U,12.0,,811.68,"ASUS ExpertBook B1 B1402CBA-EB0822X Intel Core i5-1235U/16GB/512GB SSD/14"" is a laptop by ASUS. Processor: i5-1235U (Intel generation 12). It has 16 GB RAM and 512 GB SSD storage. The screen is 14 inches. Listed price: 812 EUR."
939,"Asus VivoBook S15 S533FA-BQ108T Intel Core i5-10210U/8GB/256GB SSD/15.6""",ASUS,VivoBook,Intel Core i5,Intel,Core i5,8.0,256.0,SSD,,False,15.6,False,EUR,,,False,i5-10210U,10.0,,639.0,"Asus VivoBook S15 S533FA-BQ108T Intel Core i5-10210U/8GB/256GB SSD/15.6"" is a laptop by ASUS. Processor: i5-10210U (Intel generation 10). It has 8 GB RAM and 256 GB SSD storage. The screen is 15.6 inches. Listed price: 639 EUR."
940,"Dell Latitude 5330 Intel Core i7-1265U/16GB/512GB SSD/13.3""",Dell,Latitude,Intel Core i7,Intel,Core i7,16.0,512.0,SSD,,False,13.3,False,EUR,,,False,i7-1265U,12.0,,1266.49,"Dell Latitude 5330 Intel Core i7-1265U/16GB/512GB SSD/13.3"" is a laptop by Dell. Processor: i7-1265U (Intel generation 12). It has 16 GB RAM and 512 GB SSD storage. The screen is 13.3 inches. Listed price: 1266 EUR."
941,"HP 15S-EQ2085NS AMD Ryzen 5 5500U/8GB/512GB SSD/15.6""",HP,15S,AMD Ryzen 5,AMD,Ryzen 5,8.0,512.0,SSD,,False,15.6,False,EUR,,,False,Ryzen 5 5500U,,,536.48,"HP 15S-EQ2085NS AMD Ryzen 5 5500U/8GB/512GB SSD/15.6"" is a laptop by HP. Processor: Ryzen 5 5500U. It has 8 GB RAM and 512 GB SSD storage. The screen is 15.6 inches. Listed price: 536 EUR."
942,"HP 15S-FQ4107NS Intel Core i5-1155G7/8GB/512GB SSD/15.6""",HP,15S,Intel Core i5,Intel,Core i5,8.0,512.0,SSD,,False,15.6,False,EUR,,,False,i5-1155G7,11.0,,552.0,"HP 15S-FQ4107NS Intel Core i5-1155G7/8GB/512GB SSD/15.6"" is a laptop by HP. Processor: i5-1155G7 (Intel generation 11). It has 8 GB RAM and 512 GB SSD storage. The screen is 15.6 inches. Listed price: 552 EUR."
943,PcCom Revolt 4060 Intel Core i7-13700H/16GB/1TB SSD/RTX 4060/15.6,Pccom,Revolt,Intel Core i7,Intel,Core i7,16.0,1000.0,SSD,RTX 4060,True,15.6,False,EUR,,,False,i7-13700H,13.0,RTX 4060,1799.9,PcCom Revolt 4060 Intel Core i7-13700H/16GB/1TB SSD/RTX 4060/15.6 is a laptop by Pccom. Processor: i7-13700H (Intel generation 13). It has 16 GB RAM and 1000 GB SSD storage. Dedicated graphics: RTX 4060. The screen is 15.6 inches. Listed price: 1800 EUR.
944,"HP Pavilion 15-EH1007NS AMD Ryzen 5 5500U/16GB/512GB SSD/15.6""",HP,Pavilion,AMD Ryzen 5,AMD,Ryzen 5,16.0,512.0,SSD,,False,15.6,False,EUR,,,False,Ryzen 5 5500U,,,671.01,"HP Pavilion 15-EH1007NS AMD Ryzen 5 5500U/16GB/512GB SSD/15.6"" is a laptop by HP. Processor: Ryzen 5 5500U. It has 16 GB RAM and 512 GB SSD storage. The screen is 15.6 inches. Listed price: 671 EUR."
945,"Samsung Chromebook 4 XE310XBA-K01ES Intel Celeron N4000/4GB/32GB eMMC/11.6""",Samsung,Chromebook,Intel Celeron,Intel,Celeron,4.0,32.0,eMMC,,False,11.6,False,EUR,,,False,Celeron N4000,,,365.9,"Samsung Chromebook 4 XE310XBA-K01ES Intel Celeron N4000/4GB/32GB eMMC/11.6"" is a laptop by Samsung. Processor: Celeron N4000. It has 4 GB RAM and 32 GB eMMC storage. The screen is 11.6 inches. Listed price: 366 EUR."
946,"Acer Extensa 15 EX215-52-53XM Intel Core i5-1035G1/8GB/256GB SSD/15.6""",Acer,Extensa,Intel Core i5,Intel,Core i5,8.0,256.0,SSD,,False,15.6,False,EUR,,,False,i5-1035G1,10.0,,494.35,"Acer Extensa 15 EX215-52-53XM Intel Core i5-1035G1/8GB/256GB SSD/15.6"" is a laptop by Acer. Processor: i5-1035G1 (Intel generation 10). It has 8 GB RAM and 256 GB SSD storage. The screen is 15.6 inches. Listed price: 494 EUR."
947,"MSI Prestige 16 A12UD-221XES Intel Core i7-1280P/16GB/1TB SSD/RTX 3050Ti/16"" + M31 Ratón Óptico 3600DPI",MSI,Prestige,Intel Core i7,Intel,Core i7,16.0,1000.0,SSD,RTX 3050,True,16.0,False,EUR,,,False,i7-1280P,12.0,RTX 3050,1912.01,"MSI Prestige 16 A12UD-221XES Intel Core i7-1280P/16GB/1TB SSD/RTX 3050Ti/16"" + M31 Ratón Óptico 3600DPI is a laptop by MSI. Processor: i7-1280P (Intel generation 12). It has 16 GB RAM and 1000 GB SSD storage. Dedicated graphics: RTX 3050. The screen is 16 inches. Listed price: 1912 EUR."
948,"ASUS VivoBook 17 F1704VA-AU080W Intel Core i5-1335U/16GB/512GB SSD/17.3""",ASUS,VivoBook,Intel Core i5,Intel,Core i5,16.0,512.0,SSD,,False,17.3,False,EUR,,,False,i5-1335U,13.0,,862.19,"ASUS VivoBook 17 F1704VA-AU080W Intel Core i5-1335U/16GB/512GB SSD/17.3"" is a laptop by ASUS. Processor: i5-1335U (Intel generation 13). It has 16 GB RAM and 512 GB SSD storage. The screen is 17.3 inches. Listed price: 862 EUR."
949,"HP 15S-EQ2101NS AMD Ryzen 5 5500U/8GB/256GB SSD/15.6""",HP,15S,AMD Ryzen 5,AMD,Ryzen 5,8.0,256.0,SSD,,False,15.6,False,EUR,,,False,Ryzen 5 5500U,,,478.26,"HP 15S-EQ2101NS AMD Ryzen 5 5500U/8GB/256GB SSD/15.6"" is a laptop by HP. Processor: Ryzen 5 5500U. It has 8 GB RAM and 256 GB SSD storage. The screen is 15.6 inches. Listed price: 478 EUR."
950,"HP 15S-EQ2110NS AMD Ryzen 3 5300U/8GB/512GB SSD/15.6""",HP,15S,AMD Ryzen 3,AMD,Ryzen 3,8.0,512.0,SSD,,False,15.6,False,EUR,,,False,Ryzen 3 5300U,,,405.39,"HP 15S-EQ2110NS AMD Ryzen 3 5300U/8GB/512GB SSD/15.6"" is a laptop by HP. Processor: Ryzen 3 5300U. It has 8 GB RAM and 512 GB SSD storage. The screen is 15.6 inches. Listed price: 405 EUR."
951,"HP 15S-FQ4102NS Intel Core i7-1195G7/8GB/512GB SSD/15.6""",HP,15S,Intel Core i7,Intel,Core i7,8.0,512.0,SSD,,False,15.6,False,EUR,,,False,i7-1195G7,11.0,,734.64,"HP 15S-FQ4102NS Intel Core i7-1195G7/8GB/512GB SSD/15.6"" is a laptop by HP. Processor: i7-1195G7 (Intel generation 11). It has 8 GB RAM and 512 GB SSD storage. The screen is 15.6 inches. Listed price: 735 EUR."
952,"HP 255 G9 AMD Ryzen 5 5625U/8GB/512 GB SSD/15.6""",HP,255,AMD Ryzen 5,AMD,Ryzen 5,8.0,512.0,SSD,,False,15.6,False,EUR,,,False,Ryzen 5 5625U,,,507.53,"HP 255 G9 AMD Ryzen 5 5625U/8GB/512 GB SSD/15.6"" is a laptop by HP. Processor: Ryzen 5 5625U. It has 8 GB RAM and 512 GB SSD storage. The screen is 15.6 inches. Listed price: 508 EUR."
953,"Lenovo ThinkBook 13s G4 IAP Intel Core i7-1260P/16GB/512GB SSD/13.3""",Lenovo,ThinkBook,Intel Core i7,Intel,Core i7,16.0,512.0,SSD,,False,13.3,False,EUR,,,False,i7-1260P,12.0,,1288.19,"Lenovo ThinkBook 13s G4 IAP Intel Core i7-1260P/16GB/512GB SSD/13.3"" is a laptop by Lenovo. Processor: i7-1260P (Intel generation 12). It has 16 GB RAM and 512 GB SSD storage. The screen is 13.3 inches. Listed price: 1288 EUR."
954,"Lenovo V15 G3 IAP Intel Core i7-1255U/8GB/512GB SSD/15.6""",Lenovo,V15,Intel Core i7,Intel,Core i7,8.0,512.0,SSD,,False,15.6,False,EUR,,,False,i7-1255U,12.0,,903.3,"Lenovo V15 G3 IAP Intel Core i7-1255U/8GB/512GB SSD/15.6"" is a laptop by Lenovo. Processor: i7-1255U (Intel generation 12). It has 8 GB RAM and 512 GB SSD storage. The screen is 15.6 inches. Listed price: 903 EUR."
955,"Microsoft Surface Pro 9 Platino Intel Evo Core i5-1235U/8GB/256GB SSD/13"" Táctil",Microsoft,Surface Pro,Intel Evo Core i5,Intel,Core i5,8.0,256.0,SSD,,False,13.0,True,EUR,,,False,i5-1235U,12.0,,1293.93,"Microsoft Surface Pro 9 Platino Intel Evo Core i5-1235U/8GB/256GB SSD/13"" Táctil is a laptop by Microsoft. Processor: i5-1235U (Intel generation 12). It has 8 GB RAM and 256 GB SSD storage. The screen is 13 inches, touchscreen. Listed price: 1294 EUR."
956,"Dell Latitude 5530 Intel Core i7-1255U/16GB/512GB SSD/15.6""",Dell,Latitude,Intel Core i7,Intel,Core i7,16.0,512.0,SSD,,False,15.6,False,EUR,,,False,i7-1255U,12.0,,1334.21,"Dell Latitude 5530 Intel Core i7-1255U/16GB/512GB SSD/15.6"" is a laptop by Dell. Processor: i7-1255U (Intel generation 12). It has 16 GB RAM and 512 GB SSD storage. The screen is 15.6 inches. Listed price: 1334 EUR."
957,"Lenovo ThinkBook 16 G4+ IAP Intel Core i7-1255U/16GB/512GB SSD/16""",Lenovo,ThinkBook,Intel Core i7,Intel,Core i7,16.0,512.0,SSD,,False,16.0,False,EUR,,,False,i7-1255U,12.0,,1233.38,"Lenovo ThinkBook 16 G4+ IAP Intel Core i7-1255U/16GB/512GB SSD/16"" is a laptop by Lenovo. Processor: i7-1255U (Intel generation 12). It has 16 GB RAM and 512 GB SSD storage. The screen is 16 inches. Listed price: 1233 EUR."
958,"Lenovo V17 G3 IAP Intel Core i5-1235U/16GB/512GB SSD/17.3""",Lenovo,V17,Intel Core i5,Intel,Core i5,16.0,512.0,SSD,,False,17.3,False,EUR,,,False,i5-1235U,12.0,,999.62,"Lenovo V17 G3 IAP Intel Core i5-1235U/16GB/512GB SSD/17.3"" is a laptop by Lenovo. Processor: i5-1235U (Intel generation 12). It has 16 GB RAM and 512 GB SSD storage. The screen is 17.3 inches. Listed price: 1000 EUR."
959,"Samsung Chromebook Go Intel Celeron N4500/4GB/64GB eMMC/14""",Samsung,Chromebook,Intel Celeron,Intel,Celeron,4.0,64.0,eMMC,,False,14.0,False,EUR,,,False,Celeron N4500,,,369.27,"Samsung Chromebook Go Intel Celeron N4500/4GB/64GB eMMC/14"" is a laptop by Samsung. Processor: Celeron N4500. It has 4 GB RAM and 64 GB eMMC storage. The screen is 14 inches. Listed price: 369 EUR."
960,"ASUS ROG Strix G17  G713PV-R97B46CB1 AMD Ryzen 9 7945HX/16GB/1TB SSD/RTX4060/17.3"" (PT)",ASUS,ROG,AMD Ryzen 9,AMD,Ryzen 9,16.0,1000.0,SSD,RTX 4060,True,17.3,False,EUR,,,False,Ryzen 9 7945HX,,RTX 4060,2203.07,"ASUS ROG Strix G17  G713PV-R97B46CB1 AMD Ryzen 9 7945HX/16GB/1TB SSD/RTX4060/17.3"" (PT) is a laptop by ASUS. Processor: Ryzen 9 7945HX. It has 16 GB RAM and 1000 GB SSD storage. Dedicated graphics: RTX 4060. The screen is 17.3 inches. Listed price: 2203 EUR."
961,"Lenovo ThinkPad P14s Gen 3 Intel Core i7-1260P/32GB/1TB SSD/Quadro T550/14""",Lenovo,ThinkPad,Intel Core i7,Intel,Core i7,32.0,1000.0,SSD,T 550,True,14.0,False,EUR,,,False,i7-1260P,12.0,T 550,2539.0,"Lenovo ThinkPad P14s Gen 3 Intel Core i7-1260P/32GB/1TB SSD/Quadro T550/14"" is a laptop by Lenovo. Processor: i7-1260P (Intel generation 12). It has 32 GB RAM and 1000 GB SSD storage. Dedicated graphics: T 550. The screen is 14 inches. Listed price: 2539 EUR."
962,"HP 15S-fq4015ns Intel Core i5-1155G7/8GB/512GB SSD/15.6""",HP,15S,Intel Core i5,Intel,Core i5,8.0,512.0,SSD,,False,15.6,False,EUR,,,False,i5-1155G7,11.0,,530.19,"HP 15S-fq4015ns Intel Core i5-1155G7/8GB/512GB SSD/15.6"" is a laptop by HP. Processor: i5-1155G7 (Intel generation 11). It has 8 GB RAM and 512 GB SSD storage. The screen is 15.6 inches. Listed price: 530 EUR."
963,"HP Victus 16-E0069NS AMD Ryzen 5 5600H/8GB/512GB SSD/GTX 1650/16.1""",HP,Victus,AMD Ryzen 5,AMD,Ryzen 5,8.0,512.0,SSD,GTX 1650,True,16.1,False,EUR,,,False,Ryzen 5 5600H,,GTX 1650,845.48,"HP Victus 16-E0069NS AMD Ryzen 5 5600H/8GB/512GB SSD/GTX 1650/16.1"" is a laptop by HP. Processor: Ryzen 5 5600H. It has 8 GB RAM and 512 GB SSD storage. Dedicated graphics: GTX 1650. The screen is 16.1 inches. Listed price: 845 EUR."
964,MSI Katana 17 B13VFK-439PT Intel Core i7-13620H/16GB/1TB SSD/RTX 4060/17.3'' (PT),MSI,Katana,Intel Core i7,Intel,Core i7,16.0,1000.0,SSD,RTX 4060,True,17.3,False,EUR,,,False,i7-13620H,13.0,RTX 4060,1927.84,MSI Katana 17 B13VFK-439PT Intel Core i7-13620H/16GB/1TB SSD/RTX 4060/17.3'' (PT) is a laptop by MSI. Processor: i7-13620H (Intel generation 13). It has 16 GB RAM and 1000 GB SSD storage. Dedicated graphics: RTX 4060. The screen is 17.3 inches. Listed price: 1928 EUR.
965,"ASUS F415EA-EK1464 Intel Core i3-1115G4/8GB/256GB SSD/14""",ASUS,F415EA,Intel Core i3,Intel,Core i3,8.0,256.0,SSD,,False,14.0,False,EUR,,,False,i3-1115G4,11.0,,471.63,"ASUS F415EA-EK1464 Intel Core i3-1115G4/8GB/256GB SSD/14"" is a laptop by ASUS. Processor: i3-1115G4 (Intel generation 11). It has 8 GB RAM and 256 GB SSD storage. The screen is 14 inches. Listed price: 472 EUR."
966,"ASUS VivoBook F515EA-BQ3013W Intel Core i5-1135G7/8GB/512GB/15.6""",ASUS,VivoBook,Intel Core i5,Intel,Core i5,8.0,512.0,,,False,15.6,False,EUR,,,False,i5-1135G7,11.0,,527.0,"ASUS VivoBook F515EA-BQ3013W Intel Core i5-1135G7/8GB/512GB/15.6"" is a laptop by ASUS. Processor: i5-1135G7 (Intel generation 11). It has 8 GB RAM and 512 GB storage. The screen is 15.6 inches. Listed price: 527 EUR."
967,"Dell Latitude 5430 Intel Core i5-1235U/8GB/256GB SSD/14""",Dell,Latitude,Intel Core i5,Intel,Core i5,8.0,256.0,SSD,,False,14.0,False,EUR,,,False,i5-1235U,12.0,,1032.38,"Dell Latitude 5430 Intel Core i5-1235U/8GB/256GB SSD/14"" is a laptop by Dell. Processor: i5-1235U (Intel generation 12). It has 8 GB RAM and 256 GB SSD storage. The screen is 14 inches. Listed price: 1032 EUR."
968,"Lenovo IdeaPad 5 14ALC05 AMD Ryzen 5 5500U/16GB/512 GB SSD/14""",Lenovo,IdeaPad,AMD Ryzen 5,AMD,Ryzen 5,16.0,512.0,SSD,,False,14.0,False,EUR,,,False,Ryzen 5 5500U,,,749.0,"Lenovo IdeaPad 5 14ALC05 AMD Ryzen 5 5500U/16GB/512 GB SSD/14"" is a laptop by Lenovo. Processor: Ryzen 5 5500U. It has 16 GB RAM and 512 GB SSD storage. The screen is 14 inches. Listed price: 749 EUR."
969,"Lenovo V15 G2 ALC AMD Ryzen 5 5500U/8 GB/512GB SSD/15.6""",Lenovo,V15,AMD Ryzen 5,AMD,Ryzen 5,8.0,512.0,SSD,,False,15.6,False,EUR,,,False,Ryzen 5 5500U,,,439.0,"Lenovo V15 G2 ALC AMD Ryzen 5 5500U/8 GB/512GB SSD/15.6"" is a laptop by Lenovo. Processor: Ryzen 5 5500U. It has 8 GB RAM and 512 GB SSD storage. The screen is 15.6 inches. Listed price: 439 EUR."
970,"Lenovo V15 G3 IAP Intel Core i7-1255U/16GB/512GB SSD/15.6""",Lenovo,V15,Intel Core i7,Intel,Core i7,16.0,512.0,SSD,,False,15.6,False,EUR,,,False,i7-1255U,12.0,,930.24,"Lenovo V15 G3 IAP Intel Core i7-1255U/16GB/512GB SSD/15.6"" is a laptop by Lenovo. Processor: i7-1255U (Intel generation 12). It has 16 GB RAM and 512 GB SSD storage. The screen is 15.6 inches. Listed price: 930 EUR."
971,"ASUS ExpertBook B1 B1500CEAE-EJ2824X Intel Core i5-1135G7/8GB/512GB SSD/15.6""",ASUS,ExpertBook,Intel Core i5,Intel,Core i5,8.0,512.0,SSD,,False,15.6,False,EUR,,,False,i5-1135G7,11.0,,693.0,"ASUS ExpertBook B1 B1500CEAE-EJ2824X Intel Core i5-1135G7/8GB/512GB SSD/15.6"" is a laptop by ASUS. Processor: i5-1135G7 (Intel generation 11). It has 8 GB RAM and 512 GB SSD storage. The screen is 15.6 inches. Listed price: 693 EUR."
972,"ASUS TUF Dash F15 TUF517ZM-HN078 Intel Core i7-12650H/16GB/512GB SSD/RTX 3060/15.6""",ASUS,TUF,Intel Core i7,Intel,Core i7,16.0,512.0,SSD,RTX 3060,True,15.6,False,EUR,,,False,i7-12650H,12.0,RTX 3060,1095.0,"ASUS TUF Dash F15 TUF517ZM-HN078 Intel Core i7-12650H/16GB/512GB SSD/RTX 3060/15.6"" is a laptop by ASUS. Processor: i7-12650H (Intel generation 12). It has 16 GB RAM and 512 GB SSD storage. Dedicated graphics: RTX 3060. The screen is 15.6 inches. Listed price: 1095 EUR."
973,"ASUS VivoBook 13 Slate OLED T3300KA-LQ069W Intel Pentium Silver N6000/8 GB/128GB SSD/13.3"" Táctil",ASUS,VivoBook,Intel Pentium,Intel,Pentium,8.0,128.0,SSD,,False,13.3,True,EUR,,,False,N6000,,,749.99,"ASUS VivoBook 13 Slate OLED T3300KA-LQ069W Intel Pentium Silver N6000/8 GB/128GB SSD/13.3"" Táctil is a laptop by ASUS. Processor: N6000. It has 8 GB RAM and 128 GB SSD storage. The screen is 13.3 inches, touchscreen. Listed price: 750 EUR."
974,"Acer Aspire 5 A514-54G-59FU Intel Core i5-1135G7/8GB/512GB SSD/MX350/14""",Acer,Aspire,Intel Core i5,Intel,Core i5,8.0,512.0,SSD,,True,14.0,False,EUR,,,False,i5-1135G7,11.0,MX350,769.58,"Acer Aspire 5 A514-54G-59FU Intel Core i5-1135G7/8GB/512GB SSD/MX350/14"" is a laptop by Acer. Processor: i5-1135G7 (Intel generation 11). It has 8 GB RAM and 512 GB SSD storage. Dedicated graphics: MX350. The screen is 14 inches. Listed price: 770 EUR."
975,"Acer Extensa 15 EX215-52-59MA Intel Core i5-1035G1/8GB/256GB SSD/15.6""",Acer,Extensa,Intel Core i5,Intel,Core i5,8.0,256.0,SSD,,False,15.6,False,EUR,,,False,i5-1035G1,10.0,,531.8,"Acer Extensa 15 EX215-52-59MA Intel Core i5-1035G1/8GB/256GB SSD/15.6"" is a laptop by Acer. Processor: i5-1035G1 (Intel generation 10). It has 8 GB RAM and 256 GB SSD storage. The screen is 15.6 inches. Listed price: 532 EUR."
976,"Acer Extensa 15 EX215-54-51HW Intel Core i5-1135G7/8GB/256GB SSD/15.6""",Acer,Extensa,Intel Core i5,Intel,Core i5,8.0,256.0,SSD,,False,15.6,False,EUR,,,False,i5-1135G7,11.0,,529.9,"Acer Extensa 15 EX215-54-51HW Intel Core i5-1135G7/8GB/256GB SSD/15.6"" is a laptop by Acer. Processor: i5-1135G7 (Intel generation 11). It has 8 GB RAM and 256 GB SSD storage. The screen is 15.6 inches. Listed price: 530 EUR."
977,"Lenovo IdeaPad 3 14ALC6 AMD Ryzen 5 5500U/8 GB/512GB SSD/14""",Lenovo,IdeaPad,AMD Ryzen 5,AMD,Ryzen 5,8.0,512.0,SSD,,False,14.0,False,EUR,,,False,Ryzen 5 5500U,,,757.0,"Lenovo IdeaPad 3 14ALC6 AMD Ryzen 5 5500U/8 GB/512GB SSD/14"" is a laptop by Lenovo. Processor: Ryzen 5 5500U. It has 8 GB RAM and 512 GB SSD storage. The screen is 14 inches. Listed price: 757 EUR."
978,"Lenovo ThinkPad E14 G4 Intel Core i5-1235U/16GB/512GB SSD/14""",Lenovo,ThinkPad,Intel Core i5,Intel,Core i5,16.0,512.0,SSD,,False,14.0,False,EUR,,,False,i5-1235U,12.0,,1069.0,"Lenovo ThinkPad E14 G4 Intel Core i5-1235U/16GB/512GB SSD/14"" is a laptop by Lenovo. Processor: i5-1235U (Intel generation 12). It has 16 GB RAM and 512 GB SSD storage. The screen is 14 inches. Listed price: 1069 EUR."
979,"MSI Raider GE78HX 13VH-065ES Intel Core i9-13950HX/32GB/2TB SSD/RTX 4080/17""",MSI,Raider,Intel Core i9,Intel,Core i9,32.0,2000.0,SSD,RTX 4080,True,17.0,False,EUR,,,False,i9-13950HX,13.0,RTX 4080,7150.47,"MSI Raider GE78HX 13VH-065ES Intel Core i9-13950HX/32GB/2TB SSD/RTX 4080/17"" is a laptop by MSI. Processor: i9-13950HX (Intel generation 13). It has 32 GB RAM and 2000 GB SSD storage. Dedicated graphics: RTX 4080. The screen is 17 inches. Listed price: 7150 EUR."
980,"Lenovo LOQ 15IRH8-279 Intel Core i5-13500H/16GB/512GB SSD/RTX4060/15.6"" (PT)",Lenovo,LOQ,Intel Core i5,Intel,Core i5,16.0,512.0,SSD,RTX 4060,True,15.6,False,EUR,,,False,i5-13500H,13.0,RTX 4060,1498.33,"Lenovo LOQ 15IRH8-279 Intel Core i5-13500H/16GB/512GB SSD/RTX4060/15.6"" (PT) is a laptop by Lenovo. Processor: i5-13500H (Intel generation 13). It has 16 GB RAM and 512 GB SSD storage. Dedicated graphics: RTX 4060. The screen is 15.6 inches. Listed price: 1498 EUR."
981,"Acer Chromebook 314 CB314-1H-C07W Intel Celeron N4020/8GB/64GB eMMC/14"" + Funda Protectora con Bolsillo Frontal",Acer,Chromebook,Intel Celeron,Intel,Celeron,8.0,64.0,eMMC,,False,14.0,False,EUR,,,False,Celeron N4020,,,374.0,"Acer Chromebook 314 CB314-1H-C07W Intel Celeron N4020/8GB/64GB eMMC/14"" + Funda Protectora con Bolsillo Frontal is a laptop by Acer. Processor: Celeron N4020. It has 8 GB RAM and 64 GB eMMC storage. The screen is 14 inches. Listed price: 374 EUR."
982,"Dell Latitude 3330 Intel Core i5-1155G7/8 GB/256GB SSD/13.3""",Dell,Latitude,Intel Core i5,Intel,Core i5,8.0,256.0,SSD,,False,13.3,False,EUR,,,False,i5-1155G7,11.0,,912.0,"Dell Latitude 3330 Intel Core i5-1155G7/8 GB/256GB SSD/13.3"" is a laptop by Dell. Processor: i5-1155G7 (Intel generation 11). It has 8 GB RAM and 256 GB SSD storage. The screen is 13.3 inches. Listed price: 912 EUR."
983,"Dell Vostro 5620 Intel Core i5-1240P/16GB/512GB SSD/16""",Dell,Vostro,Intel Core i5,Intel,Core i5,16.0,512.0,SSD,,False,16.0,False,EUR,,,False,i5-1240P,12.0,,961.6,"Dell Vostro 5620 Intel Core i5-1240P/16GB/512GB SSD/16"" is a laptop by Dell. Processor: i5-1240P (Intel generation 12). It has 16 GB RAM and 512 GB SSD storage. The screen is 16 inches. Listed price: 962 EUR."
984,"ASUS Zenbook 14 OLED UX3402ZA-KM023W Intel Evo Core i7-1260P/16GB/512GB SSD/14""",ASUS,ZenBook,Intel Evo Core i7,Intel,Core i7,16.0,512.0,SSD,,False,14.0,False,EUR,,,False,i7-1260P,12.0,,1299.0,"ASUS Zenbook 14 OLED UX3402ZA-KM023W Intel Evo Core i7-1260P/16GB/512GB SSD/14"" is a laptop by ASUS. Processor: i7-1260P (Intel generation 12). It has 16 GB RAM and 512 GB SSD storage. The screen is 14 inches. Listed price: 1299 EUR."
985,"ASUS VivoBook 17 F1704VA-AU116W Intel Core i7-1355U/16GB/512GB SSD/17.3""",ASUS,VivoBook,Intel Core i7,Intel,Core i7,16.0,512.0,SSD,,False,17.3,False,EUR,,,False,i7-1355U,13.0,,912.0,"ASUS VivoBook 17 F1704VA-AU116W Intel Core i7-1355U/16GB/512GB SSD/17.3"" is a laptop by ASUS. Processor: i7-1355U (Intel generation 13). It has 16 GB RAM and 512 GB SSD storage. The screen is 17.3 inches. Listed price: 912 EUR."
986,"HP Pavilion 15-EG1008NS Intel Core i7-1195G7/16GB/512GB SSD/15.6""",HP,Pavilion,Intel Core i7,Intel,Core i7,16.0,512.0,SSD,,False,15.6,False,EUR,,,False,i7-1195G7,11.0,,959.93,"HP Pavilion 15-EG1008NS Intel Core i7-1195G7/16GB/512GB SSD/15.6"" is a laptop by HP. Processor: i7-1195G7 (Intel generation 11). It has 16 GB RAM and 512 GB SSD storage. The screen is 15.6 inches. Listed price: 960 EUR."
987,"HP Pavilion x360 14-ek0031ns Intel Core i7-1255U/16GB/512GB SSD/14"" Táctil",HP,Pavilion,Intel Core i7,Intel,Core i7,16.0,512.0,SSD,,False,14.0,True,EUR,,,False,i7-1255U,12.0,,1267.58,"HP Pavilion x360 14-ek0031ns Intel Core i7-1255U/16GB/512GB SSD/14"" Táctil is a laptop by HP. Processor: i7-1255U (Intel generation 12). It has 16 GB RAM and 512 GB SSD storage. The screen is 14 inches, touchscreen. Listed price: 1268 EUR."
988,"ASUS ZenBook 13 OLED UX325EA Intel Evo Core i7-1165G7/16GB/512GB SSD/13.3""",ASUS,ZenBook,Intel Evo Core i7,Intel,Core i7,16.0,512.0,SSD,,False,13.3,False,EUR,,,False,i7-1165G7,11.0,,1016.0,"ASUS ZenBook 13 OLED UX325EA Intel Evo Core i7-1165G7/16GB/512GB SSD/13.3"" is a laptop by ASUS. Processor: i7-1165G7 (Intel generation 11). It has 16 GB RAM and 512 GB SSD storage. The screen is 13.3 inches. Listed price: 1016 EUR."
989,"Dell Vostro 5320 Intel Evo Core i5-1240P/16GB/512GB SSD/13.3""",Dell,Vostro,Intel Evo Core i5,Intel,Core i5,16.0,512.0,SSD,,False,13.3,False,EUR,,,False,i5-1240P,12.0,,1020.24,"Dell Vostro 5320 Intel Evo Core i5-1240P/16GB/512GB SSD/13.3"" is a laptop by Dell. Processor: i5-1240P (Intel generation 12). It has 16 GB RAM and 512 GB SSD storage. The screen is 13.3 inches. Listed price: 1020 EUR."
990,"Acer Extensa 15 EX215-54-54AL Intel Core i5-1135G7/8GB/256GB SSD/15.6""",Acer,Extensa,Intel Core i5,Intel,Core i5,8.0,256.0,SSD,,False,15.6,False,EUR,,,False,i5-1135G7,11.0,,709.65,"Acer Extensa 15 EX215-54-54AL Intel Core i5-1135G7/8GB/256GB SSD/15.6"" is a laptop by Acer. Processor: i5-1135G7 (Intel generation 11). It has 8 GB RAM and 256 GB SSD storage. The screen is 15.6 inches. Listed price: 710 EUR."
991,"ASUS TUF Gaming A15 2023 FA507NV-LP031W AMD Ryzen 7 7735HS/16GB/512GB SSD/RTX 4060/15.6"" + Gamepad para Xbox Series Negro",ASUS,TUF,AMD Ryzen 7,AMD,Ryzen 7,16.0,512.0,SSD,RTX 4060,True,15.6,False,EUR,,,False,Ryzen 7 7735HS,,RTX 4060,1409.0,"ASUS TUF Gaming A15 2023 FA507NV-LP031W AMD Ryzen 7 7735HS/16GB/512GB SSD/RTX 4060/15.6"" + Gamepad para Xbox Series Negro is a laptop by ASUS. Processor: Ryzen 7 7735HS. It has 16 GB RAM and 512 GB SSD storage. Dedicated graphics: RTX 4060. The screen is 15.6 inches. Listed price: 1409 EUR."
992,"Samsung Galaxy Book3 Pro Intel Evo Core i7-1360P/16GB/512GB SSD/16"" + T7 SSD PCIe NVMe USB 3.2 500GB",Samsung,Galaxy Book,Intel Evo Core i7,Intel,Core i7,16.0,512.0,SSD,,False,16.0,False,EUR,,,False,i7-1360P,13.0,,2099.0,"Samsung Galaxy Book3 Pro Intel Evo Core i7-1360P/16GB/512GB SSD/16"" + T7 SSD PCIe NVMe USB 3.2 500GB is a laptop by Samsung. Processor: i7-1360P (Intel generation 13). It has 16 GB RAM and 512 GB SSD storage. The screen is 16 inches. Listed price: 2099 EUR."
993,"ASUS F515EA-EJ3076W Intel Core i5-1135G7/16GB/512GB SSD/15.6""",ASUS,F515,Intel Core i5,Intel,Core i5,16.0,512.0,SSD,,False,15.6,False,EUR,,,False,i5-1135G7,11.0,,720.92,"ASUS F515EA-EJ3076W Intel Core i5-1135G7/16GB/512GB SSD/15.6"" is a laptop by ASUS. Processor: i5-1135G7 (Intel generation 11). It has 16 GB RAM and 512 GB SSD storage. The screen is 15.6 inches. Listed price: 721 EUR."
994,"Lenovo V15 Gen 2 ITL Intel Core i5-1135G7/16GB/512GB SSD/15.6""",Lenovo,V15,Intel Core i5,Intel,Core i5,16.0,512.0,SSD,,False,15.6,False,EUR,,,False,i5-1135G7,11.0,,810.81,"Lenovo V15 Gen 2 ITL Intel Core i5-1135G7/16GB/512GB SSD/15.6"" is a laptop by Lenovo. Processor: i5-1135G7 (Intel generation 11). It has 16 GB RAM and 512 GB SSD storage. The screen is 15.6 inches. Listed price: 811 EUR."
995,"Microsoft Surface Pro 7+ Intel Core i7-1165G7/32GB/1TB SSD/12.3"" Táctil Platino",Microsoft,Surface Pro,Intel Core i7,Intel,Core i7,32.0,1000.0,SSD,,False,12.3,True,EUR,,,False,i7-1165G7,11.0,,2014.58,"Microsoft Surface Pro 7+ Intel Core i7-1165G7/32GB/1TB SSD/12.3"" Táctil Platino is a laptop by Microsoft. Processor: i7-1165G7 (Intel generation 11). It has 32 GB RAM and 1000 GB SSD storage. The screen is 12.3 inches, touchscreen. Listed price: 2015 EUR."
996,"Acer Chromebook 314 CB314-1H-C07W Intel Celeron N4020/8GB/64GB eMMC/14""",Acer,Chromebook,Intel Celeron,Intel,Celeron,8.0,64.0,eMMC,,False,14.0,False,EUR,,,False,Celeron N4020,,,346.99,"Acer Chromebook 314 CB314-1H-C07W Intel Celeron N4020/8GB/64GB eMMC/14"" is a laptop by Acer. Processor: Celeron N4020. It has 8 GB RAM and 64 GB eMMC storage. The screen is 14 inches. Listed price: 347 EUR."
997,"HP 15S-EQ2090NS AMD Ryzen 5 5500U/8GB/512GB SSD/15.6"" + Microsoft 365 Personal 12 Meses Descarga Digital",HP,15S,AMD Ryzen 5,AMD,Ryzen 5,8.0,512.0,SSD,,False,15.6,False,EUR,,,False,Ryzen 5 5500U,,,660.99,"HP 15S-EQ2090NS AMD Ryzen 5 5500U/8GB/512GB SSD/15.6"" + Microsoft 365 Personal 12 Meses Descarga Digital is a laptop by HP. Processor: Ryzen 5 5500U. It has 8 GB RAM and 512 GB SSD storage. The screen is 15.6 inches. Listed price: 661 EUR."
998,"HP 15S-FQ5013NS Intel Core i5-1235U/8GB/512GB SSD/15.6"" + Microsoft 365 Personal 12 Meses Descarga Digital",HP,15S,Intel Core i5,Intel,Core i5,8.0,512.0,SSD,,False,15.6,False,EUR,,,False,i5-1235U,12.0,,760.99,"HP 15S-FQ5013NS Intel Core i5-1235U/8GB/512GB SSD/15.6"" + Microsoft 365 Personal 12 Meses Descarga Digital is a laptop by HP. Processor: i5-1235U (Intel generation 12). It has 8 GB RAM and 512 GB SSD storage. The screen is 15.6 inches. Listed price: 761 EUR."
999,"Lenovo V15 IGL Intel Celeron N4020/8GB/256 GB SSD/15.6""+Microsoft 365 Personal 12 Meses Descarga Digital",Lenovo,V15,Intel Celeron,Intel,Celeron,8.0,256.0,SSD,,False,15.6,False,EUR,,,False,Celeron N4020,,,411.0,"Lenovo V15 IGL Intel Celeron N4020/8GB/256 GB SSD/15.6""+Microsoft 365 Personal 12 Meses Descarga Digital is a laptop by Lenovo. Processor: Celeron N4020. It has 8 GB RAM and 256 GB SSD storage. The screen is 15.6 inches. Listed price: 411 EUR."
1000,"Medion Erazer Deputy P10 MD62132 Intel Core i5-10300H/8GB/512GB SSD/GTX 1660Ti/15.6"" + Crucial SO-DIMM DDR4 8GB 3200MHz",Medion,Deputy,Intel Core i5,Intel,Core i5,8.0,512.0,SSD,GTX 1660,True,15.6,False,EUR,,,False,i5-10300H,10.0,GTX 1660,1029.0,"Medion Erazer Deputy P10 MD62132 Intel Core i5-10300H/8GB/512GB SSD/GTX 1660Ti/15.6"" + Crucial SO-DIMM DDR4 8GB 3200MHz is a laptop by Medion. Processor: i5-10300H (Intel generation 10). It has 8 GB RAM and 512 GB SSD storage. Dedicated graphics: GTX 1660. The screen is 15.6 inches. Listed price: 1029 EUR."
1001,"Samsung Galaxy Book3 Pro 360 Intel Evo Core i7-1360P/16GB/512GB SSD/16"" Táctil+ T7 SSD PCIe NVMe USB 3.2 500GB",Samsung,Galaxy Book,Intel Evo Core i7,Intel,Core i7,16.0,512.0,SSD,,False,16.0,True,EUR,,,False,i7-1360P,13.0,,2198.99,"Samsung Galaxy Book3 Pro 360 Intel Evo Core i7-1360P/16GB/512GB SSD/16"" Táctil+ T7 SSD PCIe NVMe USB 3.2 500GB is a laptop by Samsung. Processor: i7-1360P (Intel generation 13). It has 16 GB RAM and 512 GB SSD storage. The screen is 16 inches, touchscreen. Listed price: 2199 EUR."
1002,"ASUS  ROG Zephyrus M16 GU604VI-93D47PB1 Intel Core i9-13900H/32GB/1TB SSD/RTX 4070/16"" (PT)",ASUS,ROG,Intel Core i9,Intel,Core i9,32.0,1000.0,SSD,RTX 4070,True,16.0,False,EUR,,,False,i9-13900H,13.0,RTX 4070,3456.44,"ASUS  ROG Zephyrus M16 GU604VI-93D47PB1 Intel Core i9-13900H/32GB/1TB SSD/RTX 4070/16"" (PT) is a laptop by ASUS. Processor: i9-13900H (Intel generation 13). It has 32 GB RAM and 1000 GB SSD storage. Dedicated graphics: RTX 4070. The screen is 16 inches. Listed price: 3456 EUR."
1003,ASUS ROG Strix SCAR 18 G834JY-93B49PB1 Intel Core i9-13980HX/64GB/2TB SSD/RTX 4090/16'' (PT),ASUS,ROG,Intel Core i9,Intel,Core i9,64.0,2000.0,SSD,RTX 4090,True,16.0,False,EUR,,,False,i9-13980HX,13.0,RTX 4090,5758.14,ASUS ROG Strix SCAR 18 G834JY-93B49PB1 Intel Core i9-13980HX/64GB/2TB SSD/RTX 4090/16'' (PT) is a laptop by ASUS. Processor: i9-13980HX (Intel generation 13). It has 64 GB RAM and 2000 GB SSD storage. Dedicated graphics: RTX 4090. The screen is 16 inches. Listed price: 5758 EUR.
1004,"ASUS ROG Strix Scar 17 G733PZ-R97B48PB1  AMD Ryzen 9 7945HX/32GB/1TB SSD/RTX 4080/17.3"" (PT)",ASUS,ROG,AMD Radeon 9,AMD,,32.0,1000.0,SSD,RTX 4080,True,17.3,False,EUR,,,False,,,RTX 4080,4753.32,"ASUS ROG Strix Scar 17 G733PZ-R97B48PB1  AMD Ryzen 9 7945HX/32GB/1TB SSD/RTX 4080/17.3"" (PT) is a laptop by ASUS. Processor: AMD Radeon 9. It has 32 GB RAM and 1000 GB SSD storage. Dedicated graphics: RTX 4080. The screen is 17.3 inches. Listed price: 4753 EUR."
1005,ASUS ROG Zephyrus G14 GA402RJ AMD Ryzen 7-6800HS/16GB/1TB SSD/RX 6700S/14'' (PT),ASUS,ROG,AMD Ryzen 7,AMD,Ryzen 7,16.0,1000.0,SSD,,True,14.0,False,EUR,,,False,,,RX 6700S,1730.15,ASUS ROG Zephyrus G14 GA402RJ AMD Ryzen 7-6800HS/16GB/1TB SSD/RX 6700S/14'' (PT) is a laptop by ASUS. Processor: AMD Ryzen 7. It has 16 GB RAM and 1000 GB SSD storage. Dedicated graphics: RX 6700S. The screen is 14 inches. Listed price: 1730 EUR.
1006,HP Laptop 15s-eq2074np AMD Ryzen 5-5500U/12GB/256GB SSD/15.6'' (PT),HP,15S,AMD Ryzen 5,AMD,Ryzen 5,12.0,256.0,SSD,,False,15.6,False,EUR,,,False,,,,655.34,HP Laptop 15s-eq2074np AMD Ryzen 5-5500U/12GB/256GB SSD/15.6'' (PT) is a laptop by HP. Processor: AMD Ryzen 5. It has 12 GB RAM and 256 GB SSD storage. The screen is 15.6 inches. Listed price: 655 EUR.
1007,HP OMEN 16-b1002np Intel Core i7-12700H/16GB/1TB SSD/RTX 3060/16.1'' (PT),HP,Omen,Intel Core i7,Intel,Core i7,16.0,1000.0,SSD,RTX 3060,True,16.1,False,EUR,,,False,i7-12700H,12.0,RTX 3060,1887.39,HP OMEN 16-b1002np Intel Core i7-12700H/16GB/1TB SSD/RTX 3060/16.1'' (PT) is a laptop by HP. Processor: i7-12700H (Intel generation 12). It has 16 GB RAM and 1000 GB SSD storage. Dedicated graphics: RTX 3060. The screen is 16.1 inches. Listed price: 1887 EUR.
1008,HP Victus 16-d1027np Intel Core i5-12500H/8GB/512GB SSD/RTX 3050Ti/16.1'' (PT),HP,Victus,Intel Core i5,Intel,Core i5,8.0,512.0,SSD,RTX 3050,True,16.1,False,EUR,,,False,i5-12500H,12.0,RTX 3050,1438.68,HP Victus 16-d1027np Intel Core i5-12500H/8GB/512GB SSD/RTX 3050Ti/16.1'' (PT) is a laptop by HP. Processor: i5-12500H (Intel generation 12). It has 8 GB RAM and 512 GB SSD storage. Dedicated graphics: RTX 3050. The screen is 16.1 inches. Listed price: 1439 EUR.
1009,"HP 250 G8 Intel Core i7-1165G7/16 GB/512GB SSD/15.6""",HP,250,Intel Core i7,Intel,Core i7,16.0,512.0,SSD,,False,15.6,False,EUR,,,False,i7-1165G7,11.0,,1078.0,"HP 250 G8 Intel Core i7-1165G7/16 GB/512GB SSD/15.6"" is a laptop by HP. Processor: i7-1165G7 (Intel generation 11). It has 16 GB RAM and 512 GB SSD storage. The screen is 15.6 inches. Listed price: 1078 EUR."
1010,"ASUS Chromebook CR1 CR1100CKA-GJ0132 Intel Celeron N4500/4GB/32GB/11.6""",ASUS,Chromebook,Intel Celeron,Intel,Celeron,4.0,32.0,,,False,11.6,False,EUR,,,False,Celeron N4500,,,304.82,"ASUS Chromebook CR1 CR1100CKA-GJ0132 Intel Celeron N4500/4GB/32GB/11.6"" is a laptop by ASUS. Processor: Celeron N4500. It has 4 GB RAM and 32 GB storage. The screen is 11.6 inches. Listed price: 305 EUR."
1011,"ASUS Chromebook CR1100FKA-BP0024 Intel Celeron N4500/4GB/32GB eMMC/11.6"" Táctil",ASUS,Chromebook,Intel Celeron,Intel,Celeron,4.0,32.0,eMMC,,False,11.6,True,EUR,,,False,Celeron N4500,,,398.4,"ASUS Chromebook CR1100FKA-BP0024 Intel Celeron N4500/4GB/32GB eMMC/11.6"" Táctil is a laptop by ASUS. Processor: Celeron N4500. It has 4 GB RAM and 32 GB eMMC storage. The screen is 11.6 inches, touchscreen. Listed price: 398 EUR."
1012,"ASUS Chromebook CX1500CNA-EJ0101 Intel Celeron N3350/8GB/32GB eMMC/15.6""",ASUS,Chromebook,Intel Celeron,Intel,Celeron,8.0,32.0,eMMC,,False,15.6,False,EUR,,,False,Celeron N3350,,,466.0,"ASUS Chromebook CX1500CNA-EJ0101 Intel Celeron N3350/8GB/32GB eMMC/15.6"" is a laptop by ASUS. Processor: Celeron N3350. It has 8 GB RAM and 32 GB eMMC storage. The screen is 15.6 inches. Listed price: 466 EUR."
1013,"ASUS Chromebook Flip CX5 CB5400FMA Intel Core i5-1130G7/8GB/256GB SSD/14""",ASUS,Chromebook,Intel Core i5,Intel,Core i5,8.0,256.0,SSD,,False,14.0,False,EUR,,,False,i5-1130G7,11.0,,777.0,"ASUS Chromebook Flip CX5 CB5400FMA Intel Core i5-1130G7/8GB/256GB SSD/14"" is a laptop by ASUS. Processor: i5-1130G7 (Intel generation 11). It has 8 GB RAM and 256 GB SSD storage. The screen is 14 inches. Listed price: 777 EUR."
1014,"ASUS Chromebook Flip CX5 CB5400FMA Intel Core i7-1160G7/8GB/256GB SSD/14""",ASUS,Chromebook,Intel Core i7,Intel,Core i7,8.0,256.0,SSD,,False,14.0,False,EUR,,,False,i7-1160G7,11.0,,918.0,"ASUS Chromebook Flip CX5 CB5400FMA Intel Core i7-1160G7/8GB/256GB SSD/14"" is a laptop by ASUS. Processor: i7-1160G7 (Intel generation 11). It has 8 GB RAM and 256 GB SSD storage. The screen is 14 inches. Listed price: 918 EUR."
1015,"ASUS E510MA-EJ617W Intel Celeron N4020/8GB/256GB SSD/15.6""",ASUS,E510,Intel Celeron,Intel,Celeron,8.0,256.0,SSD,,False,15.6,False,EUR,,,False,Celeron N4020,,,364.16,"ASUS E510MA-EJ617W Intel Celeron N4020/8GB/256GB SSD/15.6"" is a laptop by ASUS. Processor: Celeron N4020. It has 8 GB RAM and 256 GB SSD storage. The screen is 15.6 inches. Listed price: 364 EUR."
1016,"ASUS ExpertBook B1 B1500CEAE-BQ1856R Intel Core i5-1135G7/8GB/512GB SSD/15.6""",ASUS,ExpertBook,Intel Core i5,Intel,Core i5,8.0,512.0,SSD,,False,15.6,False,EUR,,,False,i5-1135G7,11.0,,901.99,"ASUS ExpertBook B1 B1500CEAE-BQ1856R Intel Core i5-1135G7/8GB/512GB SSD/15.6"" is a laptop by ASUS. Processor: i5-1135G7 (Intel generation 11). It has 8 GB RAM and 512 GB SSD storage. The screen is 15.6 inches. Listed price: 902 EUR."
1017,"ASUS ExpertBook B1 B1502CBA-EJ0433W Intel Core i3-1215U/8GB/256GB SSD/15.6""",ASUS,ExpertBook,Intel Core i3,Intel,Core i3,8.0,256.0,SSD,,False,15.6,False,EUR,,,False,i3-1215U,12.0,,545.0,"ASUS ExpertBook B1 B1502CBA-EJ0433W Intel Core i3-1215U/8GB/256GB SSD/15.6"" is a laptop by ASUS. Processor: i3-1215U (Intel generation 12). It has 8 GB RAM and 256 GB SSD storage. The screen is 15.6 inches. Listed price: 545 EUR."
1018,"ASUS ExpertBook B5 B5402CBA-EB0316X Intel Core i5-1240P/16GB/512GB SSD/14""",ASUS,ExpertBook,Intel Core i5,Intel,Core i5,16.0,512.0,SSD,,False,14.0,False,EUR,,,False,i5-1240P,12.0,,1259.0,"ASUS ExpertBook B5 B5402CBA-EB0316X Intel Core i5-1240P/16GB/512GB SSD/14"" is a laptop by ASUS. Processor: i5-1240P (Intel generation 12). It has 16 GB RAM and 512 GB SSD storage. The screen is 14 inches. Listed price: 1259 EUR."
1019,"ASUS ExpertBook B5 B5602CBA-MB0418X Intel Core i5-1240P/16GB/512GB SSD/16""",ASUS,ExpertBook,Intel Core i5,Intel,Core i5,16.0,512.0,SSD,,False,16.0,False,EUR,,,False,i5-1240P,12.0,,1238.0,"ASUS ExpertBook B5 B5602CBA-MB0418X Intel Core i5-1240P/16GB/512GB SSD/16"" is a laptop by ASUS. Processor: i5-1240P (Intel generation 12). It has 16 GB RAM and 512 GB SSD storage. The screen is 16 inches. Listed price: 1238 EUR."
1020,"ASUS ExpertBook B6 Flip B6602FC2-MH0248X Intel Core i7-12850HX/16GB/512GB SSD/RTX A2000/16"" Táctil",ASUS,ExpertBook,Intel Core i7,Intel,Core i7,16.0,512.0,SSD,RTX A2000,True,16.0,True,EUR,,,False,i7-12850HX,12.0,RTX A2000,2499.0,"ASUS ExpertBook B6 Flip B6602FC2-MH0248X Intel Core i7-12850HX/16GB/512GB SSD/RTX A2000/16"" Táctil is a laptop by ASUS. Processor: i7-12850HX (Intel generation 12). It has 16 GB RAM and 512 GB SSD storage. Dedicated graphics: RTX A2000. The screen is 16 inches, touchscreen. Listed price: 2499 EUR."
1021,"ASUS ExpertBook B7 Flip B7402FBA-L90012X Intel Core i7-1260P/16GB/512GB SSD/14"" Táctil",ASUS,ExpertBook,Intel Core i7,Intel,Core i7,16.0,512.0,SSD,,False,14.0,True,EUR,,,False,i7-1260P,12.0,,2409.49,"ASUS ExpertBook B7 Flip B7402FBA-L90012X Intel Core i7-1260P/16GB/512GB SSD/14"" Táctil is a laptop by ASUS. Processor: i7-1260P (Intel generation 12). It has 16 GB RAM and 512 GB SSD storage. The screen is 14 inches, touchscreen. Listed price: 2409 EUR."
1022,"ASUS ExpertBook B7 Flip B7402FBA-L90593X Intel Core i5-1240P/16GB/512GB SSD/14"" Táctil",ASUS,ExpertBook,Intel Core i5,Intel,Core i5,16.0,512.0,SSD,,False,14.0,True,EUR,,,False,i5-1240P,12.0,,1703.0,"ASUS ExpertBook B7 Flip B7402FBA-L90593X Intel Core i5-1240P/16GB/512GB SSD/14"" Táctil is a laptop by ASUS. Processor: i5-1240P (Intel generation 12). It has 16 GB RAM and 512 GB SSD storage. The screen is 14 inches, touchscreen. Listed price: 1703 EUR."
1023,"ASUS ExpertBook B7 Flip B7402FEA-LA0136R Intel Core i7-1195G7/16GB/512GB SSD/14"" Táctil",ASUS,ExpertBook,Intel Core i7,Intel,Core i7,16.0,512.0,SSD,,False,14.0,True,EUR,,,False,i7-1195G7,11.0,,1902.0,"ASUS ExpertBook B7 Flip B7402FEA-LA0136R Intel Core i7-1195G7/16GB/512GB SSD/14"" Táctil is a laptop by ASUS. Processor: i7-1195G7 (Intel generation 11). It has 16 GB RAM and 512 GB SSD storage. The screen is 14 inches, touchscreen. Listed price: 1902 EUR."
1024,"ASUS ExpertBook P1512CEA-EJ0286X Intel Core i7-1165G7/16GB/512GB SSD/15.6""",ASUS,ExpertBook,Intel Core i7,Intel,Core i7,16.0,512.0,SSD,,False,15.6,False,EUR,,,False,i7-1165G7,11.0,,937.54,"ASUS ExpertBook P1512CEA-EJ0286X Intel Core i7-1165G7/16GB/512GB SSD/15.6"" is a laptop by ASUS. Processor: i7-1165G7 (Intel generation 11). It has 16 GB RAM and 512 GB SSD storage. The screen is 15.6 inches. Listed price: 938 EUR."
1025,"ASUS Expertbook B9400CBA-KC0029X Intel Core i7-1255U/16GB/1TB SSD/14""",ASUS,ExpertBook,Intel Core i7,Intel,Core i7,16.0,1000.0,SSD,,False,14.0,False,EUR,,,False,i7-1255U,12.0,,1759.0,"ASUS Expertbook B9400CBA-KC0029X Intel Core i7-1255U/16GB/1TB SSD/14"" is a laptop by ASUS. Processor: i7-1255U (Intel generation 12). It has 16 GB RAM and 1000 GB SSD storage. The screen is 14 inches. Listed price: 1759 EUR."
1026,"ASUS F1500EA-BQ3064 Intel Core i5-1135G7/8GB/512GB SSD/15.6""",ASUS,VivoBook,Intel Core i5,Intel,Core i5,8.0,512.0,SSD,,False,15.6,False,EUR,,,False,i5-1135G7,11.0,,544.58,"ASUS F1500EA-BQ3064 Intel Core i5-1135G7/8GB/512GB SSD/15.6"" is a laptop by ASUS. Processor: i5-1135G7 (Intel generation 11). It has 8 GB RAM and 512 GB SSD storage. The screen is 15.6 inches. Listed price: 545 EUR."
1027,"ASUS F1500EA-BQ3075 Intel Core i5-1135G7/16GB/512GB SSD/15.6""",ASUS,VivoBook,Intel Core i5,Intel,Core i5,16.0,512.0,SSD,,False,15.6,False,EUR,,,False,i5-1135G7,11.0,,729.78,"ASUS F1500EA-BQ3075 Intel Core i5-1135G7/16GB/512GB SSD/15.6"" is a laptop by ASUS. Processor: i5-1135G7 (Intel generation 11). It has 16 GB RAM and 512 GB SSD storage. The screen is 15.6 inches. Listed price: 730 EUR."
1028,"ASUS F1500EA-EJ3532 Intel Core i3-1115G4/8GB/256GB SSD/15.6""",ASUS,VivoBook,Intel Core i3,Intel,Core i3,8.0,256.0,SSD,,False,15.6,False,EUR,,,False,i3-1115G4,11.0,,460.63,"ASUS F1500EA-EJ3532 Intel Core i3-1115G4/8GB/256GB SSD/15.6"" is a laptop by ASUS. Processor: i3-1115G4 (Intel generation 11). It has 8 GB RAM and 256 GB SSD storage. The screen is 15.6 inches. Listed price: 461 EUR."
1029,"ASUS F415EA-EK1464 Intel Core i3-1115G4/8 GB/256GB SSD/14""",ASUS,F415EA,Intel Core i3,Intel,Core i3,8.0,256.0,SSD,,False,14.0,False,EUR,,,False,i3-1115G4,11.0,,457.07,"ASUS F415EA-EK1464 Intel Core i3-1115G4/8 GB/256GB SSD/14"" is a laptop by ASUS. Processor: i3-1115G4 (Intel generation 11). It has 8 GB RAM and 256 GB SSD storage. The screen is 14 inches. Listed price: 457 EUR."
1030,"ASUS F515EA-BQ1154W Intel Core i5-1135G7/8GB/512GB SSD/15.6""",ASUS,F515,Intel Core i5,Intel,Core i5,8.0,512.0,SSD,,False,15.6,False,EUR,,,False,i5-1135G7,11.0,,613.91,"ASUS F515EA-BQ1154W Intel Core i5-1135G7/8GB/512GB SSD/15.6"" is a laptop by ASUS. Processor: i5-1135G7 (Intel generation 11). It has 8 GB RAM and 512 GB SSD storage. The screen is 15.6 inches. Listed price: 614 EUR."
1031,"ASUS F515EA-BQ1859W Intel Core i3-1115G4/8GB/256GB SSD/15.6""",ASUS,F515,Intel Core i3,Intel,Core i3,8.0,256.0,SSD,,False,15.6,False,EUR,,,False,i3-1115G4,11.0,,570.43,"ASUS F515EA-BQ1859W Intel Core i3-1115G4/8GB/256GB SSD/15.6"" is a laptop by ASUS. Processor: i3-1115G4 (Intel generation 11). It has 8 GB RAM and 256 GB SSD storage. The screen is 15.6 inches. Listed price: 570 EUR."
1032,"ASUS F515EA-EJ2640W Intel Core i3-1115G4/8GB/256GB SSD/15.6""",ASUS,F515,Intel Core i3,Intel,Core i3,8.0,256.0,SSD,,False,15.6,False,EUR,,,False,i3-1115G4,11.0,,424.96,"ASUS F515EA-EJ2640W Intel Core i3-1115G4/8GB/256GB SSD/15.6"" is a laptop by ASUS. Processor: i3-1115G4 (Intel generation 11). It has 8 GB RAM and 256 GB SSD storage. The screen is 15.6 inches. Listed price: 425 EUR."
1033,"ASUS Laptop F515EA i7-1165G7 8GB/512GB SSD/15.6"" (PT)",ASUS,F515,Intel Core i7,Intel,Core i7,8.0,512.0,SSD,,False,15.6,False,EUR,,,False,i7-1165G7,11.0,,942.08,"ASUS Laptop F515EA i7-1165G7 8GB/512GB SSD/15.6"" (PT) is a laptop by ASUS. Processor: i7-1165G7 (Intel generation 11). It has 8 GB RAM and 512 GB SSD storage. The screen is 15.6 inches. Listed price: 942 EUR."
1034,ASUS M515DA AMD Ryzen 3 3250U/8GB/256GB SSD/15.6'' (PT),ASUS,M515,AMD Ryzen 3,AMD,Ryzen 3,8.0,256.0,SSD,,False,15.6,False,EUR,,,False,Ryzen 3 3250U,,,595.72,ASUS M515DA AMD Ryzen 3 3250U/8GB/256GB SSD/15.6'' (PT) is a laptop by ASUS. Processor: Ryzen 3 3250U. It has 8 GB RAM and 256 GB SSD storage. The screen is 15.6 inches. Listed price: 596 EUR.
1035,"ASUS P1511CEA-BR1794X Intel Core i3-1115G4/8GB/256GB SSD/15.6""",ASUS,BR,Intel Core i3,Intel,Core i3,8.0,256.0,SSD,,False,15.6,False,EUR,,,False,i3-1115G4,11.0,,609.15,"ASUS P1511CEA-BR1794X Intel Core i3-1115G4/8GB/256GB SSD/15.6"" is a laptop by ASUS. Processor: i3-1115G4 (Intel generation 11). It has 8 GB RAM and 256 GB SSD storage. The screen is 15.6 inches. Listed price: 609 EUR."
1036,"ASUS P1511CEA-EJ1795X Intel Core i7-1165G7/8GB/512GB SSD/15.6""",ASUS,P1511,Intel Core i7,Intel,Core i7,8.0,512.0,SSD,,False,15.6,False,EUR,,,False,i7-1165G7,11.0,,840.24,"ASUS P1511CEA-EJ1795X Intel Core i7-1165G7/8GB/512GB SSD/15.6"" is a laptop by ASUS. Processor: i7-1165G7 (Intel generation 11). It has 8 GB RAM and 512 GB SSD storage. The screen is 15.6 inches. Listed price: 840 EUR."
1037,"ASUS P1511CEA-EJ791R Intel Core i7-1165G7/8GB/512GB SSD/15.6""",ASUS,P1511,Intel Core i7,Intel,Core i7,8.0,512.0,SSD,,False,15.6,False,EUR,,,False,i7-1165G7,11.0,,853.63,"ASUS P1511CEA-EJ791R Intel Core i7-1165G7/8GB/512GB SSD/15.6"" is a laptop by ASUS. Processor: i7-1165G7 (Intel generation 11). It has 8 GB RAM and 512 GB SSD storage. The screen is 15.6 inches. Listed price: 854 EUR."
1038,"ASUS ROG Flow X13 GV301QC-K6120T AMD Ryzen 9 5980HS/32GB/1TB SSD/RTX 3050/13.4"" Táctil",ASUS,ROG,AMD Ryzen 9,AMD,Ryzen 9,32.0,1000.0,SSD,RTX 3050,True,13.4,True,EUR,,,False,Ryzen 9 5980HS,,RTX 3050,3943.37,"ASUS ROG Flow X13 GV301QC-K6120T AMD Ryzen 9 5980HS/32GB/1TB SSD/RTX 3050/13.4"" Táctil is a laptop by ASUS. Processor: Ryzen 9 5980HS. It has 32 GB RAM and 1000 GB SSD storage. Dedicated graphics: RTX 3050. The screen is 13.4 inches, touchscreen. Listed price: 3943 EUR."
1039,"ASUS ROG Flow X13 GV301RC-LJ076W AMD Ryzen 7 6800HS/16GB/1TB SSD/RTX 3050/13.4"" Táctil",ASUS,ROG,AMD Ryzen 7,AMD,Ryzen 7,16.0,1000.0,SSD,RTX 3050,True,13.4,True,EUR,,,False,Ryzen 7 6800HS,,RTX 3050,2086.72,"ASUS ROG Flow X13 GV301RC-LJ076W AMD Ryzen 7 6800HS/16GB/1TB SSD/RTX 3050/13.4"" Táctil is a laptop by ASUS. Processor: Ryzen 7 6800HS. It has 16 GB RAM and 1000 GB SSD storage. Dedicated graphics: RTX 3050. The screen is 13.4 inches, touchscreen. Listed price: 2087 EUR."
1040,"ASUS ROG Flow X13 GV301RE-LJ057W AMD Ryzen 9 6900HS/32GB/1TB SSD/RTX 3050Ti/13.4"" Táctil",ASUS,ROG,AMD Ryzen 9,AMD,Ryzen 9,32.0,1000.0,SSD,RTX 3050,True,13.4,True,EUR,,,False,Ryzen 9 6900HS,,RTX 3050,3834.15,"ASUS ROG Flow X13 GV301RE-LJ057W AMD Ryzen 9 6900HS/32GB/1TB SSD/RTX 3050Ti/13.4"" Táctil is a laptop by ASUS. Processor: Ryzen 9 6900HS. It has 32 GB RAM and 1000 GB SSD storage. Dedicated graphics: RTX 3050. The screen is 13.4 inches, touchscreen. Listed price: 3834 EUR."
1041,ASUS ROG Strix G15 G513IE AMD Ryzen 7 4800H/16GB/512GB SSD/RTX 3050/15.6'' (PT),ASUS,ROG,AMD Ryzen 7,AMD,Ryzen 7,16.0,512.0,SSD,RTX 3050,True,15.6,False,EUR,,,False,Ryzen 7 4800H,,RTX 3050,1036.46,ASUS ROG Strix G15 G513IE AMD Ryzen 7 4800H/16GB/512GB SSD/RTX 3050/15.6'' (PT) is a laptop by ASUS. Processor: Ryzen 7 4800H. It has 16 GB RAM and 512 GB SSD storage. Dedicated graphics: RTX 3050. The screen is 15.6 inches. Listed price: 1036 EUR.
1042,ASUS ROG Strix G15 G513IM AMD Ryzen 7 4800H/16GB/512GB SSD/RTX3060/15.6'' (PT),ASUS,ROG,AMD Ryzen 7,AMD,Ryzen 7,16.0,512.0,SSD,RTX 3060,True,15.6,False,EUR,,,False,Ryzen 7 4800H,,RTX 3060,1411.19,ASUS ROG Strix G15 G513IM AMD Ryzen 7 4800H/16GB/512GB SSD/RTX3060/15.6'' (PT) is a laptop by ASUS. Processor: Ryzen 7 4800H. It has 16 GB RAM and 512 GB SSD storage. Dedicated graphics: RTX 3060. The screen is 15.6 inches. Listed price: 1411 EUR.
1043,"ASUS ROG Strix G15 G513RC-HN180 AMD Ryzen 7 6800H/16GB/512GB SSD/RTX 3050/15.6""",ASUS,ROG,AMD Ryzen 7,AMD,Ryzen 7,16.0,512.0,SSD,RTX 3050,True,15.6,False,EUR,,,False,Ryzen 7 6800H,,RTX 3050,909.99,"ASUS ROG Strix G15 G513RC-HN180 AMD Ryzen 7 6800H/16GB/512GB SSD/RTX 3050/15.6"" is a laptop by ASUS. Processor: Ryzen 7 6800H. It has 16 GB RAM and 512 GB SSD storage. Dedicated graphics: RTX 3050. The screen is 15.6 inches. Listed price: 910 EUR."
1044,"ASUS ROG Strix G15 G513RW-HQ133 AMD Ryzen 9 6900HX/32GB/1TB SSD/RTX3070Ti/15.6""",ASUS,ROG,AMD Ryzen 9,AMD,Ryzen 9,32.0,1000.0,SSD,RTX 3070,True,15.6,False,EUR,,,False,Ryzen 9 6900HX,,RTX 3070,2535.45,"ASUS ROG Strix G15 G513RW-HQ133 AMD Ryzen 9 6900HX/32GB/1TB SSD/RTX3070Ti/15.6"" is a laptop by ASUS. Processor: Ryzen 9 6900HX. It has 32 GB RAM and 1000 GB SSD storage. Dedicated graphics: RTX 3070. The screen is 15.6 inches. Listed price: 2535 EUR."
1045,ASUS ROG Strix G17 G713RM AMD Ryzen 7 6800H/16GB/1TB SSD/RTX3060/17.3'' (PT),ASUS,ROG,AMD Ryzen 7,AMD,Ryzen 7,16.0,1000.0,SSD,RTX 3060,True,17.3,False,EUR,,,False,Ryzen 7 6800H,,RTX 3060,1455.4,ASUS ROG Strix G17 G713RM AMD Ryzen 7 6800H/16GB/1TB SSD/RTX3060/17.3'' (PT) is a laptop by ASUS. Processor: Ryzen 7 6800H. It has 16 GB RAM and 1000 GB SSD storage. Dedicated graphics: RTX 3060. The screen is 17.3 inches. Listed price: 1455 EUR.
1046,"ASUS ROG Strix Scar 17  G733PY-R97B49PB1 AMD Ryzen™ 9 7945HX/32GB/2TB SSD/RTX 4090/17.3"" (PT)",ASUS,ROG,AMD Radeon 9,AMD,,32.0,2000.0,SSD,RTX 4090,True,17.3,False,EUR,,,False,,,RTX 4090,5630.9,"ASUS ROG Strix Scar 17  G733PY-R97B49PB1 AMD Ryzen™ 9 7945HX/32GB/2TB SSD/RTX 4090/17.3"" (PT) is a laptop by ASUS. Processor: AMD Radeon 9. It has 32 GB RAM and 2000 GB SSD storage. Dedicated graphics: RTX 4090. The screen is 17.3 inches. Listed price: 5631 EUR."
1047,"ASUS TUF Gaming A15 2013 TUF507NU-LP036 AMD Ryzen 7 7735HS/16GB/512GB SSD/RTX 4050/15.6""",ASUS,TUF,AMD Ryzen 7,AMD,Ryzen 7,16.0,512.0,SSD,RTX 4050,True,15.6,False,EUR,,,False,Ryzen 7 7735HS,,RTX 4050,1175.01,"ASUS TUF Gaming A15 2013 TUF507NU-LP036 AMD Ryzen 7 7735HS/16GB/512GB SSD/RTX 4050/15.6"" is a laptop by ASUS. Processor: Ryzen 7 7735HS. It has 16 GB RAM and 512 GB SSD storage. Dedicated graphics: RTX 4050. The screen is 15.6 inches. Listed price: 1175 EUR."
1048,ASUS TUF Gaming A15 FA506QM AMD Ryzen 7 5800H/8GB/512GB SSD/RTX 3060/15.6'' (PT),ASUS,TUF,AMD Ryzen 7,AMD,Ryzen 7,8.0,512.0,SSD,RTX 3060,True,15.6,False,EUR,,,False,Ryzen 7 5800H,,RTX 3060,1122.26,ASUS TUF Gaming A15 FA506QM AMD Ryzen 7 5800H/8GB/512GB SSD/RTX 3060/15.6'' (PT) is a laptop by ASUS. Processor: Ryzen 7 5800H. It has 8 GB RAM and 512 GB SSD storage. Dedicated graphics: RTX 3060. The screen is 15.6 inches. Listed price: 1122 EUR.
1049,"ASUS TUF Gaming A15 FA507RF-R76B25CS1 AMD Ryzen 7 6800HS/16GB/512GB SSD/RTX 2050/15.6"" (PT)",ASUS,TUF,AMD Ryzen 7,AMD,Ryzen 7,16.0,512.0,SSD,RTX 2050,True,15.6,False,EUR,,,False,Ryzen 7 6800HS,,RTX 2050,1106.48,"ASUS TUF Gaming A15 FA507RF-R76B25CS1 AMD Ryzen 7 6800HS/16GB/512GB SSD/RTX 2050/15.6"" (PT) is a laptop by ASUS. Processor: Ryzen 7 6800HS. It has 16 GB RAM and 512 GB SSD storage. Dedicated graphics: RTX 2050. The screen is 15.6 inches. Listed price: 1106 EUR."
1050,"ASUS TUF Gaming F15 TUF506HF-HN012 Intel Core i5-11400H/16GB/512GB SSD/RTX 2050/15.6""",ASUS,TUF,Intel Core i5,Intel,Core i5,16.0,512.0,SSD,RTX 2050,True,15.6,False,EUR,,,False,i5-11400H,11.0,RTX 2050,809.9,"ASUS TUF Gaming F15 TUF506HF-HN012 Intel Core i5-11400H/16GB/512GB SSD/RTX 2050/15.6"" is a laptop by ASUS. Processor: i5-11400H (Intel generation 11). It has 16 GB RAM and 512 GB SSD storage. Dedicated graphics: RTX 2050. The screen is 15.6 inches. Listed price: 810 EUR."
1051,"ASUS TUF Gaming F15 TUF507ZU4-LP110 Intel Core i7-12700H/16GB/512GB SSD/RTX 4050/15.6""",ASUS,TUF,Intel Core i7,Intel,Core i7,16.0,512.0,SSD,RTX 4050,True,15.6,False,EUR,,,False,i7-12700H,12.0,RTX 4050,1265.01,"ASUS TUF Gaming F15 TUF507ZU4-LP110 Intel Core i7-12700H/16GB/512GB SSD/RTX 4050/15.6"" is a laptop by ASUS. Processor: i7-12700H (Intel generation 12). It has 16 GB RAM and 512 GB SSD storage. Dedicated graphics: RTX 4050. The screen is 15.6 inches. Listed price: 1265 EUR."
1052,ASUS TUF Gaming FX506HF-51B25PS1 Intel Core i5-11400H/8GB/512GB SSD/RTX 2050/15.6'' (PT),ASUS,TUF,Intel Core i5,Intel,Core i5,8.0,512.0,SSD,RTX 2050,True,15.6,False,EUR,,,False,i5-11400H,11.0,RTX 2050,946.7,ASUS TUF Gaming FX506HF-51B25PS1 Intel Core i5-11400H/8GB/512GB SSD/RTX 2050/15.6'' (PT) is a laptop by ASUS. Processor: i5-11400H (Intel generation 11). It has 8 GB RAM and 512 GB SSD storage. Dedicated graphics: RTX 2050. The screen is 15.6 inches. Listed price: 947 EUR.
1053,"ASUS VivoBook 15 F1500EA-EJ3095W Intel Core i3-1115G4/8GB/256GB SSD/15.6""",ASUS,VivoBook,Intel Core i3,Intel,Core i3,8.0,256.0,SSD,,False,15.6,False,EUR,,,False,i3-1115G4,11.0,,389.0,"ASUS VivoBook 15 F1500EA-EJ3095W Intel Core i3-1115G4/8GB/256GB SSD/15.6"" is a laptop by ASUS. Processor: i3-1115G4 (Intel generation 11). It has 8 GB RAM and 256 GB SSD storage. The screen is 15.6 inches. Listed price: 389 EUR."
1054,"ASUS VivoBook 15 F1500EA-EJ3431W Intel Core i5-1135G7/16GB/512GB SSD/15.6""",ASUS,VivoBook,Intel Core i5,Intel,Core i5,16.0,512.0,SSD,,False,15.6,False,EUR,,,False,i5-1135G7,11.0,,804.7,"ASUS VivoBook 15 F1500EA-EJ3431W Intel Core i5-1135G7/16GB/512GB SSD/15.6"" is a laptop by ASUS. Processor: i5-1135G7 (Intel generation 11). It has 16 GB RAM and 512 GB SSD storage. The screen is 15.6 inches. Listed price: 805 EUR."
1055,"ASUS VivoBook F1500EA-BQ2363 Intel Core i5-1135G7/8GB/512GB SSD/15.6""",ASUS,VivoBook,Intel Core i5,Intel,Core i5,8.0,512.0,SSD,,False,15.6,False,EUR,,,False,i5-1135G7,11.0,,648.97,"ASUS VivoBook F1500EA-BQ2363 Intel Core i5-1135G7/8GB/512GB SSD/15.6"" is a laptop by ASUS. Processor: i5-1135G7 (Intel generation 11). It has 8 GB RAM and 512 GB SSD storage. The screen is 15.6 inches. Listed price: 649 EUR."
1056,"ASUS VivoBook F1605PA-MB127W Intel Core i5-11300H/16GB/512GB SSD/16""",ASUS,VivoBook,Intel Core i5,Intel,Core i5,16.0,512.0,SSD,,False,16.0,False,EUR,,,False,i5-11300H,11.0,,698.44,"ASUS VivoBook F1605PA-MB127W Intel Core i5-11300H/16GB/512GB SSD/16"" is a laptop by ASUS. Processor: i5-11300H (Intel generation 11). It has 16 GB RAM and 512 GB SSD storage. The screen is 16 inches. Listed price: 698 EUR."
1057,"ASUS VivoBook F515EA-BQ3013X Intel Core i5-1135G7/8GB/512GB SSD/15.6""",ASUS,VivoBook,Intel Core i5,Intel,Core i5,8.0,512.0,SSD,,False,15.6,False,EUR,,,False,i5-1135G7,11.0,,666.37,"ASUS VivoBook F515EA-BQ3013X Intel Core i5-1135G7/8GB/512GB SSD/15.6"" is a laptop by ASUS. Processor: i5-1135G7 (Intel generation 11). It has 8 GB RAM and 512 GB SSD storage. The screen is 15.6 inches. Listed price: 666 EUR."
1058,"ASUS VivoBook F515EA-EJ3061 Intel Core i7-1165G7/8GB/512GB SSD/15.6""",ASUS,VivoBook,Intel Core i7,Intel,Core i7,8.0,512.0,SSD,,False,15.6,False,EUR,,,False,i7-1165G7,11.0,,568.19,"ASUS VivoBook F515EA-EJ3061 Intel Core i7-1165G7/8GB/512GB SSD/15.6"" is a laptop by ASUS. Processor: i7-1165G7 (Intel generation 11). It has 8 GB RAM and 512 GB SSD storage. The screen is 15.6 inches. Listed price: 568 EUR."
1059,"ASUS VivoBook Go 14 Flip TP1400KA-BZ117WS Intel Celeron N4500/4GB/128GB eMMC/14"" Táctil",ASUS,VivoBook,Intel Celeron,Intel,Celeron,4.0,128.0,eMMC,,False,14.0,True,EUR,,,False,Celeron N4500,,,557.73,"ASUS VivoBook Go 14 Flip TP1400KA-BZ117WS Intel Celeron N4500/4GB/128GB eMMC/14"" Táctil is a laptop by ASUS. Processor: Celeron N4500. It has 4 GB RAM and 128 GB eMMC storage. The screen is 14 inches, touchscreen. Listed price: 558 EUR."
1060,"ASUS VivoBook Pro 15 OLED M6500QC-L1081W AMD Ryzen 5 5600H/16GB/512GB SSD/RTX 3050/15.6""",ASUS,VivoBook,AMD Ryzen 5,AMD,Ryzen 5,16.0,512.0,SSD,RTX 3050,True,15.6,False,EUR,,,False,Ryzen 5 5600H,,RTX 3050,1016.0,"ASUS VivoBook Pro 15 OLED M6500QC-L1081W AMD Ryzen 5 5600H/16GB/512GB SSD/RTX 3050/15.6"" is a laptop by ASUS. Processor: Ryzen 5 5600H. It has 16 GB RAM and 512 GB SSD storage. Dedicated graphics: RTX 3050. The screen is 15.6 inches. Listed price: 1016 EUR."
1061,"ASUS VivoBook Pro 16X OLED N7600ZE-L2015W Intel Core i7-12700H/16GB/512GB SSD/RTX 3050 Ti/16""",ASUS,VivoBook,Intel Core i7,Intel,Core i7,16.0,512.0,SSD,RTX 3050,True,16.0,False,EUR,,,False,i7-12700H,12.0,RTX 3050,1745.11,"ASUS VivoBook Pro 16X OLED N7600ZE-L2015W Intel Core i7-12700H/16GB/512GB SSD/RTX 3050 Ti/16"" is a laptop by ASUS. Processor: i7-12700H (Intel generation 12). It has 16 GB RAM and 512 GB SSD storage. Dedicated graphics: RTX 3050. The screen is 16 inches. Listed price: 1745 EUR."
1062,"ASUS VivoBook S 15 OLED K3502ZA-MA115W Intel Core i5-12500H/16GB/512GB SSD/15.6""",ASUS,VivoBook,Intel Core i5,Intel,Core i5,16.0,512.0,SSD,,False,15.6,False,EUR,,,False,i5-12500H,12.0,,1212.25,"ASUS VivoBook S 15 OLED K3502ZA-MA115W Intel Core i5-12500H/16GB/512GB SSD/15.6"" is a laptop by ASUS. Processor: i5-12500H (Intel generation 12). It has 16 GB RAM and 512 GB SSD storage. The screen is 15.6 inches. Listed price: 1212 EUR."
1063,"ASUS Vivobook Go E1504FA-BQ202W AMD Ryzen 3 7320U/8GB/256GB SSD/Radeon 610M/15.6""",ASUS,VivoBook,AMD Ryzen 3,AMD,Ryzen 3,8.0,256.0,SSD,610 M,True,15.6,False,EUR,,,False,Ryzen 3 7320U,,610 M,563.23,"ASUS Vivobook Go E1504FA-BQ202W AMD Ryzen 3 7320U/8GB/256GB SSD/Radeon 610M/15.6"" is a laptop by ASUS. Processor: Ryzen 3 7320U. It has 8 GB RAM and 256 GB SSD storage. Dedicated graphics: 610 M. The screen is 15.6 inches. Listed price: 563 EUR."
1064,ASUS Vivobook K513EP-51BM3SB2 Intel Core i5-1135G7/8GB/512GB SSD/MX330/15.6'' (PT),ASUS,VivoBook,Intel Core i5,Intel,Core i5,8.0,512.0,SSD,MX 330,True,15.6,False,EUR,,,False,i5-1135G7,11.0,MX 330,867.0,ASUS Vivobook K513EP-51BM3SB2 Intel Core i5-1135G7/8GB/512GB SSD/MX330/15.6'' (PT) is a laptop by ASUS. Processor: i5-1135G7 (Intel generation 11). It has 8 GB RAM and 512 GB SSD storage. Dedicated graphics: MX 330. The screen is 15.6 inches. Listed price: 867 EUR.
1065,"ASUS Vivobook M1503IA AMD Ryzen 7 4800H/16GB/512GB SSD/15.6"" (PT)",ASUS,VivoBook,AMD Ryzen 7,AMD,Ryzen 7,16.0,512.0,SSD,,False,15.6,False,EUR,,,False,Ryzen 7 4800H,,,1035.84,"ASUS Vivobook M1503IA AMD Ryzen 7 4800H/16GB/512GB SSD/15.6"" (PT) is a laptop by ASUS. Processor: Ryzen 7 4800H. It has 16 GB RAM and 512 GB SSD storage. The screen is 15.6 inches. Listed price: 1036 EUR."
1066,"ASUS ZenBook 14 OLED UM3402YA-KM464WS AMD Ryzen 5 7530U/16GB/512GB SSD/14""",ASUS,ZenBook,AMD Ryzen 5,AMD,Ryzen 5,16.0,512.0,SSD,,False,14.0,False,EUR,,,False,Ryzen 5 7530U,,,955.0,"ASUS ZenBook 14 OLED UM3402YA-KM464WS AMD Ryzen 5 7530U/16GB/512GB SSD/14"" is a laptop by ASUS. Processor: Ryzen 5 7530U. It has 16 GB RAM and 512 GB SSD storage. The screen is 14 inches. Listed price: 955 EUR."
1067,"ASUS ZenBook 14 OLED UX3402VA-KM004W Intel Evo Core i5-1340P/16GB/512GB SSD/14""",ASUS,ZenBook,Intel Evo Core i5,Intel,Core i5,16.0,512.0,SSD,,False,14.0,False,EUR,,,False,i5-1340P,13.0,,1205.99,"ASUS ZenBook 14 OLED UX3402VA-KM004W Intel Evo Core i5-1340P/16GB/512GB SSD/14"" is a laptop by ASUS. Processor: i5-1340P (Intel generation 13). It has 16 GB RAM and 512 GB SSD storage. The screen is 14 inches. Listed price: 1206 EUR."
1068,"ASUS ZenBook 14 OLED UX3402ZA-KM214 Intel Core i5-1240P/16GB/512GB SSD/14""",ASUS,ZenBook,Intel Core i5,Intel,Core i5,16.0,512.0,SSD,,False,14.0,False,EUR,,,False,i5-1240P,12.0,,959.91,"ASUS ZenBook 14 OLED UX3402ZA-KM214 Intel Core i5-1240P/16GB/512GB SSD/14"" is a laptop by ASUS. Processor: i5-1240P (Intel generation 12). It has 16 GB RAM and 512 GB SSD storage. The screen is 14 inches. Listed price: 960 EUR."
1069,"ASUS ZenBook 14 UM3402YA-KP272W AMD Ryzen 5 5625U/16GB/512GB SSD/14""",ASUS,ZenBook,AMD Ryzen 5,AMD,Ryzen 5,16.0,512.0,SSD,,False,14.0,False,EUR,,,False,Ryzen 5 5625U,,,868.74,"ASUS ZenBook 14 UM3402YA-KP272W AMD Ryzen 5 5625U/16GB/512GB SSD/14"" is a laptop by ASUS. Processor: Ryzen 5 5625U. It has 16 GB RAM and 512 GB SSD storage. The screen is 14 inches. Listed price: 869 EUR."
1070,"ASUS ZenBook 14X OLED UM5401QA-L7207W AMD Ryzen 7 5800H/16GB/512GB SSD/14""",ASUS,ZenBook,AMD Ryzen 7,AMD,Ryzen 7,16.0,512.0,SSD,,False,14.0,False,EUR,,,False,Ryzen 7 5800H,,,1078.65,"ASUS ZenBook 14X OLED UM5401QA-L7207W AMD Ryzen 7 5800H/16GB/512GB SSD/14"" is a laptop by ASUS. Processor: Ryzen 7 5800H. It has 16 GB RAM and 512 GB SSD storage. The screen is 14 inches. Listed price: 1079 EUR."
1071,"ASUS ZenBook Flip 13 OLED UX363EA-HP931W Intel Core i7-1165G7/16GB/512GB SSD/13.3"" Táctil",ASUS,ZenBook,Intel Core i7,Intel,Core i7,16.0,512.0,SSD,,False,13.3,True,EUR,,,False,i7-1165G7,11.0,,1238.18,"ASUS ZenBook Flip 13 OLED UX363EA-HP931W Intel Core i7-1165G7/16GB/512GB SSD/13.3"" Táctil is a laptop by ASUS. Processor: i7-1165G7 (Intel generation 11). It has 16 GB RAM and 512 GB SSD storage. The screen is 13.3 inches, touchscreen. Listed price: 1238 EUR."
1072,"Acer Aspire 3 A315-34 Intel Celeron N4000/8GB/128GB SSD/15.6""",Acer,Aspire,Intel Celeron,Intel,Celeron,8.0,128.0,SSD,,False,15.6,False,EUR,,,False,Celeron N4000,,,486.0,"Acer Aspire 3 A315-34 Intel Celeron N4000/8GB/128GB SSD/15.6"" is a laptop by Acer. Processor: Celeron N4000. It has 8 GB RAM and 128 GB SSD storage. The screen is 15.6 inches. Listed price: 486 EUR."
1073,"Acer Aspire 3 A315-58-72WT Intel Core i7-1165G7/8GB/512GB SSD/15.6""",Acer,Aspire,Intel Core i7,Intel,Core i7,8.0,512.0,SSD,,False,15.6,False,EUR,,,False,i7-1165G7,11.0,,706.2,"Acer Aspire 3 A315-58-72WT Intel Core i7-1165G7/8GB/512GB SSD/15.6"" is a laptop by Acer. Processor: i7-1165G7 (Intel generation 11). It has 8 GB RAM and 512 GB SSD storage. The screen is 15.6 inches. Listed price: 706 EUR."
1074,"Acer Aspire 3 A317-53 Intel Core i3-1115G4/8GB/512GB SSD/17.3""",Acer,Aspire,Intel Core i3,Intel,Core i3,8.0,512.0,SSD,,False,17.3,False,EUR,,,False,i3-1115G4,11.0,,707.69,"Acer Aspire 3 A317-53 Intel Core i3-1115G4/8GB/512GB SSD/17.3"" is a laptop by Acer. Processor: i3-1115G4 (Intel generation 11). It has 8 GB RAM and 512 GB SSD storage. The screen is 17.3 inches. Listed price: 708 EUR."
1075,"Acer Aspire 5 A515-45 AMD Ryzen 5 5500U/8GB/512GB SSD/15.6""",Acer,Aspire,AMD Ryzen 5,AMD,Ryzen 5,8.0,512.0,SSD,,False,15.6,False,EUR,,,False,Ryzen 5 5500U,,,854.93,"Acer Aspire 5 A515-45 AMD Ryzen 5 5500U/8GB/512GB SSD/15.6"" is a laptop by Acer. Processor: Ryzen 5 5500U. It has 8 GB RAM and 512 GB SSD storage. The screen is 15.6 inches. Listed price: 855 EUR."
1076,"Acer Chromebook 515 CB515-1W Intel Core i5-1135G7/8GB/256GB SSD/15.6""",Acer,Chromebook,Intel Core i5,Intel,Core i5,8.0,256.0,SSD,,False,15.6,False,EUR,,,False,i5-1135G7,11.0,,698.0,"Acer Chromebook 515 CB515-1W Intel Core i5-1135G7/8GB/256GB SSD/15.6"" is a laptop by Acer. Processor: i5-1135G7 (Intel generation 11). It has 8 GB RAM and 256 GB SSD storage. The screen is 15.6 inches. Listed price: 698 EUR."
1077,"Acer Chromebook 713 CP713-2W Intel Core i3-10110U/8GB/128GB eMMC/13.5""",Acer,Chromebook,Intel Core i3,Intel,Core i3,8.0,128.0,eMMC,,False,13.5,False,EUR,,,False,i3-10110U,10.0,,792.55,"Acer Chromebook 713 CP713-2W Intel Core i3-10110U/8GB/128GB eMMC/13.5"" is a laptop by Acer. Processor: i3-10110U (Intel generation 10). It has 8 GB RAM and 128 GB eMMC storage. The screen is 13.5 inches. Listed price: 793 EUR."
1078,"Acer Chromebook Spin 513 Qualcomm Snapdragon SC7180/8GB/64GB eMMC/13.3"" Táctil",Acer,Chromebook,Qualcomm Snapdragon 7,Qualcomm,Snapdragon,8.0,64.0,eMMC,,False,13.3,True,EUR,,,False,,,,602.66,"Acer Chromebook Spin 513 Qualcomm Snapdragon SC7180/8GB/64GB eMMC/13.3"" Táctil is a laptop by Acer. Processor: Qualcomm Snapdragon 7. It has 8 GB RAM and 64 GB eMMC storage. The screen is 13.3 inches, touchscreen. Listed price: 603 EUR."
1079,"Acer Chromebook Spin 514 CP514-2H-53KM Intel Core i5-1130G7/8GB/256GB SSD/14"" Táctil",Acer,Chromebook,Intel Core i5,Intel,Core i5,8.0,256.0,SSD,,False,14.0,True,EUR,,,False,i5-1130G7,11.0,,999.0,"Acer Chromebook Spin 514 CP514-2H-53KM Intel Core i5-1130G7/8GB/256GB SSD/14"" Táctil is a laptop by Acer. Processor: i5-1130G7 (Intel generation 11). It has 8 GB RAM and 256 GB SSD storage. The screen is 14 inches, touchscreen. Listed price: 999 EUR."
1080,"Acer ConceptD 3 CN315-72-5762 Intel Core i5-10300H/8GB/512GB SSD/15.6""",Acer,ConceptD,Intel Core i5,Intel,Core i5,8.0,512.0,SSD,,False,15.6,False,EUR,,,False,i5-10300H,10.0,,1121.0,"Acer ConceptD 3 CN315-72-5762 Intel Core i5-10300H/8GB/512GB SSD/15.6"" is a laptop by Acer. Processor: i5-10300H (Intel generation 10). It has 8 GB RAM and 512 GB SSD storage. The screen is 15.6 inches. Listed price: 1121 EUR."
1081,"Acer ConceptD 3 CN315-72G Intel Core i5-10300H/8GB/512GB SSD/GTX 1650/15.6""",Acer,ConceptD,Intel Core i5,Intel,Core i5,8.0,512.0,SSD,GTX 1650,True,15.6,False,EUR,,,False,i5-10300H,10.0,GTX 1650,1349.0,"Acer ConceptD 3 CN315-72G Intel Core i5-10300H/8GB/512GB SSD/GTX 1650/15.6"" is a laptop by Acer. Processor: i5-10300H (Intel generation 10). It has 8 GB RAM and 512 GB SSD storage. Dedicated graphics: GTX 1650. The screen is 15.6 inches. Listed price: 1349 EUR."
1082,"Acer ConceptD 3 Ezel CC314-73G-73NV Intel Core i7-11800H/16GB/512GB SSD/RTX 3050 Ti/14"" Táctil",Acer,ConceptD,Intel Core i7,Intel,Core i7,16.0,512.0,SSD,RTX 3050,True,14.0,True,EUR,,,False,i7-11800H,11.0,RTX 3050,2461.21,"Acer ConceptD 3 Ezel CC314-73G-73NV Intel Core i7-11800H/16GB/512GB SSD/RTX 3050 Ti/14"" Táctil is a laptop by Acer. Processor: i7-11800H (Intel generation 11). It has 16 GB RAM and 512 GB SSD storage. Dedicated graphics: RTX 3050. The screen is 14 inches, touchscreen. Listed price: 2461 EUR."
1083,"Acer ConceptD 3 Ezel Pro CC314-73P-7407 Intel Core i7-11800H/16GB/1TB SSD/T1200/14"" Táctil",Acer,ConceptD,Intel Core i7,Intel,Core i7,16.0,1000.0,SSD,T 1200,True,14.0,True,EUR,,,False,i7-11800H,11.0,T 1200,2516.82,"Acer ConceptD 3 Ezel Pro CC314-73P-7407 Intel Core i7-11800H/16GB/1TB SSD/T1200/14"" Táctil is a laptop by Acer. Processor: i7-11800H (Intel generation 11). It has 16 GB RAM and 1000 GB SSD storage. Dedicated graphics: T 1200. The screen is 14 inches, touchscreen. Listed price: 2517 EUR."
1084,"Acer ConceptD 3 Pro CN314-73P-73M6 Intel Core i7-11800H/16GB/1TB SSD/T1200/14""",Acer,ConceptD,Intel Core i7,Intel,Core i7,16.0,1000.0,SSD,T 1200,True,14.0,False,EUR,,,False,i7-11800H,11.0,T 1200,2119.0,"Acer ConceptD 3 Pro CN314-73P-73M6 Intel Core i7-11800H/16GB/1TB SSD/T1200/14"" is a laptop by Acer. Processor: i7-11800H (Intel generation 11). It has 16 GB RAM and 1000 GB SSD storage. Dedicated graphics: T 1200. The screen is 14 inches. Listed price: 2119 EUR."
1085,"Acer Enduro EN715-51W Intel Core i5-8250U/8GB/512GB SSD/15.6""",Acer,Enduro,Intel Core i5,Intel,Core i5,8.0,512.0,SSD,,False,15.6,False,EUR,,,False,i5-8250U,8.0,,3442.0,"Acer Enduro EN715-51W Intel Core i5-8250U/8GB/512GB SSD/15.6"" is a laptop by Acer. Processor: i5-8250U (Intel generation 8). It has 8 GB RAM and 512 GB SSD storage. The screen is 15.6 inches. Listed price: 3442 EUR."
1086,"Acer Extensa 15 EX215-22 AMD Ryzen 3 3250U/8GB/256GB SSD/15.6""",Acer,Extensa,AMD Ryzen 3,AMD,Ryzen 3,8.0,256.0,SSD,,False,15.6,False,EUR,,,False,Ryzen 3 3250U,,,371.0,"Acer Extensa 15 EX215-22 AMD Ryzen 3 3250U/8GB/256GB SSD/15.6"" is a laptop by Acer. Processor: Ryzen 3 3250U. It has 8 GB RAM and 256 GB SSD storage. The screen is 15.6 inches. Listed price: 371 EUR."
1087,"Acer Extensa 15 EX215-22-R32C AMD Ryzen 5 3500U/8GB/512GB SSD/15.6""",Acer,Extensa,AMD Ryzen 5,AMD,Ryzen 5,8.0,512.0,SSD,,False,15.6,False,EUR,,,False,Ryzen 5 3500U,,,491.13,"Acer Extensa 15 EX215-22-R32C AMD Ryzen 5 3500U/8GB/512GB SSD/15.6"" is a laptop by Acer. Processor: Ryzen 5 3500U. It has 8 GB RAM and 512 GB SSD storage. The screen is 15.6 inches. Listed price: 491 EUR."
1088,"Acer Extensa 15 EX215-22-R6F9 AMD Ryzen 5 3500U/8GB/256GB SSD/15.6""",Acer,Extensa,AMD Ryzen 5,AMD,Ryzen 5,8.0,256.0,SSD,,False,15.6,False,EUR,,,False,Ryzen 5 3500U,,,473.0,"Acer Extensa 15 EX215-22-R6F9 AMD Ryzen 5 3500U/8GB/256GB SSD/15.6"" is a laptop by Acer. Processor: Ryzen 5 3500U. It has 8 GB RAM and 256 GB SSD storage. The screen is 15.6 inches. Listed price: 473 EUR."
1089,"Acer Extensa 15 EX215-22-R7D2 AMD Ryzen 3 3250U/8GB/256GB SSD/15.6""",Acer,Extensa,AMD Ryzen 3,AMD,Ryzen 3,8.0,256.0,SSD,,False,15.6,False,EUR,,,False,Ryzen 3 3250U,,,479.0,"Acer Extensa 15 EX215-22-R7D2 AMD Ryzen 3 3250U/8GB/256GB SSD/15.6"" is a laptop by Acer. Processor: Ryzen 3 3250U. It has 8 GB RAM and 256 GB SSD storage. The screen is 15.6 inches. Listed price: 479 EUR."
1090,"Acer Extensa 15 EX215-52-330L Intel Core i3-1005G1/8GB/256GB SSD/15.6""",Acer,Extensa,Intel Core i3,Intel,Core i3,8.0,256.0,SSD,,False,15.6,False,EUR,,,False,i3-1005G1,10.0,,616.33,"Acer Extensa 15 EX215-52-330L Intel Core i3-1005G1/8GB/256GB SSD/15.6"" is a laptop by Acer. Processor: i3-1005G1 (Intel generation 10). It has 8 GB RAM and 256 GB SSD storage. The screen is 15.6 inches. Listed price: 616 EUR."
1091,"Acer Extensa 15 EX215-52-519J Intel Core i5-1035G1/8GB/512GB SSD/15.6""",Acer,Extensa,Intel Core i5,Intel,Core i5,8.0,512.0,SSD,,False,15.6,False,EUR,,,False,i5-1035G1,10.0,,666.44,"Acer Extensa 15 EX215-52-519J Intel Core i5-1035G1/8GB/512GB SSD/15.6"" is a laptop by Acer. Processor: i5-1035G1 (Intel generation 10). It has 8 GB RAM and 512 GB SSD storage. The screen is 15.6 inches. Listed price: 666 EUR."
1092,"Acer Extensa 15 EX215-53G-56MT Intel Core i5-1035G1/8GB/256GB SSD/MX330/15.6""",Acer,Extensa,Intel Core i5,Intel,Core i5,8.0,256.0,SSD,MX 330,True,15.6,False,EUR,,,False,i5-1035G1,10.0,MX 330,689.08,"Acer Extensa 15 EX215-53G-56MT Intel Core i5-1035G1/8GB/256GB SSD/MX330/15.6"" is a laptop by Acer. Processor: i5-1035G1 (Intel generation 10). It has 8 GB RAM and 256 GB SSD storage. Dedicated graphics: MX 330. The screen is 15.6 inches. Listed price: 689 EUR."
1093,"Acer Extensa 15 EX215-54-34HR Intel Core i3-1115G4/8GB/256GB SSD/15.6""",Acer,Extensa,Intel Core i3,Intel,Core i3,8.0,256.0,SSD,,False,15.6,False,EUR,,,False,i3-1115G4,11.0,,481.6,"Acer Extensa 15 EX215-54-34HR Intel Core i3-1115G4/8GB/256GB SSD/15.6"" is a laptop by Acer. Processor: i3-1115G4 (Intel generation 11). It has 8 GB RAM and 256 GB SSD storage. The screen is 15.6 inches. Listed price: 482 EUR."
1094,"Acer Extensa 15 EX215-54-50UV Intel Core i5-1135G7/8GB/512GB SSD/15.6""",Acer,Extensa,Intel Core i5,Intel,Core i5,8.0,512.0,SSD,,False,15.6,False,EUR,,,False,i5-1135G7,11.0,,541.55,"Acer Extensa 15 EX215-54-50UV Intel Core i5-1135G7/8GB/512GB SSD/15.6"" is a laptop by Acer. Processor: i5-1135G7 (Intel generation 11). It has 8 GB RAM and 512 GB SSD storage. The screen is 15.6 inches. Listed price: 542 EUR."
1095,"Acer TravelMate P2 Intel Core i5-1135G7/8GB/512GB SSD/14""",Acer,TravelMate,Intel Core i5,Intel,Core i5,8.0,512.0,SSD,,False,14.0,False,EUR,,,False,i5-1135G7,11.0,,803.61,"Acer TravelMate P2 Intel Core i5-1135G7/8GB/512GB SSD/14"" is a laptop by Acer. Processor: i5-1135G7 (Intel generation 11). It has 8 GB RAM and 512 GB SSD storage. The screen is 14 inches. Listed price: 804 EUR."
1096,"Acer TravelMate P2 P214-53-593J Intel Core i5-1135G7/16GB/512GB SSD/14""",Acer,TravelMate,Intel Core i5,Intel,Core i5,16.0,512.0,SSD,,False,14.0,False,EUR,,,False,i5-1135G7,11.0,,709.81,"Acer TravelMate P2 P214-53-593J Intel Core i5-1135G7/16GB/512GB SSD/14"" is a laptop by Acer. Processor: i5-1135G7 (Intel generation 11). It has 16 GB RAM and 512 GB SSD storage. The screen is 14 inches. Listed price: 710 EUR."
1097,"Acer TravelMate P2 P215-53-54GL Intel Core i5-1135G7/8GB/512GB SSD/15.6""",Acer,TravelMate,Intel Core i5,Intel,Core i5,8.0,512.0,SSD,,False,15.6,False,EUR,,,False,i5-1135G7,11.0,,789.84,"Acer TravelMate P2 P215-53-54GL Intel Core i5-1135G7/8GB/512GB SSD/15.6"" is a laptop by Acer. Processor: i5-1135G7 (Intel generation 11). It has 8 GB RAM and 512 GB SSD storage. The screen is 15.6 inches. Listed price: 790 EUR."
1098,"Acer TravelMate P2 TMP214-52-77KP Intel Core i7-10510U/8GB/512GB SSD/14""",Acer,TravelMate,Intel Core i7,Intel,Core i7,8.0,512.0,SSD,,False,14.0,False,EUR,,,False,i7-10510U,10.0,,714.29,"Acer TravelMate P2 TMP214-52-77KP Intel Core i7-10510U/8GB/512GB SSD/14"" is a laptop by Acer. Processor: i7-10510U (Intel generation 10). It has 8 GB RAM and 512 GB SSD storage. The screen is 14 inches. Listed price: 714 EUR."
1099,"Acer TravelMate P2 TMP215-53 Intel Core i5-1135G7/8GB/256GB SSD/15.6""",Acer,TravelMate,Intel Core i5,Intel,Core i5,8.0,256.0,SSD,,False,15.6,False,EUR,,,False,i5-1135G7,11.0,,691.97,"Acer TravelMate P2 TMP215-53 Intel Core i5-1135G7/8GB/256GB SSD/15.6"" is a laptop by Acer. Processor: i5-1135G7 (Intel generation 11). It has 8 GB RAM and 256 GB SSD storage. The screen is 15.6 inches. Listed price: 692 EUR."
1100,"Acer TravelMate TMP215-52 Intel Core i3-10110U/8GB/256GB SSD/15.6""",Acer,TravelMate,Intel Core i3,Intel,Core i3,8.0,256.0,SSD,,False,15.6,False,EUR,,,False,i3-10110U,10.0,,547.19,"Acer TravelMate TMP215-52 Intel Core i3-10110U/8GB/256GB SSD/15.6"" is a laptop by Acer. Processor: i3-10110U (Intel generation 10). It has 8 GB RAM and 256 GB SSD storage. The screen is 15.6 inches. Listed price: 547 EUR."
1101,Asus TUF Gaming A15 FA507RR AMD Ryzen 7 6800H/16GB/512GB SSD/RTX 3070/15.6'' (PT),ASUS,TUF,AMD Ryzen 7,AMD,Ryzen 7,16.0,512.0,SSD,RTX 3070,True,15.6,False,EUR,,,False,Ryzen 7 6800H,,RTX 3070,1454.12,Asus TUF Gaming A15 FA507RR AMD Ryzen 7 6800H/16GB/512GB SSD/RTX 3070/15.6'' (PT) is a laptop by ASUS. Processor: Ryzen 7 6800H. It has 16 GB RAM and 512 GB SSD storage. Dedicated graphics: RTX 3070. The screen is 15.6 inches. Listed price: 1454 EUR.
1102,"Asus VivoBook F515EA-BR283T Intel Core i3-1115G4/8GB/256GB SSD/15.6""",ASUS,VivoBook,Intel Core i3,Intel,Core i3,8.0,256.0,SSD,,False,15.6,False,EUR,,,False,i3-1115G4,11.0,,499.0,"Asus VivoBook F515EA-BR283T Intel Core i3-1115G4/8GB/256GB SSD/15.6"" is a laptop by ASUS. Processor: i3-1115G4 (Intel generation 11). It has 8 GB RAM and 256 GB SSD storage. The screen is 15.6 inches. Listed price: 499 EUR."
1103,"Asus VivoBook S413FA-EB560T Intel Core i5-10210U/8GB/256GB SSD/14""",ASUS,VivoBook,Intel Core i5,Intel,Core i5,8.0,256.0,SSD,,False,14.0,False,EUR,,,False,i5-10210U,10.0,,686.45,"Asus VivoBook S413FA-EB560T Intel Core i5-10210U/8GB/256GB SSD/14"" is a laptop by ASUS. Processor: i5-10210U (Intel generation 10). It has 8 GB RAM and 256 GB SSD storage. The screen is 14 inches. Listed price: 686 EUR."
1104,"Asus Vivobook S 15 OLED M3502QA-MA103W AMD Ryzen 7 5800H/16GB/512GB SSD/15.6""",ASUS,VivoBook,AMD Ryzen 7,AMD,Ryzen 7,16.0,512.0,SSD,,False,15.6,False,EUR,,,False,Ryzen 7 5800H,,,1422.0,"Asus Vivobook S 15 OLED M3502QA-MA103W AMD Ryzen 7 5800H/16GB/512GB SSD/15.6"" is a laptop by ASUS. Processor: Ryzen 7 5800H. It has 16 GB RAM and 512 GB SSD storage. The screen is 15.6 inches. Listed price: 1422 EUR."
1105,"Asus ZenBook 14 Ultralight UX435EAL-KC096T Intel Evo Core i7-1165G7/16GB/512GB SSD+32GB Intel Optane/14""",ASUS,Ultra,Intel Evo Core i7,Intel,Core i7,16.0,32.0,SSD,,False,14.0,False,EUR,,,False,i7-1165G7,11.0,,1349.0,"Asus ZenBook 14 Ultralight UX435EAL-KC096T Intel Evo Core i7-1165G7/16GB/512GB SSD+32GB Intel Optane/14"" is a laptop by ASUS. Processor: i7-1165G7 (Intel generation 11). It has 16 GB RAM and 32 GB SSD storage. The screen is 14 inches. Listed price: 1349 EUR."
1106,"ConceptD 7 Ezel Pro CC715-72P-77J7 Intel Core i7-11800H/32GB/1TB SSD/RTX A3000/15.6"" Táctil",Acer,ConceptD,Intel Core i7,Intel,Core i7,32.0,1000.0,SSD,RTX A3000,True,15.6,True,EUR,,,False,i7-11800H,11.0,RTX A3000,2595.0,"ConceptD 7 Ezel Pro CC715-72P-77J7 Intel Core i7-11800H/32GB/1TB SSD/RTX A3000/15.6"" Táctil is a laptop by Acer. Processor: i7-11800H (Intel generation 11). It has 32 GB RAM and 1000 GB SSD storage. Dedicated graphics: RTX A3000. The screen is 15.6 inches, touchscreen. Listed price: 2595 EUR."
1107,"Deep Gaming Nubian 15 Intel Core i7-13700H/32 GB/1TB SSD/RTX 3050/15.6""",Deep Gaming,Nubian,Intel Core i7,Intel,Core i7,32.0,1000.0,SSD,RTX 3050,True,15.6,False,EUR,,,False,i7-13700H,13.0,RTX 3050,1409.0,"Deep Gaming Nubian 15 Intel Core i7-13700H/32 GB/1TB SSD/RTX 3050/15.6"" is a laptop by Deep Gaming. Processor: i7-13700H (Intel generation 13). It has 32 GB RAM and 1000 GB SSD storage. Dedicated graphics: RTX 3050. The screen is 15.6 inches. Listed price: 1409 EUR."
1108,"Deep Gaming Nubian 15 Intel Core i7-13700H/32GB/1TB SSD/RTX 3050/15.6""",Deep Gaming,Nubian,Intel Core i7,Intel,Core i7,32.0,1000.0,SSD,RTX 3050,True,15.6,False,EUR,,,False,i7-13700H,13.0,RTX 3050,1334.0,"Deep Gaming Nubian 15 Intel Core i7-13700H/32GB/1TB SSD/RTX 3050/15.6"" is a laptop by Deep Gaming. Processor: i7-13700H (Intel generation 13). It has 32 GB RAM and 1000 GB SSD storage. Dedicated graphics: RTX 3050. The screen is 15.6 inches. Listed price: 1334 EUR."
1109,"Deep Gaming Nubian 15 Intel Core i7-13700H/32GB/2TB SSD/RTX 3050/15.6""",Deep Gaming,Nubian,Intel Core i7,Intel,Core i7,32.0,2000.0,SSD,RTX 3050,True,15.6,False,EUR,,,False,i7-13700H,13.0,RTX 3050,1525.0,"Deep Gaming Nubian 15 Intel Core i7-13700H/32GB/2TB SSD/RTX 3050/15.6"" is a laptop by Deep Gaming. Processor: i7-13700H (Intel generation 13). It has 32 GB RAM and 2000 GB SSD storage. Dedicated graphics: RTX 3050. The screen is 15.6 inches. Listed price: 1525 EUR."
1110,"Deep Gaming Nubian 15 Intel Core i7-13700H/64GB/1TB SSD/RTX 3050/15.6""",Deep Gaming,Nubian,Intel Core i7,Intel,Core i7,64.0,1000.0,SSD,RTX 3050,True,15.6,False,EUR,,,False,i7-13700H,13.0,RTX 3050,1497.0,"Deep Gaming Nubian 15 Intel Core i7-13700H/64GB/1TB SSD/RTX 3050/15.6"" is a laptop by Deep Gaming. Processor: i7-13700H (Intel generation 13). It has 64 GB RAM and 1000 GB SSD storage. Dedicated graphics: RTX 3050. The screen is 15.6 inches. Listed price: 1497 EUR."
1111,"Deep Gaming Nubian 15 Intel Core i7-13700H/64GB/2TB SSD/RTX 3050/15.6""",Deep Gaming,Nubian,Intel Core i7,Intel,Core i7,64.0,2000.0,SSD,RTX 3050,True,15.6,False,EUR,,,False,i7-13700H,13.0,RTX 3050,1615.0,"Deep Gaming Nubian 15 Intel Core i7-13700H/64GB/2TB SSD/RTX 3050/15.6"" is a laptop by Deep Gaming. Processor: i7-13700H (Intel generation 13). It has 64 GB RAM and 2000 GB SSD storage. Dedicated graphics: RTX 3050. The screen is 15.6 inches. Listed price: 1615 EUR."
1112,"Deep Gaming Nubian 17 Intel Core i7-13700H/32 GB/1TB SSD/RTX 3050/17.3""",Deep Gaming,Nubian,Intel Core i7,Intel,Core i7,32.0,1000.0,SSD,RTX 3050,True,17.3,False,EUR,,,False,i7-13700H,13.0,RTX 3050,1475.0,"Deep Gaming Nubian 17 Intel Core i7-13700H/32 GB/1TB SSD/RTX 3050/17.3"" is a laptop by Deep Gaming. Processor: i7-13700H (Intel generation 13). It has 32 GB RAM and 1000 GB SSD storage. Dedicated graphics: RTX 3050. The screen is 17.3 inches. Listed price: 1475 EUR."
1113,"Deep Gaming Nubian 17 Intel Core i7-13700H/64GB/1TB SSD/RTX 3050/17.3""",Deep Gaming,Nubian,Intel Core i7,Intel,Core i7,64.0,1000.0,SSD,RTX 3050,True,17.3,False,EUR,,,False,i7-13700H,13.0,RTX 3050,1639.01,"Deep Gaming Nubian 17 Intel Core i7-13700H/64GB/1TB SSD/RTX 3050/17.3"" is a laptop by Deep Gaming. Processor: i7-13700H (Intel generation 13). It has 64 GB RAM and 1000 GB SSD storage. Dedicated graphics: RTX 3050. The screen is 17.3 inches. Listed price: 1639 EUR."
1114,"Dell Latitude 3320 Intel Core i7-1165G7/8GB/512GB SSD/13.3""",Dell,Latitude,Intel Core i7,Intel,Core i7,8.0,512.0,SSD,,False,13.3,False,EUR,,,False,i7-1165G7,11.0,,1259.59,"Dell Latitude 3320 Intel Core i7-1165G7/8GB/512GB SSD/13.3"" is a laptop by Dell. Processor: i7-1165G7 (Intel generation 11). It has 8 GB RAM and 512 GB SSD storage. The screen is 13.3 inches. Listed price: 1260 EUR."
1115,"Dell Latitude 3330 Intel Core i5-1155G7/8GB/256GB SSD/13.3""",Dell,Latitude,Intel Core i5,Intel,Core i5,8.0,256.0,SSD,,False,13.3,False,EUR,,,False,i5-1155G7,11.0,,1044.74,"Dell Latitude 3330 Intel Core i5-1155G7/8GB/256GB SSD/13.3"" is a laptop by Dell. Processor: i5-1155G7 (Intel generation 11). It has 8 GB RAM and 256 GB SSD storage. The screen is 13.3 inches. Listed price: 1045 EUR."
1116,"Dell Latitude 3410 Intel Core i7-10510U/8GB/256GB SSD/14""",Dell,Latitude,Intel Core i7,Intel,Core i7,8.0,256.0,SSD,,False,14.0,False,EUR,,,False,i7-10510U,10.0,,1177.9,"Dell Latitude 3410 Intel Core i7-10510U/8GB/256GB SSD/14"" is a laptop by Dell. Processor: i7-10510U (Intel generation 10). It has 8 GB RAM and 256 GB SSD storage. The screen is 14 inches. Listed price: 1178 EUR."
1117,"Dell Latitude 3420 Intel Core i5-1135G7/16 GB/512GB SSD/14"" (PT)",Dell,Latitude,Intel Core i5,Intel,Core i5,16.0,512.0,SSD,,False,14.0,False,EUR,,,False,i5-1135G7,11.0,,1237.85,"Dell Latitude 3420 Intel Core i5-1135G7/16 GB/512GB SSD/14"" (PT) is a laptop by Dell. Processor: i5-1135G7 (Intel generation 11). It has 16 GB RAM and 512 GB SSD storage. The screen is 14 inches. Listed price: 1238 EUR."
1118,"Dell Latitude 3420 Intel Core i5-1135G7/16GB/512GB SSD/14""",Dell,Latitude,Intel Core i5,Intel,Core i5,16.0,512.0,SSD,,False,14.0,False,EUR,,,False,i5-1135G7,11.0,,1091.0,"Dell Latitude 3420 Intel Core i5-1135G7/16GB/512GB SSD/14"" is a laptop by Dell. Processor: i5-1135G7 (Intel generation 11). It has 16 GB RAM and 512 GB SSD storage. The screen is 14 inches. Listed price: 1091 EUR."
1119,Dell Latitude 3520 Intel Core i5-1135G7/8GB/256GB SSD/15.6'' (PT),Dell,Latitude,Intel Core i5,Intel,Core i5,8.0,256.0,SSD,,False,15.6,False,EUR,,,False,i5-1135G7,11.0,,915.78,Dell Latitude 3520 Intel Core i5-1135G7/8GB/256GB SSD/15.6'' (PT) is a laptop by Dell. Processor: i5-1135G7 (Intel generation 11). It has 8 GB RAM and 256 GB SSD storage. The screen is 15.6 inches. Listed price: 916 EUR.
1120,"Dell Latitude 3520 Intel Core i7-1165G7/16GB/512GB SSD/15.6"" (PT)",Dell,Latitude,Intel Core i7,Intel,Core i7,16.0,512.0,SSD,,False,15.6,False,EUR,,,False,i7-1165G7,11.0,,1383.44,"Dell Latitude 3520 Intel Core i7-1165G7/16GB/512GB SSD/15.6"" (PT) is a laptop by Dell. Processor: i7-1165G7 (Intel generation 11). It has 16 GB RAM and 512 GB SSD storage. The screen is 15.6 inches. Listed price: 1383 EUR."
1121,"Dell Latitude 5320 Intel Core i5-1135G7/8 GB/256GB SSD/13.3""",Dell,Latitude,Intel Core i5,Intel,Core i5,8.0,256.0,SSD,,False,13.3,False,EUR,,,False,i5-1135G7,11.0,,1231.71,"Dell Latitude 5320 Intel Core i5-1135G7/8 GB/256GB SSD/13.3"" is a laptop by Dell. Processor: i5-1135G7 (Intel generation 11). It has 8 GB RAM and 256 GB SSD storage. The screen is 13.3 inches. Listed price: 1232 EUR."
1122,"Dell Latitude 5330 Intel Core i5-1235U/8GB/256GB SSD/13.3""",Dell,Latitude,Intel Core i5,Intel,Core i5,8.0,256.0,SSD,,False,13.3,False,EUR,,,False,i5-1235U,12.0,,1007.0,"Dell Latitude 5330 Intel Core i5-1235U/8GB/256GB SSD/13.3"" is a laptop by Dell. Processor: i5-1235U (Intel generation 12). It has 8 GB RAM and 256 GB SSD storage. The screen is 13.3 inches. Listed price: 1007 EUR."
1123,"Dell Latitude 5520 Intel Core i5-1135G7/8GB/256GB SSD/15.6""",Dell,Latitude,Intel Core i5,Intel,Core i5,8.0,256.0,SSD,,False,15.6,False,EUR,,,False,i5-1135G7,11.0,,2450.71,"Dell Latitude 5520 Intel Core i5-1135G7/8GB/256GB SSD/15.6"" is a laptop by Dell. Processor: i5-1135G7 (Intel generation 11). It has 8 GB RAM and 256 GB SSD storage. The screen is 15.6 inches. Listed price: 2451 EUR."
1124,"Dell Latitude 5530 Intel Core i5-1235U/8GB/256GB SSD/15.6""",Dell,Latitude,Intel Core i5,Intel,Core i5,8.0,256.0,SSD,,False,15.6,False,EUR,,,False,i5-1235U,12.0,,1040.55,"Dell Latitude 5530 Intel Core i5-1235U/8GB/256GB SSD/15.6"" is a laptop by Dell. Processor: i5-1235U (Intel generation 12). It has 8 GB RAM and 256 GB SSD storage. The screen is 15.6 inches. Listed price: 1041 EUR."
1125,"Dell Latitude 5540 Intel Core i5-1335U/8GB/256GB SSD/15.6""",Dell,Latitude,Intel Core i5,Intel,Core i5,8.0,256.0,SSD,,False,15.6,False,EUR,,,False,i5-1335U,13.0,,1307.01,"Dell Latitude 5540 Intel Core i5-1335U/8GB/256GB SSD/15.6"" is a laptop by Dell. Processor: i5-1335U (Intel generation 13). It has 8 GB RAM and 256 GB SSD storage. The screen is 15.6 inches. Listed price: 1307 EUR."
1126,"Dell Latitude 7430 Intel Core i5-1235U/16GB/512GB SSD/14""",Dell,Latitude,Intel Core i5,Intel,Core i5,16.0,512.0,SSD,,False,14.0,False,EUR,,,False,i5-1235U,12.0,,1463.4,"Dell Latitude 7430 Intel Core i5-1235U/16GB/512GB SSD/14"" is a laptop by Dell. Processor: i5-1235U (Intel generation 12). It has 16 GB RAM and 512 GB SSD storage. The screen is 14 inches. Listed price: 1463 EUR."
1127,"Dell Latitude 7430 Intel Core i7-1255U/16GB/512GB SSD/14""",Dell,Latitude,Intel Core i7,Intel,Core i7,16.0,512.0,SSD,,False,14.0,False,EUR,,,False,i7-1255U,12.0,,1637.09,"Dell Latitude 7430 Intel Core i7-1255U/16GB/512GB SSD/14"" is a laptop by Dell. Processor: i7-1255U (Intel generation 12). It has 16 GB RAM and 512 GB SSD storage. The screen is 14 inches. Listed price: 1637 EUR."
1128,"Dell Latitude 7520 Intel Core i7-1185G7/16GB/512GB SSD/15.6""",Dell,Latitude,Intel Core i7,Intel,Core i7,16.0,512.0,SSD,,False,15.6,False,EUR,,,False,i7-1185G7,11.0,,2033.25,"Dell Latitude 7520 Intel Core i7-1185G7/16GB/512GB SSD/15.6"" is a laptop by Dell. Processor: i7-1185G7 (Intel generation 11). It has 16 GB RAM and 512 GB SSD storage. The screen is 15.6 inches. Listed price: 2033 EUR."
1129,"Dell Latitude 7530 Intel Core i5-1235U/16GB/512GB SSD/15.6""",Dell,Latitude,Intel Core i5,Intel,Core i5,16.0,512.0,SSD,,False,15.6,False,EUR,,,False,i5-1235U,12.0,,1365.1,"Dell Latitude 7530 Intel Core i5-1235U/16GB/512GB SSD/15.6"" is a laptop by Dell. Processor: i5-1235U (Intel generation 12). It has 16 GB RAM and 512 GB SSD storage. The screen is 15.6 inches. Listed price: 1365 EUR."
1130,"Dell Latitude 7530 Intel Core i5-1235U/16GB/512GB SSD/15.6"" (PT)",Dell,Latitude,Intel Core i5,Intel,Core i5,16.0,512.0,SSD,,False,15.6,False,EUR,,,False,i5-1235U,12.0,,1675.2,"Dell Latitude 7530 Intel Core i5-1235U/16GB/512GB SSD/15.6"" (PT) is a laptop by Dell. Processor: i5-1235U (Intel generation 12). It has 16 GB RAM and 512 GB SSD storage. The screen is 15.6 inches. Listed price: 1675 EUR."
1131,"Dell Latitude 7530 Intel Core i7-1255U/16GB/512GB SSD/15.6""",Dell,Latitude,Intel Core i7,Intel,Core i7,16.0,512.0,SSD,,False,15.6,False,EUR,,,False,i7-1255U,12.0,,1715.18,"Dell Latitude 7530 Intel Core i7-1255U/16GB/512GB SSD/15.6"" is a laptop by Dell. Processor: i7-1255U (Intel generation 12). It has 16 GB RAM and 512 GB SSD storage. The screen is 15.6 inches. Listed price: 1715 EUR."
1132,"Dell Precision 3560 Intel Core i5-1135G7/8 GB/256GB SSD/15.6""",Dell,Precision,Intel Core i5,Intel,Core i5,8.0,256.0,SSD,,False,15.6,False,EUR,,,False,i5-1135G7,11.0,,1190.0,"Dell Precision 3560 Intel Core i5-1135G7/8 GB/256GB SSD/15.6"" is a laptop by Dell. Processor: i5-1135G7 (Intel generation 11). It has 8 GB RAM and 256 GB SSD storage. The screen is 15.6 inches. Listed price: 1190 EUR."
1133,"Dell Precision 3560 Intel Core i5-1135G7/8 GB/512GB SSD/Quadro T500/15.6""",Dell,Precision,Intel Core i5,Intel,Core i5,8.0,512.0,SSD,T 500,True,15.6,False,EUR,,,False,i5-1135G7,11.0,T 500,1848.46,"Dell Precision 3560 Intel Core i5-1135G7/8 GB/512GB SSD/Quadro T500/15.6"" is a laptop by Dell. Processor: i5-1135G7 (Intel generation 11). It has 8 GB RAM and 512 GB SSD storage. Dedicated graphics: T 500. The screen is 15.6 inches. Listed price: 1848 EUR."
1134,"Dell Precision 5470 Intel Core i7-12800H/16GB/512GB SSD/RTX A1000/14""",Dell,Precision,Intel Core i7,Intel,Core i7,16.0,512.0,SSD,RTX A1000,True,14.0,False,EUR,,,False,i7-12800H,12.0,RTX A1000,3469.0,"Dell Precision 5470 Intel Core i7-12800H/16GB/512GB SSD/RTX A1000/14"" is a laptop by Dell. Processor: i7-12800H (Intel generation 12). It has 16 GB RAM and 512 GB SSD storage. Dedicated graphics: RTX A1000. The screen is 14 inches. Listed price: 3469 EUR."
1135,"Dell Precision 5770 Intel Core i7-12700H/16GB/512GB SSD/RTX A2000/17"" Táctil",Dell,Precision,Intel Core i7,Intel,Core i7,16.0,512.0,SSD,RTX A2000,True,17.0,True,EUR,,,False,i7-12700H,12.0,RTX A2000,3936.0,"Dell Precision 5770 Intel Core i7-12700H/16GB/512GB SSD/RTX A2000/17"" Táctil is a laptop by Dell. Processor: i7-12700H (Intel generation 12). It has 16 GB RAM and 512 GB SSD storage. Dedicated graphics: RTX A2000. The screen is 17 inches, touchscreen. Listed price: 3936 EUR."
1136,"Dell Vostro 3400 Intel Core i5-1135G7/8GB/512GB SSD/14""",Dell,Vostro,Intel Core i5,Intel,Core i5,8.0,512.0,SSD,,False,14.0,False,EUR,,,False,i5-1135G7,11.0,,926.63,"Dell Vostro 3400 Intel Core i5-1135G7/8GB/512GB SSD/14"" is a laptop by Dell. Processor: i5-1135G7 (Intel generation 11). It has 8 GB RAM and 512 GB SSD storage. The screen is 14 inches. Listed price: 927 EUR."
1137,"Dell Vostro 3420 Intel Core i5-1135G7/8 GB/256GB SSD/14""",Dell,Vostro,Intel Core i5,Intel,Core i5,8.0,256.0,SSD,,False,14.0,False,EUR,,,False,i5-1135G7,11.0,,717.0,"Dell Vostro 3420 Intel Core i5-1135G7/8 GB/256GB SSD/14"" is a laptop by Dell. Processor: i5-1135G7 (Intel generation 11). It has 8 GB RAM and 256 GB SSD storage. The screen is 14 inches. Listed price: 717 EUR."
1138,"Dell Vostro 3500 Intel Core i3-1115G4/8GB/256GB SSD/15.6""",Dell,Vostro,Intel Core i3,Intel,Core i3,8.0,256.0,SSD,,False,15.6,False,EUR,,,False,i3-1115G4,11.0,,930.16,"Dell Vostro 3500 Intel Core i3-1115G4/8GB/256GB SSD/15.6"" is a laptop by Dell. Processor: i3-1115G4 (Intel generation 11). It has 8 GB RAM and 256 GB SSD storage. The screen is 15.6 inches. Listed price: 930 EUR."
1139,"Dell Vostro 3501 Intel Core i3-1005G1/4 GB/256GB SSD/15.6""",Dell,Vostro,Intel Core i3,Intel,Core i3,4.0,256.0,SSD,,False,15.6,False,EUR,,,False,i3-1005G1,10.0,,600.68,"Dell Vostro 3501 Intel Core i3-1005G1/4 GB/256GB SSD/15.6"" is a laptop by Dell. Processor: i3-1005G1 (Intel generation 10). It has 4 GB RAM and 256 GB SSD storage. The screen is 15.6 inches. Listed price: 601 EUR."
1140,"Dell Vostro 3501 Intel Core i3-1005G1/8GB/256GB SSD/15.6""",Dell,Vostro,Intel Core i3,Intel,Core i3,8.0,256.0,SSD,,False,15.6,False,EUR,,,False,i3-1005G1,10.0,,688.88,"Dell Vostro 3501 Intel Core i3-1005G1/8GB/256GB SSD/15.6"" is a laptop by Dell. Processor: i3-1005G1 (Intel generation 10). It has 8 GB RAM and 256 GB SSD storage. The screen is 15.6 inches. Listed price: 689 EUR."
1141,"Dell Vostro 3510 Intel Core i5-1035G1/8GB/256GB SSD/15.6""",Dell,Vostro,Intel Core i5,Intel,Core i5,8.0,256.0,SSD,,False,15.6,False,EUR,,,False,i5-1035G1,10.0,,1289.17,"Dell Vostro 3510 Intel Core i5-1035G1/8GB/256GB SSD/15.6"" is a laptop by Dell. Processor: i5-1035G1 (Intel generation 10). It has 8 GB RAM and 256 GB SSD storage. The screen is 15.6 inches. Listed price: 1289 EUR."
1142,"Dell Vostro 5320 Intel Evo Core i5-1240P/8GB/256GB SSD/13.3""",Dell,Vostro,Intel Evo Core i5,Intel,Core i5,8.0,256.0,SSD,,False,13.3,False,EUR,,,False,i5-1240P,12.0,,919.0,"Dell Vostro 5320 Intel Evo Core i5-1240P/8GB/256GB SSD/13.3"" is a laptop by Dell. Processor: i5-1240P (Intel generation 12). It has 8 GB RAM and 256 GB SSD storage. The screen is 13.3 inches. Listed price: 919 EUR."
1143,"Dell Vostro 5510 Intel Core i5-11300H/8GB/256GB SSD/15.6""",Dell,Vostro,Intel Core i5,Intel,Core i5,8.0,256.0,SSD,,False,15.6,False,EUR,,,False,i5-11300H,11.0,,1091.08,"Dell Vostro 5510 Intel Core i5-11300H/8GB/256GB SSD/15.6"" is a laptop by Dell. Processor: i5-11300H (Intel generation 11). It has 8 GB RAM and 256 GB SSD storage. The screen is 15.6 inches. Listed price: 1091 EUR."
1144,"Dell Vostro 5515 AMD Ryzen 5 5500U/8GB/256GB SSD/15.6""",Dell,Vostro,AMD Ryzen 5,AMD,Ryzen 5,8.0,256.0,SSD,,False,15.6,False,EUR,,,False,Ryzen 5 5500U,,,1895.48,"Dell Vostro 5515 AMD Ryzen 5 5500U/8GB/256GB SSD/15.6"" is a laptop by Dell. Processor: Ryzen 5 5500U. It has 8 GB RAM and 256 GB SSD storage. The screen is 15.6 inches. Listed price: 1895 EUR."
1145,"Dell Vostro 5620 Intel Core i5-1240P/8GB/256GB SSD/16""",Dell,Vostro,Intel Core i5,Intel,Core i5,8.0,256.0,SSD,,False,16.0,False,EUR,,,False,i5-1240P,12.0,,887.87,"Dell Vostro 5620 Intel Core i5-1240P/8GB/256GB SSD/16"" is a laptop by Dell. Processor: i5-1240P (Intel generation 12). It has 8 GB RAM and 256 GB SSD storage. The screen is 16 inches. Listed price: 888 EUR."
1146,Dell XPS 15 9520 Intel Core i7-12700H/16GB RAM/1TB SSD/RTX 3050 Ti/15.6'' (PT),Dell,XPS,Intel Core i7,Intel,Core i7,16.0,1000.0,SSD,RTX 3050,True,15.6,False,EUR,,,False,i7-12700H,12.0,RTX 3050,3012.09,Dell XPS 15 9520 Intel Core i7-12700H/16GB RAM/1TB SSD/RTX 3050 Ti/15.6'' (PT) is a laptop by Dell. Processor: i7-12700H (Intel generation 12). It has 16 GB RAM and 1000 GB SSD storage. Dedicated graphics: RTX 3050. The screen is 15.6 inches. Listed price: 3012 EUR.
1147,"Dynabook Portégé X30-F-15T Intel Core i5-8265U/8GB/256GB SSD/13.3""",Dynabook Toshiba,Portégé,Intel Core i5,Intel,Core i5,8.0,256.0,SSD,,False,13.3,False,EUR,,,False,i5-8265U,8.0,,1369.87,"Dynabook Portégé X30-F-15T Intel Core i5-8265U/8GB/256GB SSD/13.3"" is a laptop by Dynabook Toshiba. Processor: i5-8265U (Intel generation 8). It has 8 GB RAM and 256 GB SSD storage. The screen is 13.3 inches. Listed price: 1370 EUR."
1148,"Dynabook Toshiba Portégé X30W-J-10P Intel Core i5-1135G7/16GB/512GB SSD/13.3"" Táctil",Dynabook Toshiba,Portégé,Intel Core i5,Intel,Core i5,16.0,512.0,SSD,,False,13.3,True,EUR,,,False,i5-1135G7,11.0,,1323.11,"Dynabook Toshiba Portégé X30W-J-10P Intel Core i5-1135G7/16GB/512GB SSD/13.3"" Táctil is a laptop by Dynabook Toshiba. Processor: i5-1135G7 (Intel generation 11). It has 16 GB RAM and 512 GB SSD storage. The screen is 13.3 inches, touchscreen. Listed price: 1323 EUR."
1149,"Dynabook Toshiba Portégé X30W-J-148 Intel Core i5-1135G7/16GB/512GB SSD/13.3"" Táctil",Dynabook Toshiba,Portégé,Intel Core i5,Intel,Core i5,16.0,512.0,SSD,,False,13.3,True,EUR,,,False,i5-1135G7,11.0,,1779.99,"Dynabook Toshiba Portégé X30W-J-148 Intel Core i5-1135G7/16GB/512GB SSD/13.3"" Táctil is a laptop by Dynabook Toshiba. Processor: i5-1135G7 (Intel generation 11). It has 16 GB RAM and 512 GB SSD storage. The screen is 13.3 inches, touchscreen. Listed price: 1780 EUR."
1150,"Dynabook Toshiba Portégé X30W-K-114 Intel Core i5-1240P/16GB/512GB SSD/13.3"" Táctil",Dynabook Toshiba,Portégé,Intel Core i5,Intel,Core i5,16.0,512.0,SSD,,False,13.3,True,EUR,,,False,i5-1240P,12.0,,1581.0,"Dynabook Toshiba Portégé X30W-K-114 Intel Core i5-1240P/16GB/512GB SSD/13.3"" Táctil is a laptop by Dynabook Toshiba. Processor: i5-1240P (Intel generation 12). It has 16 GB RAM and 512 GB SSD storage. The screen is 13.3 inches, touchscreen. Listed price: 1581 EUR."
1151,"Dynabook Toshiba Satellite Pro A50-F-107 Intel Core i3-8145U/8GB/256GB SSD/15.6""",Dynabook Toshiba,Satellite Pro,Intel Core i3,Intel,Core i3,8.0,256.0,SSD,,False,15.6,False,EUR,,,False,i3-8145U,8.0,,734.64,"Dynabook Toshiba Satellite Pro A50-F-107 Intel Core i3-8145U/8GB/256GB SSD/15.6"" is a laptop by Dynabook Toshiba. Processor: i3-8145U (Intel generation 8). It has 8 GB RAM and 256 GB SSD storage. The screen is 15.6 inches. Listed price: 735 EUR."
1152,"Dynabook Toshiba Tecra A50-J-13Y Intel Core i5-1135G7/8GB/512GB SSD/15.6""",Dynabook Toshiba,Tecra,Intel Core i5,Intel,Core i5,8.0,512.0,SSD,,False,15.6,False,EUR,,,False,i5-1135G7,11.0,,1093.01,"Dynabook Toshiba Tecra A50-J-13Y Intel Core i5-1135G7/8GB/512GB SSD/15.6"" is a laptop by Dynabook Toshiba. Processor: i5-1135G7 (Intel generation 11). It has 8 GB RAM and 512 GB SSD storage. The screen is 15.6 inches. Listed price: 1093 EUR."
1153,"Gigabyte AERO 15 OLED YD-73ES624SP Intel Core i7-11800H/16GB/1TB SSD/RTX 3080/15.6""",Gigabyte,Aero,Intel Core i7,Intel,Core i7,16.0,1000.0,SSD,RTX 3080,True,15.6,False,EUR,,,False,i7-11800H,11.0,RTX 3080,2835.19,"Gigabyte AERO 15 OLED YD-73ES624SP Intel Core i7-11800H/16GB/1TB SSD/RTX 3080/15.6"" is a laptop by Gigabyte. Processor: i7-11800H (Intel generation 11). It has 16 GB RAM and 1000 GB SSD storage. Dedicated graphics: RTX 3080. The screen is 15.6 inches. Listed price: 2835 EUR."
1154,"Gigabyte AERO 16 XE5-73PT938HP Intel Core i7-12700H/16GB/2TB SSD/RTX 3070Ti/16"" (PT)",Gigabyte,Aero,Intel Core i7,Intel,Core i7,16.0,2000.0,SSD,RTX 3070,True,16.0,False,EUR,,,False,i7-12700H,12.0,RTX 3070,2317.0,"Gigabyte AERO 16 XE5-73PT938HP Intel Core i7-12700H/16GB/2TB SSD/RTX 3070Ti/16"" (PT) is a laptop by Gigabyte. Processor: i7-12700H (Intel generation 12). It has 16 GB RAM and 2000 GB SSD storage. Dedicated graphics: RTX 3070. The screen is 16 inches. Listed price: 2317 EUR."
1155,"Gigabyte AERO 17 XE5-73PT738HP Intel Core i7-12700H/16GB/2TB SSD/RTX 3070Ti/17.3"" (PT)",Gigabyte,Aero,Intel Core i7,Intel,Core i7,16.0,2000.0,SSD,RTX 3070,True,17.3,False,EUR,,,False,i7-12700H,12.0,RTX 3070,2228.59,"Gigabyte AERO 17 XE5-73PT738HP Intel Core i7-12700H/16GB/2TB SSD/RTX 3070Ti/17.3"" (PT) is a laptop by Gigabyte. Processor: i7-12700H (Intel generation 12). It has 16 GB RAM and 2000 GB SSD storage. Dedicated graphics: RTX 3070. The screen is 17.3 inches. Listed price: 2229 EUR."
1156,"Gigabyte AORUS 15 XE4-73ESB14SH Intel Core i7-12700H/16GB/1TB SSD/RTX 3070Ti/15.6""",Gigabyte,Aorus,Intel Core i7,Intel,Core i7,16.0,1000.0,SSD,RTX 3070,True,15.6,False,EUR,,,False,i7-12700H,12.0,RTX 3070,2299.0,"Gigabyte AORUS 15 XE4-73ESB14SH Intel Core i7-12700H/16GB/1TB SSD/RTX 3070Ti/15.6"" is a laptop by Gigabyte. Processor: i7-12700H (Intel generation 12). It has 16 GB RAM and 1000 GB SSD storage. Dedicated graphics: RTX 3070. The screen is 15.6 inches. Listed price: 2299 EUR."
1157,"Gigabyte AORUS 15X ASF-83ES654SH Intel Core i7-13700HX/16GB/1TB SSD/RTX 4070/15.6""",Gigabyte,Aorus,Intel Core i7,Intel,Core i7,16.0,1000.0,SSD,RTX 4070,True,15.6,False,EUR,,,False,i7-13700HX,13.0,RTX 4070,2511.0,"Gigabyte AORUS 15X ASF-83ES654SH Intel Core i7-13700HX/16GB/1TB SSD/RTX 4070/15.6"" is a laptop by Gigabyte. Processor: i7-13700HX (Intel generation 13). It has 16 GB RAM and 1000 GB SSD storage. Dedicated graphics: RTX 4070. The screen is 15.6 inches. Listed price: 2511 EUR."
1158,"Gigabyte AORUS 17G KD-72ES325SD Intel Core i7-11800H/16GB/512GB SSD/RTX 3060/17.3""",Gigabyte,Aorus,Intel Core i7,Intel,Core i7,16.0,512.0,SSD,RTX 3060,True,17.3,False,EUR,,,False,i7-11800H,11.0,RTX 3060,1552.82,"Gigabyte AORUS 17G KD-72ES325SD Intel Core i7-11800H/16GB/512GB SSD/RTX 3060/17.3"" is a laptop by Gigabyte. Processor: i7-11800H (Intel generation 11). It has 16 GB RAM and 512 GB SSD storage. Dedicated graphics: RTX 3060. The screen is 17.3 inches. Listed price: 1553 EUR."
1159,"Gigabyte AORUS 17H BXF-74ES554SH Intel Core i7-13700H/16GB/1TB SSD/RTX 4080/17.3""",Gigabyte,Aorus,Intel Core i7,Intel,Core i7,16.0,1000.0,SSD,RTX 4080,True,17.3,False,EUR,,,False,i7-13700H,13.0,RTX 4080,2532.38,"Gigabyte AORUS 17H BXF-74ES554SH Intel Core i7-13700H/16GB/1TB SSD/RTX 4080/17.3"" is a laptop by Gigabyte. Processor: i7-13700H (Intel generation 13). It has 16 GB RAM and 1000 GB SSD storage. Dedicated graphics: RTX 4080. The screen is 17.3 inches. Listed price: 2532 EUR."
1160,"Gigabyte AORUS 5 SE4-73PT213SH Intel Core i7-12700H/16GB/512GB SSD/RTX 3070Ti/15.6"" (PT)",Gigabyte,Aorus,Intel Core i7,Intel,Core i7,16.0,512.0,SSD,RTX 3070,True,15.6,False,EUR,,,False,i7-12700H,12.0,RTX 3070,1878.04,"Gigabyte AORUS 5 SE4-73PT213SH Intel Core i7-12700H/16GB/512GB SSD/RTX 3070Ti/15.6"" (PT) is a laptop by Gigabyte. Processor: i7-12700H (Intel generation 12). It has 16 GB RAM and 512 GB SSD storage. Dedicated graphics: RTX 3070. The screen is 15.6 inches. Listed price: 1878 EUR."
1161,"Gigabyte G7 GD-51PT123SD Intel Core i5-11400H/16GB/512GB SSD/RTX 3050/17.3"" (PT)",Gigabyte,G7,Intel Core i5,Intel,Core i5,16.0,512.0,SSD,RTX 3050,True,17.3,False,EUR,,,False,i5-11400H,11.0,RTX 3050,1376.02,"Gigabyte G7 GD-51PT123SD Intel Core i5-11400H/16GB/512GB SSD/RTX 3050/17.3"" (PT) is a laptop by Gigabyte. Processor: i5-11400H (Intel generation 11). It has 16 GB RAM and 512 GB SSD storage. Dedicated graphics: RTX 3050. The screen is 17.3 inches. Listed price: 1376 EUR."
1162,"HP 15-DW3009NS Intel Core i5-1135G7/8GB/256GB SSD/MX350/15.6""",HP,G7,Intel Core i5,Intel,Core i5,8.0,256.0,SSD,,True,15.6,False,EUR,,,False,i5-1135G7,11.0,MX350,684.93,"HP 15-DW3009NS Intel Core i5-1135G7/8GB/256GB SSD/MX350/15.6"" is a laptop by HP. Processor: i5-1135G7 (Intel generation 11). It has 8 GB RAM and 256 GB SSD storage. Dedicated graphics: MX350. The screen is 15.6 inches. Listed price: 685 EUR."
1163,"HP 15S-EQ1133NS AMD 3020e/4GB/256GB SSD/15.6""",HP,15S,AMD 3020e,AMD,,4.0,256.0,SSD,,False,15.6,False,EUR,,,False,,,,355.01,"HP 15S-EQ1133NS AMD 3020e/4GB/256GB SSD/15.6"" is a laptop by HP. Processor: AMD 3020e. It has 4 GB RAM and 256 GB SSD storage. The screen is 15.6 inches. Listed price: 355 EUR."
1164,"HP 15S-EQ1142NS AMD 3020e/4GB/128GB SSD/15.6""",HP,15S,AMD 3020e,AMD,,4.0,128.0,SSD,,False,15.6,False,EUR,,,False,,,,367.34,"HP 15S-EQ1142NS AMD 3020e/4GB/128GB SSD/15.6"" is a laptop by HP. Processor: AMD 3020e. It has 4 GB RAM and 128 GB SSD storage. The screen is 15.6 inches. Listed price: 367 EUR."
1165,"HP 15S-EQ1157NS AMD Athlon Silver 3050U/8GB/256GB SSD/15.6""",HP,15S,AMD Athlon,AMD,Athlon,8.0,256.0,SSD,,False,15.6,False,EUR,,,False,,,,459.99,"HP 15S-EQ1157NS AMD Athlon Silver 3050U/8GB/256GB SSD/15.6"" is a laptop by HP. Processor: AMD Athlon. It has 8 GB RAM and 256 GB SSD storage. The screen is 15.6 inches. Listed price: 460 EUR."
1166,"HP 15S-EQ1161NS AMD Athlon Silver 3050U/8GB/256GB SSD/15.6""",HP,15S,AMD Athlon,AMD,Athlon,8.0,256.0,SSD,,False,15.6,False,EUR,,,False,,,,377.0,"HP 15S-EQ1161NS AMD Athlon Silver 3050U/8GB/256GB SSD/15.6"" is a laptop by HP. Processor: AMD Athlon. It has 8 GB RAM and 256 GB SSD storage. The screen is 15.6 inches. Listed price: 377 EUR."
1167,"HP 15S-EQ2094NS AMD Ryzen 5 5500U/8GB/256GB SSD/15.6""",HP,15S,AMD Ryzen 5,AMD,Ryzen 5,8.0,256.0,SSD,,False,15.6,False,EUR,,,False,Ryzen 5 5500U,,,478.45,"HP 15S-EQ2094NS AMD Ryzen 5 5500U/8GB/256GB SSD/15.6"" is a laptop by HP. Processor: Ryzen 5 5500U. It has 8 GB RAM and 256 GB SSD storage. The screen is 15.6 inches. Listed price: 478 EUR."
1168,"HP 15S-EQ2098NS AMD Ryzen 3 5300U/8GB/256GB SSD/15.6""",HP,15S,AMD Ryzen 3,AMD,Ryzen 3,8.0,256.0,SSD,,False,15.6,False,EUR,,,False,Ryzen 3 5300U,,,581.01,"HP 15S-EQ2098NS AMD Ryzen 3 5300U/8GB/256GB SSD/15.6"" is a laptop by HP. Processor: Ryzen 3 5300U. It has 8 GB RAM and 256 GB SSD storage. The screen is 15.6 inches. Listed price: 581 EUR."
1169,"HP 15S-EQ2099NS AMD Ryzen 3 5300U/8GB/512GB SSD/15.6""",HP,15S,AMD Ryzen 3,AMD,Ryzen 3,8.0,512.0,SSD,,False,15.6,False,EUR,,,False,Ryzen 3 5300U,,,593.11,"HP 15S-EQ2099NS AMD Ryzen 3 5300U/8GB/512GB SSD/15.6"" is a laptop by HP. Processor: Ryzen 3 5300U. It has 8 GB RAM and 512 GB SSD storage. The screen is 15.6 inches. Listed price: 593 EUR."
1170,"HP 15S-EQ2100NS AMD Ryzen 3 5300U/8GB/512GB SSD/15.6""",HP,15S,AMD Ryzen 3,AMD,Ryzen 3,8.0,512.0,SSD,,False,15.6,False,EUR,,,False,Ryzen 3 5300U,,,586.66,"HP 15S-EQ2100NS AMD Ryzen 3 5300U/8GB/512GB SSD/15.6"" is a laptop by HP. Processor: Ryzen 3 5300U. It has 8 GB RAM and 512 GB SSD storage. The screen is 15.6 inches. Listed price: 587 EUR."
1171,"HP 15S-EQ2102NS AMD Ryzen 5 5500U/8GB/256GB SSD/15.6""",HP,15S,AMD Ryzen 5,AMD,Ryzen 5,8.0,256.0,SSD,,False,15.6,False,EUR,,,False,Ryzen 5 5500U,,,594.22,"HP 15S-EQ2102NS AMD Ryzen 5 5500U/8GB/256GB SSD/15.6"" is a laptop by HP. Processor: Ryzen 5 5500U. It has 8 GB RAM and 256 GB SSD storage. The screen is 15.6 inches. Listed price: 594 EUR."
1172,"HP 15S-EQ2103NS AMD Ryzen 5 5500U/8GB/512GB SSD/15.6""",HP,15S,AMD Ryzen 5,AMD,Ryzen 5,8.0,512.0,SSD,,False,15.6,False,EUR,,,False,Ryzen 5 5500U,,,709.65,"HP 15S-EQ2103NS AMD Ryzen 5 5500U/8GB/512GB SSD/15.6"" is a laptop by HP. Processor: Ryzen 5 5500U. It has 8 GB RAM and 512 GB SSD storage. The screen is 15.6 inches. Listed price: 710 EUR."
1173,"HP 15S-EQ2104NS AMD Ryzen 5 5500U/8GB/512GB SSD/15.6""",HP,15S,AMD Ryzen 5,AMD,Ryzen 5,8.0,512.0,SSD,,False,15.6,False,EUR,,,False,Ryzen 5 5500U,,,554.0,"HP 15S-EQ2104NS AMD Ryzen 5 5500U/8GB/512GB SSD/15.6"" is a laptop by HP. Processor: Ryzen 5 5500U. It has 8 GB RAM and 512 GB SSD storage. The screen is 15.6 inches. Listed price: 554 EUR."
1174,"HP 15S-EQ2105NS AMD Ryzen 7 5700U/12GB/512GB SSD/15.6""",HP,15S,AMD Ryzen 7,AMD,Ryzen 7,12.0,512.0,SSD,,False,15.6,False,EUR,,,False,Ryzen 7 5700U,,,716.14,"HP 15S-EQ2105NS AMD Ryzen 7 5700U/12GB/512GB SSD/15.6"" is a laptop by HP. Processor: Ryzen 7 5700U. It has 12 GB RAM and 512 GB SSD storage. The screen is 15.6 inches. Listed price: 716 EUR."
1175,"HP 15S-EQ2106NS AMD Ryzen 7 5700U/12GB/512GB SSD/15.6""",HP,15S,AMD Ryzen 7,AMD,Ryzen 7,12.0,512.0,SSD,,False,15.6,False,EUR,,,False,Ryzen 7 5700U,,,673.37,"HP 15S-EQ2106NS AMD Ryzen 7 5700U/12GB/512GB SSD/15.6"" is a laptop by HP. Processor: Ryzen 7 5700U. It has 12 GB RAM and 512 GB SSD storage. The screen is 15.6 inches. Listed price: 673 EUR."
1176,"HP 15S-EQ2113NS AMD Ryzen 7 5700U/8GB/256GB SSD/15.6""",HP,15S,AMD Ryzen 7,AMD,Ryzen 7,8.0,256.0,SSD,,False,15.6,False,EUR,,,False,Ryzen 7 5700U,,,600.57,"HP 15S-EQ2113NS AMD Ryzen 7 5700U/8GB/256GB SSD/15.6"" is a laptop by HP. Processor: Ryzen 7 5700U. It has 8 GB RAM and 256 GB SSD storage. The screen is 15.6 inches. Listed price: 601 EUR."
1177,"HP 15S-EQ2114NS AMD Ryzen 7 5700U/8GB/512GB SSD/15.6""",HP,15S,AMD Ryzen 7,AMD,Ryzen 7,8.0,512.0,SSD,,False,15.6,False,EUR,,,False,Ryzen 7 5700U,,,614.0,"HP 15S-EQ2114NS AMD Ryzen 7 5700U/8GB/512GB SSD/15.6"" is a laptop by HP. Processor: Ryzen 7 5700U. It has 8 GB RAM and 512 GB SSD storage. The screen is 15.6 inches. Listed price: 614 EUR."
1178,"HP 15S-EQ2125NS AMD Ryzen 7 5700U/8GB/512GB SSD/15.6""",HP,15S,AMD Ryzen 7,AMD,Ryzen 7,8.0,512.0,SSD,,False,15.6,False,EUR,,,False,Ryzen 7 5700U,,,601.33,"HP 15S-EQ2125NS AMD Ryzen 7 5700U/8GB/512GB SSD/15.6"" is a laptop by HP. Processor: Ryzen 7 5700U. It has 8 GB RAM and 512 GB SSD storage. The screen is 15.6 inches. Listed price: 601 EUR."
1179,"HP 15S-EQ2130NS AMD Ryzen 5 5500U/8GB/512GB SSD/15.6""",HP,15S,AMD Ryzen 5,AMD,Ryzen 5,8.0,512.0,SSD,,False,15.6,False,EUR,,,False,Ryzen 5 5500U,,,652.92,"HP 15S-EQ2130NS AMD Ryzen 5 5500U/8GB/512GB SSD/15.6"" is a laptop by HP. Processor: Ryzen 5 5500U. It has 8 GB RAM and 512 GB SSD storage. The screen is 15.6 inches. Listed price: 653 EUR."
1180,"HP 15S-EQ2134NS AMD Ryzen 5 5500U/8GB/512GB SSD/15.6""",HP,15S,AMD Ryzen 5,AMD,Ryzen 5,8.0,512.0,SSD,,False,15.6,False,EUR,,,False,Ryzen 5 5500U,,,538.98,"HP 15S-EQ2134NS AMD Ryzen 5 5500U/8GB/512GB SSD/15.6"" is a laptop by HP. Processor: Ryzen 5 5500U. It has 8 GB RAM and 512 GB SSD storage. The screen is 15.6 inches. Listed price: 539 EUR."
1181,"HP 15S-FQ0023NS Intel Celeron N4120/8GB/256GB SSD/15.6""",HP,15S,Intel Celeron,Intel,Celeron,8.0,256.0,SSD,,False,15.6,False,EUR,,,False,Celeron N4120,,,335.28,"HP 15S-FQ0023NS Intel Celeron N4120/8GB/256GB SSD/15.6"" is a laptop by HP. Processor: Celeron N4120. It has 8 GB RAM and 256 GB SSD storage. The screen is 15.6 inches. Listed price: 335 EUR."
1182,"HP 15S-FQ2029NS Intel Core i5-1135G7/8GB/512GB SSD/15.6""",HP,15S,Intel Core i5,Intel,Core i5,8.0,512.0,SSD,,False,15.6,False,EUR,,,False,i5-1135G7,11.0,,885.9,"HP 15S-FQ2029NS Intel Core i5-1135G7/8GB/512GB SSD/15.6"" is a laptop by HP. Processor: i5-1135G7 (Intel generation 11). It has 8 GB RAM and 512 GB SSD storage. The screen is 15.6 inches. Listed price: 886 EUR."
1183,"HP 15S-FQ2134NS Intel Core i3-1115G4/8GB/512GB SSD/15.6""",HP,15S,Intel Core i3,Intel,Core i3,8.0,512.0,SSD,,False,15.6,False,EUR,,,False,i3-1115G4,11.0,,451.46,"HP 15S-FQ2134NS Intel Core i3-1115G4/8GB/512GB SSD/15.6"" is a laptop by HP. Processor: i3-1115G4 (Intel generation 11). It has 8 GB RAM and 512 GB SSD storage. The screen is 15.6 inches. Listed price: 451 EUR."
1184,"HP 15S-FQ2150NS Intel Core i3-1115G4/8GB/256GB SSD/15.6""",HP,15S,Intel Core i3,Intel,Core i3,8.0,256.0,SSD,,False,15.6,False,EUR,,,False,i3-1115G4,11.0,,378.94,"HP 15S-FQ2150NS Intel Core i3-1115G4/8GB/256GB SSD/15.6"" is a laptop by HP. Processor: i3-1115G4 (Intel generation 11). It has 8 GB RAM and 256 GB SSD storage. The screen is 15.6 inches. Listed price: 379 EUR."
1185,"HP 15S-FQ2162NS Intel Core i3-1115G4/8GB/512GB SSD/15.6""",HP,15S,Intel Core i3,Intel,Core i3,8.0,512.0,SSD,,False,15.6,False,EUR,,,False,i3-1115G4,11.0,,646.39,"HP 15S-FQ2162NS Intel Core i3-1115G4/8GB/512GB SSD/15.6"" is a laptop by HP. Processor: i3-1115G4 (Intel generation 11). It has 8 GB RAM and 512 GB SSD storage. The screen is 15.6 inches. Listed price: 646 EUR."
1186,"HP 15S-FQ3003NS Intel Celeron N4500/8GB/512GB SSD/15.6""",HP,15S,Intel Celeron,Intel,Celeron,8.0,512.0,SSD,,False,15.6,False,EUR,,,False,Celeron N4500,,,517.01,"HP 15S-FQ3003NS Intel Celeron N4500/8GB/512GB SSD/15.6"" is a laptop by HP. Processor: Celeron N4500. It has 8 GB RAM and 512 GB SSD storage. The screen is 15.6 inches. Listed price: 517 EUR."
1187,"HP 15S-FQ3014NS Intel Celeron N4500/8GB/256GB SSD/15.6""",HP,15S,Intel Celeron,Intel,Celeron,8.0,256.0,SSD,,False,15.6,False,EUR,,,False,Celeron N4500,,,354.0,"HP 15S-FQ3014NS Intel Celeron N4500/8GB/256GB SSD/15.6"" is a laptop by HP. Processor: Celeron N4500. It has 8 GB RAM and 256 GB SSD storage. The screen is 15.6 inches. Listed price: 354 EUR."
1188,"HP 15S-FQ3018NS Intel Celeron N4500/8GB/256GB SSD/15.6""",HP,15S,Intel Celeron,Intel,Celeron,8.0,256.0,SSD,,False,15.6,False,EUR,,,False,Celeron N4500,,,403.83,"HP 15S-FQ3018NS Intel Celeron N4500/8GB/256GB SSD/15.6"" is a laptop by HP. Processor: Celeron N4500. It has 8 GB RAM and 256 GB SSD storage. The screen is 15.6 inches. Listed price: 404 EUR."
1189,"HP 15S-FQ4038NS Intel Core i5-1155G7/8GB/512GB SSD/15.6""",HP,15S,Intel Core i5,Intel,Core i5,8.0,512.0,SSD,,False,15.6,False,EUR,,,False,i5-1155G7,11.0,,623.66,"HP 15S-FQ4038NS Intel Core i5-1155G7/8GB/512GB SSD/15.6"" is a laptop by HP. Processor: i5-1155G7 (Intel generation 11). It has 8 GB RAM and 512 GB SSD storage. The screen is 15.6 inches. Listed price: 624 EUR."
1190,"HP 15S-FQ4048NS Intel Core i5-1155G7/8GB/512GB SSD/15.6""",HP,15S,Intel Core i5,Intel,Core i5,8.0,512.0,SSD,,False,15.6,False,EUR,,,False,i5-1155G7,11.0,,521.75,"HP 15S-FQ4048NS Intel Core i5-1155G7/8GB/512GB SSD/15.6"" is a laptop by HP. Processor: i5-1155G7 (Intel generation 11). It has 8 GB RAM and 512 GB SSD storage. The screen is 15.6 inches. Listed price: 522 EUR."
1191,"HP 15S-FQ4051NS Intel Core i5-1155G7/8GB/256GB SSD/15.6""",HP,15S,Intel Core i5,Intel,Core i5,8.0,256.0,SSD,,False,15.6,False,EUR,,,False,i5-1155G7,11.0,,571.39,"HP 15S-FQ4051NS Intel Core i5-1155G7/8GB/256GB SSD/15.6"" is a laptop by HP. Processor: i5-1155G7 (Intel generation 11). It has 8 GB RAM and 256 GB SSD storage. The screen is 15.6 inches. Listed price: 571 EUR."
1192,"HP 15S-FQ4053NS Intel Core i5-1155G7/8GB/256GB SSD/15.6""",HP,15S,Intel Core i5,Intel,Core i5,8.0,256.0,SSD,,False,15.6,False,EUR,,,False,i5-1155G7,11.0,,542.99,"HP 15S-FQ4053NS Intel Core i5-1155G7/8GB/256GB SSD/15.6"" is a laptop by HP. Processor: i5-1155G7 (Intel generation 11). It has 8 GB RAM and 256 GB SSD storage. The screen is 15.6 inches. Listed price: 543 EUR."
1193,"HP 15S-FQ4058NS Intel Core i5-1155G7/8GB/256GB SSD/15.6""",HP,15S,Intel Core i5,Intel,Core i5,8.0,256.0,SSD,,False,15.6,False,EUR,,,False,i5-1155G7,11.0,,507.14,"HP 15S-FQ4058NS Intel Core i5-1155G7/8GB/256GB SSD/15.6"" is a laptop by HP. Processor: i5-1155G7 (Intel generation 11). It has 8 GB RAM and 256 GB SSD storage. The screen is 15.6 inches. Listed price: 507 EUR."
1194,"HP 15S-FQ4060NS Intel Core i5-1155G7/8GB/512GB SSD/15.6""",HP,15S,Intel Core i5,Intel,Core i5,8.0,512.0,SSD,,False,15.6,False,EUR,,,False,i5-1155G7,11.0,,550.78,"HP 15S-FQ4060NS Intel Core i5-1155G7/8GB/512GB SSD/15.6"" is a laptop by HP. Processor: i5-1155G7 (Intel generation 11). It has 8 GB RAM and 512 GB SSD storage. The screen is 15.6 inches. Listed price: 551 EUR."
1195,"HP 15S-FQ5016NS Intel Core i5-1235U/8GB/512GB SSD/15.6""",HP,15S,Intel Core i5,Intel,Core i5,8.0,512.0,SSD,,False,15.6,False,EUR,,,False,i5-1235U,12.0,,759.0,"HP 15S-FQ5016NS Intel Core i5-1235U/8GB/512GB SSD/15.6"" is a laptop by HP. Processor: i5-1235U (Intel generation 12). It has 8 GB RAM and 512 GB SSD storage. The screen is 15.6 inches. Listed price: 759 EUR."
1196,"HP 15S-FQ5042NS Intel Core i7-1255U/8GB/512GB SSD/15.6""",HP,15S,Intel Core i7,Intel,Core i7,8.0,512.0,SSD,,False,15.6,False,EUR,,,False,i7-1255U,12.0,,901.0,"HP 15S-FQ5042NS Intel Core i7-1255U/8GB/512GB SSD/15.6"" is a laptop by HP. Processor: i7-1255U (Intel generation 12). It has 8 GB RAM and 512 GB SSD storage. The screen is 15.6 inches. Listed price: 901 EUR."
1197,"HP 15S-FQ5072NS Intel Core i5-1235U/8GB/512GB SSD/15.6""",HP,15S,Intel Core i5,Intel,Core i5,8.0,512.0,SSD,,False,15.6,False,EUR,,,False,i5-1235U,12.0,,526.1,"HP 15S-FQ5072NS Intel Core i5-1235U/8GB/512GB SSD/15.6"" is a laptop by HP. Processor: i5-1235U (Intel generation 12). It has 8 GB RAM and 512 GB SSD storage. The screen is 15.6 inches. Listed price: 526 EUR."
1198,"HP 15S-FQ5077NS Intel Core i5-1235U/8GB/512GB SSD/15.6""",HP,15S,Intel Core i5,Intel,Core i5,8.0,512.0,SSD,,False,15.6,False,EUR,,,False,i5-1235U,12.0,,676.0,"HP 15S-FQ5077NS Intel Core i5-1235U/8GB/512GB SSD/15.6"" is a laptop by HP. Processor: i5-1235U (Intel generation 12). It has 8 GB RAM and 512 GB SSD storage. The screen is 15.6 inches. Listed price: 676 EUR."
1199,"HP 15S-FQ5079NS Intel Core i5-1235U/8GB/512GB SSD/15.6""",HP,15S,Intel Core i5,Intel,Core i5,8.0,512.0,SSD,,False,15.6,False,EUR,,,False,i5-1235U,12.0,,614.99,"HP 15S-FQ5079NS Intel Core i5-1235U/8GB/512GB SSD/15.6"" is a laptop by HP. Processor: i5-1235U (Intel generation 12). It has 8 GB RAM and 512 GB SSD storage. The screen is 15.6 inches. Listed price: 615 EUR."
1200,"HP 15S-eq2097ns AMD Ryzen 3 5300U/8GB/256GB SSD/15.6""",HP,15S,AMD Ryzen 3,AMD,Ryzen 3,8.0,256.0,SSD,,False,15.6,False,EUR,,,False,Ryzen 3 5300U,,,461.05,"HP 15S-eq2097ns AMD Ryzen 3 5300U/8GB/256GB SSD/15.6"" is a laptop by HP. Processor: Ryzen 3 5300U. It has 8 GB RAM and 256 GB SSD storage. The screen is 15.6 inches. Listed price: 461 EUR."
1201,"HP 15S-fq2133ns Intel Core i3-1115G4/8GB/256GB SSD/15.6""",HP,15S,Intel Core i3,Intel,Core i3,8.0,256.0,SSD,,False,15.6,False,EUR,,,False,i3-1115G4,11.0,,432.26,"HP 15S-fq2133ns Intel Core i3-1115G4/8GB/256GB SSD/15.6"" is a laptop by HP. Processor: i3-1115G4 (Intel generation 11). It has 8 GB RAM and 256 GB SSD storage. The screen is 15.6 inches. Listed price: 432 EUR."
1202,"HP 15S-fq3011ns Intel Celeron N4500/8GB/256GB SSD/15.6""",HP,15S,Intel Celeron,Intel,Celeron,8.0,256.0,SSD,,False,15.6,False,EUR,,,False,Celeron N4500,,,402.22,"HP 15S-fq3011ns Intel Celeron N4500/8GB/256GB SSD/15.6"" is a laptop by HP. Processor: Celeron N4500. It has 8 GB RAM and 256 GB SSD storage. The screen is 15.6 inches. Listed price: 402 EUR."
1203,"HP 15s-eq2133ns AMD Ryzen 5 5500U/8GB/256GB SSD/15.6""",HP,15S,AMD Ryzen 5,AMD,Ryzen 5,8.0,256.0,SSD,,False,15.6,False,EUR,,,False,Ryzen 5 5500U,,,476.99,"HP 15s-eq2133ns AMD Ryzen 5 5500U/8GB/256GB SSD/15.6"" is a laptop by HP. Processor: Ryzen 5 5500U. It has 8 GB RAM and 256 GB SSD storage. The screen is 15.6 inches. Listed price: 477 EUR."
1204,"HP 15s-fq4049ns Intel Core i7-1195G7/8GB/512GB SSD/15.6""",HP,15S,Intel Core i7,Intel,Core i7,8.0,512.0,SSD,,False,15.6,False,EUR,,,False,i7-1195G7,11.0,,628.96,"HP 15s-fq4049ns Intel Core i7-1195G7/8GB/512GB SSD/15.6"" is a laptop by HP. Processor: i7-1195G7 (Intel generation 11). It has 8 GB RAM and 512 GB SSD storage. The screen is 15.6 inches. Listed price: 629 EUR."
1205,"HP 15s-fq4056ns Intel Core i7-1195G7/8GB/512GB SSD/15.6""",HP,15S,Intel Core i7,Intel,Core i7,8.0,512.0,SSD,,False,15.6,False,EUR,,,False,i7-1195G7,11.0,,716.14,"HP 15s-fq4056ns Intel Core i7-1195G7/8GB/512GB SSD/15.6"" is a laptop by HP. Processor: i7-1195G7 (Intel generation 11). It has 8 GB RAM and 512 GB SSD storage. The screen is 15.6 inches. Listed price: 716 EUR."
1206,"HP 17-CN0014NS Intel Core i3-1115G4/8GB/512GB SSD/17.3""",HP,17,Intel Core i3,Intel,Core i3,8.0,512.0,SSD,,False,17.3,False,EUR,,,False,i3-1115G4,11.0,,661.11,"HP 17-CN0014NS Intel Core i3-1115G4/8GB/512GB SSD/17.3"" is a laptop by HP. Processor: i3-1115G4 (Intel generation 11). It has 8 GB RAM and 512 GB SSD storage. The screen is 17.3 inches. Listed price: 661 EUR."
1207,"HP 250 G7 Intel Core i5-1035G1/8 GB/256GB SSD/15.6""",HP,250,Intel Core i5,Intel,Core i5,8.0,256.0,SSD,,False,15.6,False,EUR,,,False,i5-1035G1,10.0,,1730.38,"HP 250 G7 Intel Core i5-1035G1/8 GB/256GB SSD/15.6"" is a laptop by HP. Processor: i5-1035G1 (Intel generation 10). It has 8 GB RAM and 256 GB SSD storage. The screen is 15.6 inches. Listed price: 1730 EUR."
1208,"HP 250 G8 2X7L0EA Intel Core i3-1115G4/8GB/256GB SSD/15.6""",HP,250,Intel Core i3,Intel,Core i3,8.0,256.0,SSD,,False,15.6,False,EUR,,,False,i3-1115G4,11.0,,466.1,"HP 250 G8 2X7L0EA Intel Core i3-1115G4/8GB/256GB SSD/15.6"" is a laptop by HP. Processor: i3-1115G4 (Intel generation 11). It has 8 GB RAM and 256 GB SSD storage. The screen is 15.6 inches. Listed price: 466 EUR."
1209,"HP 250 G8 Intel Core i3-1115G4/8 GB/512GB SSD/15.6""",HP,250,Intel Core i3,Intel,Core i3,8.0,512.0,SSD,,False,15.6,False,EUR,,,False,i3-1115G4,11.0,,445.89,"HP 250 G8 Intel Core i3-1115G4/8 GB/512GB SSD/15.6"" is a laptop by HP. Processor: i3-1115G4 (Intel generation 11). It has 8 GB RAM and 512 GB SSD storage. The screen is 15.6 inches. Listed price: 446 EUR."
1210,"HP 250 G8 Intel Core i3-1115G4/8GB/256GB SSD/15.6"" Plata",HP,250,Intel Core i3,Intel,Core i3,8.0,256.0,SSD,,False,15.6,False,EUR,,,False,i3-1115G4,11.0,,586.4,"HP 250 G8 Intel Core i3-1115G4/8GB/256GB SSD/15.6"" Plata is a laptop by HP. Processor: i3-1115G4 (Intel generation 11). It has 8 GB RAM and 256 GB SSD storage. The screen is 15.6 inches. Listed price: 586 EUR."
1211,"HP 250 G8 Intel Core i5-1135G7/8 GB/256 GB SSD/15.6""",HP,250,Intel Core i5,Intel,Core i5,8.0,256.0,SSD,,False,15.6,False,EUR,,,False,i5-1135G7,11.0,,876.08,"HP 250 G8 Intel Core i5-1135G7/8 GB/256 GB SSD/15.6"" is a laptop by HP. Processor: i5-1135G7 (Intel generation 11). It has 8 GB RAM and 256 GB SSD storage. The screen is 15.6 inches. Listed price: 876 EUR."
1212,"HP 250 G8 Intel Core i5-1135G7/8GB/512GB SSD/15.6""",HP,250,Intel Core i5,Intel,Core i5,8.0,512.0,SSD,,False,15.6,False,EUR,,,False,i5-1135G7,11.0,,741.0,"HP 250 G8 Intel Core i5-1135G7/8GB/512GB SSD/15.6"" is a laptop by HP. Processor: i5-1135G7 (Intel generation 11). It has 8 GB RAM and 512 GB SSD storage. The screen is 15.6 inches. Listed price: 741 EUR."
1213,"HP 250 G9 Intel Core i5-1235U/8GB/256GB SSD/15.6""",HP,250,Intel Core i5,Intel,Core i5,8.0,256.0,SSD,,False,15.6,False,EUR,,,False,i5-1235U,12.0,,791.0,"HP 250 G9 Intel Core i5-1235U/8GB/256GB SSD/15.6"" is a laptop by HP. Processor: i5-1235U (Intel generation 12). It has 8 GB RAM and 256 GB SSD storage. The screen is 15.6 inches. Listed price: 791 EUR."
1214,"HP 250 G9 Intel Core i5-1235U/8GB/512 GB SSD/15.6""",HP,250,Intel Core i5,Intel,Core i5,8.0,512.0,SSD,,False,15.6,False,EUR,,,False,i5-1235U,12.0,,882.01,"HP 250 G9 Intel Core i5-1235U/8GB/512 GB SSD/15.6"" is a laptop by HP. Processor: i5-1235U (Intel generation 12). It has 8 GB RAM and 512 GB SSD storage. The screen is 15.6 inches. Listed price: 882 EUR."
1215,"HP 255 G7 AMD Ryzen 5 3500U/8 GB/256 GB SSD/15.6""",HP,255,AMD Ryzen 5,AMD,Ryzen 5,8.0,256.0,SSD,,False,15.6,False,EUR,,,False,Ryzen 5 3500U,,,1094.9,"HP 255 G7 AMD Ryzen 5 3500U/8 GB/256 GB SSD/15.6"" is a laptop by HP. Processor: Ryzen 5 3500U. It has 8 GB RAM and 256 GB SSD storage. The screen is 15.6 inches. Listed price: 1095 EUR."
1216,"HP 255 G8 AMD Ryzen 3 3250U/8 GB/256 GB SSD/15.6""",HP,255,AMD Ryzen 3,AMD,Ryzen 3,8.0,256.0,SSD,,False,15.6,False,EUR,,,False,Ryzen 3 3250U,,,455.55,"HP 255 G8 AMD Ryzen 3 3250U/8 GB/256 GB SSD/15.6"" is a laptop by HP. Processor: Ryzen 3 3250U. It has 8 GB RAM and 256 GB SSD storage. The screen is 15.6 inches. Listed price: 456 EUR."
1217,"HP 255 G8 AMD Ryzen 3 5300U/8GB/256GB SSD/15.6""",HP,255,AMD Ryzen 3,AMD,Ryzen 3,8.0,256.0,SSD,,False,15.6,False,EUR,,,False,Ryzen 3 5300U,,,839.14,"HP 255 G8 AMD Ryzen 3 5300U/8GB/256GB SSD/15.6"" is a laptop by HP. Processor: Ryzen 3 5300U. It has 8 GB RAM and 256 GB SSD storage. The screen is 15.6 inches. Listed price: 839 EUR."
1218,"HP 255 G8 AMD Ryzen 5 3500U/8 GB/256GB SSD/15.6""",HP,255,AMD Ryzen 5,AMD,Ryzen 5,8.0,256.0,SSD,,False,15.6,False,EUR,,,False,Ryzen 5 3500U,,,644.7,"HP 255 G8 AMD Ryzen 5 3500U/8 GB/256GB SSD/15.6"" is a laptop by HP. Processor: Ryzen 5 3500U. It has 8 GB RAM and 256 GB SSD storage. The screen is 15.6 inches. Listed price: 645 EUR."
1219,"HP 255 G9 AMD Ryzen 5 5625U/8GB/256GB SSD/15.6""",HP,255,AMD Ryzen 5,AMD,Ryzen 5,8.0,256.0,SSD,,False,15.6,False,EUR,,,False,Ryzen 5 5625U,,,538.99,"HP 255 G9 AMD Ryzen 5 5625U/8GB/256GB SSD/15.6"" is a laptop by HP. Processor: Ryzen 5 5625U. It has 8 GB RAM and 256 GB SSD storage. The screen is 15.6 inches. Listed price: 539 EUR."
1220,"HP 340S G7 Intel Core i3-1005G1/8GB/2565GB SSD/14""",HP,G7,Intel Core i3,Intel,Core i3,8.0,256.0,SSD,,False,14.0,False,EUR,,,False,i3-1005G1,10.0,,581.07,"HP 340S G7 Intel Core i3-1005G1/8GB/2565GB SSD/14"" is a laptop by HP. Processor: i3-1005G1 (Intel generation 10). It has 8 GB RAM and 256 GB SSD storage. The screen is 14 inches. Listed price: 581 EUR."
1221,"HP ChromeBook 14a-na0023ns Intel Celeron N4120/4GB/64GB eMMC/14""",HP,Chromebook,Intel Celeron,Intel,Celeron,4.0,64.0,eMMC,,False,14.0,False,EUR,,,False,Celeron N4120,,,329.0,"HP ChromeBook 14a-na0023ns Intel Celeron N4120/4GB/64GB eMMC/14"" is a laptop by HP. Processor: Celeron N4120. It has 4 GB RAM and 64 GB eMMC storage. The screen is 14 inches. Listed price: 329 EUR."
1222,"HP Chromebook 11MK G9 Mediatek MT8183/4GB/32GB EMMC/11.6""",HP,Chromebook,Mediatek MT8183,,,4.0,32.0,eMMC,,False,11.6,False,EUR,,,False,,,,458.0,"HP Chromebook 11MK G9 Mediatek MT8183/4GB/32GB EMMC/11.6"" is a laptop by HP. Processor: Mediatek MT8183. It has 4 GB RAM and 32 GB eMMC storage. The screen is 11.6 inches. Listed price: 458 EUR."
1223,"HP Chromebook X360 11 G3 Intel Celeron N4020/4GB/32GB eMMC/11.6"" Táctil",HP,Chromebook,Intel Celeron,Intel,Celeron,4.0,32.0,eMMC,,False,11.6,True,EUR,,,False,Celeron N4020,,,332.41,"HP Chromebook X360 11 G3 Intel Celeron N4020/4GB/32GB eMMC/11.6"" Táctil is a laptop by HP. Processor: Celeron N4020. It has 4 GB RAM and 32 GB eMMC storage. The screen is 11.6 inches, touchscreen. Listed price: 332 EUR."
1224,"HP ENVY 13-ba1001np Intel Core i5-1135G7/8GB/512GB SSD/13.3""(PT)",HP,Envy,Intel Core i5,Intel,Core i5,8.0,512.0,SSD,,False,13.3,False,EUR,,,False,i5-1135G7,11.0,,1049.99,"HP ENVY 13-ba1001np Intel Core i5-1135G7/8GB/512GB SSD/13.3""(PT) is a laptop by HP. Processor: i5-1135G7 (Intel generation 11). It has 8 GB RAM and 512 GB SSD storage. The screen is 13.3 inches. Listed price: 1050 EUR."
1225,HP ENVY x360 2-in-1 Laptop 15-ew0008np Intel Core i7-1255U/16GB/512GB SSD/RTX2050/Tátil (PT),HP,Envy,Intel Core i7,Intel,Core i7,16.0,512.0,SSD,RTX 2050,True,,True,EUR,,,False,i7-1255U,12.0,RTX 2050,1863.52,HP ENVY x360 2-in-1 Laptop 15-ew0008np Intel Core i7-1255U/16GB/512GB SSD/RTX2050/Tátil (PT) is a laptop by HP. Processor: i7-1255U (Intel generation 12). It has 16 GB RAM and 512 GB SSD storage. Dedicated graphics: RTX 2050. Listed price: 1864 EUR.
1226,"HP Elite Dragonfly G3 Intel Core i7-1255U/16GB/1TB SSD/13.5""",HP,Go,Intel Core i7,Intel,Core i7,16.0,1000.0,SSD,,False,13.5,False,EUR,,,False,i7-1255U,12.0,,1699.01,"HP Elite Dragonfly G3 Intel Core i7-1255U/16GB/1TB SSD/13.5"" is a laptop by HP. Processor: i7-1255U (Intel generation 12). It has 16 GB RAM and 1000 GB SSD storage. The screen is 13.5 inches. Listed price: 1699 EUR."
1227,"HP EliteBook 1040 G9 Intel Core i7-1255U/32GB/1TB SSD/14""",HP,EliteBook,Intel Core i7,Intel,Core i7,32.0,1000.0,SSD,,False,14.0,False,EUR,,,False,i7-1255U,12.0,,2502.66,"HP EliteBook 1040 G9 Intel Core i7-1255U/32GB/1TB SSD/14"" is a laptop by HP. Processor: i7-1255U (Intel generation 12). It has 32 GB RAM and 1000 GB SSD storage. The screen is 14 inches. Listed price: 2503 EUR."
1228,"HP EliteBook 1040 Intel Core i5-1235U/16GB/512GB SSD/14""",HP,EliteBook,Intel Core i5,Intel,Core i5,16.0,512.0,SSD,,False,14.0,False,EUR,,,False,i5-1235U,12.0,,1624.46,"HP EliteBook 1040 Intel Core i5-1235U/16GB/512GB SSD/14"" is a laptop by HP. Processor: i5-1235U (Intel generation 12). It has 16 GB RAM and 512 GB SSD storage. The screen is 14 inches. Listed price: 1624 EUR."
1229,"HP EliteBook 630 G9 Intel Core i5-1235U/8GB/512GB SSD/13.3""",HP,EliteBook,Intel Core i5,Intel,Core i5,8.0,512.0,SSD,,False,13.3,False,EUR,,,False,i5-1235U,12.0,,1042.26,"HP EliteBook 630 G9 Intel Core i5-1235U/8GB/512GB SSD/13.3"" is a laptop by HP. Processor: i5-1235U (Intel generation 12). It has 8 GB RAM and 512 GB SSD storage. The screen is 13.3 inches. Listed price: 1042 EUR."
1230,"HP EliteBook 650 G9 Intel Core i5-1235U/8GB/512GB SSD/15.6""",HP,EliteBook,Intel Core i5,Intel,Core i5,8.0,512.0,SSD,,False,15.6,False,EUR,,,False,i5-1235U,12.0,,1064.59,"HP EliteBook 650 G9 Intel Core i5-1235U/8GB/512GB SSD/15.6"" is a laptop by HP. Processor: i5-1235U (Intel generation 12). It has 8 GB RAM and 512 GB SSD storage. The screen is 15.6 inches. Listed price: 1065 EUR."
1231,"HP EliteBook 840 G8 Intel Core i5-1135G7/8GB/256GB SSD/14""",HP,EliteBook,Intel Core i5,Intel,Core i5,8.0,256.0,SSD,,False,14.0,False,EUR,,,False,i5-1135G7,11.0,,1519.99,"HP EliteBook 840 G8 Intel Core i5-1135G7/8GB/256GB SSD/14"" is a laptop by HP. Processor: i5-1135G7 (Intel generation 11). It has 8 GB RAM and 256 GB SSD storage. The screen is 14 inches. Listed price: 1520 EUR."
1232,"HP EliteBook 850 G8 Intel Core i5-1135G7/8GB/256GB SSD/15.6""",HP,EliteBook,Intel Core i5,Intel,Core i5,8.0,256.0,SSD,,False,15.6,False,EUR,,,False,i5-1135G7,11.0,,1015.01,"HP EliteBook 850 G8 Intel Core i5-1135G7/8GB/256GB SSD/15.6"" is a laptop by HP. Processor: i5-1135G7 (Intel generation 11). It has 8 GB RAM and 256 GB SSD storage. The screen is 15.6 inches. Listed price: 1015 EUR."
1233,"HP EliteBook 860 G9 Intel Core i5-1235U/16GB/512GB SSD/16""",HP,EliteBook,Intel Core i5,Intel,Core i5,16.0,512.0,SSD,,False,16.0,False,EUR,,,False,i5-1235U,12.0,,1463.31,"HP EliteBook 860 G9 Intel Core i5-1235U/16GB/512GB SSD/16"" is a laptop by HP. Processor: i5-1235U (Intel generation 12). It has 16 GB RAM and 512 GB SSD storage. The screen is 16 inches. Listed price: 1463 EUR."
1234,"HP EliteBook x360 1030 G8 Intel Core i5-1135G7/16GB/512GB SSD/13.3"" Táctil",HP,EliteBook,Intel Core i5,Intel,Core i5,16.0,512.0,SSD,,False,13.3,True,EUR,,,False,i5-1135G7,11.0,,1999.0,"HP EliteBook x360 1030 G8 Intel Core i5-1135G7/16GB/512GB SSD/13.3"" Táctil is a laptop by HP. Processor: i5-1135G7 (Intel generation 11). It has 16 GB RAM and 512 GB SSD storage. The screen is 13.3 inches, touchscreen. Listed price: 1999 EUR."
1235,"HP EliteBook x360 830 G8 Intel Core i5-1135G7/8GB/512GB SSD/13.3"" Táctil",HP,EliteBook,Intel Core i5,Intel,Core i5,8.0,512.0,SSD,,False,13.3,True,EUR,,,False,i5-1135G7,11.0,,1051.96,"HP EliteBook x360 830 G8 Intel Core i5-1135G7/8GB/512GB SSD/13.3"" Táctil is a laptop by HP. Processor: i5-1135G7 (Intel generation 11). It has 8 GB RAM and 512 GB SSD storage. The screen is 13.3 inches, touchscreen. Listed price: 1052 EUR."
1236,HP Laptop 15S-EQ2052NP AMD Ryzen 7-5700U/12GB/256GB SSD/15.6'' (PT),HP,15S,AMD Ryzen 7,AMD,Ryzen 7,12.0,256.0,SSD,,False,15.6,False,EUR,,,False,,,,750.08,HP Laptop 15S-EQ2052NP AMD Ryzen 7-5700U/12GB/256GB SSD/15.6'' (PT) is a laptop by HP. Processor: AMD Ryzen 7. It has 12 GB RAM and 256 GB SSD storage. The screen is 15.6 inches. Listed price: 750 EUR.
1237,"HP OMEN 16-B1018NS Intel Core i7-12700H/16GB/1TB SSD/RTX 3060/16.1""",HP,Omen,Intel Core i7,Intel,Core i7,16.0,1000.0,SSD,RTX 3060,True,16.1,False,EUR,,,False,i7-12700H,12.0,RTX 3060,1627.74,"HP OMEN 16-B1018NS Intel Core i7-12700H/16GB/1TB SSD/RTX 3060/16.1"" is a laptop by HP. Processor: i7-12700H (Intel generation 12). It has 16 GB RAM and 1000 GB SSD storage. Dedicated graphics: RTX 3060. The screen is 16.1 inches. Listed price: 1628 EUR."
1238,"HP OMEN 16-c0007np AMD Ryzen 7 5800H/16GB/512GB SSD/RTX 3070/16.1""(PT)",HP,Omen,AMD Ryzen 7,AMD,Ryzen 7,16.0,512.0,SSD,RTX 3070,True,16.1,False,EUR,,,False,Ryzen 7 5800H,,RTX 3070,2025.23,"HP OMEN 16-c0007np AMD Ryzen 7 5800H/16GB/512GB SSD/RTX 3070/16.1""(PT) is a laptop by HP. Processor: Ryzen 7 5800H. It has 16 GB RAM and 512 GB SSD storage. Dedicated graphics: RTX 3070. The screen is 16.1 inches. Listed price: 2025 EUR."
1239,"HP Pavilion 14-DV2006NS Intel Core i5-1235U/16GB/512GB SSD/14""",HP,Pavilion,Intel Core i5,Intel,Core i5,16.0,512.0,SSD,,False,14.0,False,EUR,,,False,i5-1235U,12.0,,977.0,"HP Pavilion 14-DV2006NS Intel Core i5-1235U/16GB/512GB SSD/14"" is a laptop by HP. Processor: i5-1235U (Intel generation 12). It has 16 GB RAM and 512 GB SSD storage. The screen is 14 inches. Listed price: 977 EUR."
1240,"HP Pavilion 14-dv1009ns Intel Core i5-1155G7/16GB/512GB SSD/14""",HP,Pavilion,Intel Core i5,Intel,Core i5,16.0,512.0,SSD,,False,14.0,False,EUR,,,False,i5-1155G7,11.0,,920.82,"HP Pavilion 14-dv1009ns Intel Core i5-1155G7/16GB/512GB SSD/14"" is a laptop by HP. Processor: i5-1155G7 (Intel generation 11). It has 16 GB RAM and 512 GB SSD storage. The screen is 14 inches. Listed price: 921 EUR."
1241,"HP Pavilion 15-EH1001NS AMD Ryzen 5 5500U/16GB/512GB SSD/15.6""",HP,Pavilion,AMD Ryzen 5,AMD,Ryzen 5,16.0,512.0,SSD,,False,15.6,False,EUR,,,False,Ryzen 5 5500U,,,816.21,"HP Pavilion 15-EH1001NS AMD Ryzen 5 5500U/16GB/512GB SSD/15.6"" is a laptop by HP. Processor: Ryzen 5 5500U. It has 16 GB RAM and 512 GB SSD storage. The screen is 15.6 inches. Listed price: 816 EUR."
1242,"HP Pavilion x360 14-ek0018ns Intel Core  i5-1235U/8GB/512GB SSD/14"" Táctil",HP,Pavilion,Intel Core i5,Intel,Core i5,8.0,512.0,SSD,,False,14.0,True,EUR,,,False,i5-1235U,12.0,,987.0,"HP Pavilion x360 14-ek0018ns Intel Core  i5-1235U/8GB/512GB SSD/14"" Táctil is a laptop by HP. Processor: i5-1235U (Intel generation 12). It has 8 GB RAM and 512 GB SSD storage. The screen is 14 inches, touchscreen. Listed price: 987 EUR."
1243,"HP Pavilion x360 14-ek0039ns Intel Core i3-1215U/8GB/256GB SSD/14"" Táctil",HP,Pavilion,Intel Core i3,Intel,Core i3,8.0,256.0,SSD,,False,14.0,True,EUR,,,False,i3-1215U,12.0,,793.0,"HP Pavilion x360 14-ek0039ns Intel Core i3-1215U/8GB/256GB SSD/14"" Táctil is a laptop by HP. Processor: i3-1215U (Intel generation 12). It has 8 GB RAM and 256 GB SSD storage. The screen is 14 inches, touchscreen. Listed price: 793 EUR."
1244,"HP Pavilion x360 14-ek0032ns Intel Core i7-1255U/16GB/512GB SSD/14"" Táctil",HP,Pavilion,Intel Core i7,Intel,Core i7,16.0,512.0,SSD,,False,14.0,True,EUR,,,False,i7-1255U,12.0,,1205.0,"HP Pavilion x360 14-ek0032ns Intel Core i7-1255U/16GB/512GB SSD/14"" Táctil is a laptop by HP. Processor: i7-1255U (Intel generation 12). It has 16 GB RAM and 512 GB SSD storage. The screen is 14 inches, touchscreen. Listed price: 1205 EUR."
1245,"HP ProBook 430 G6 Intel Core i5-8265U/4GB/500GB/13.3""",HP,ProBook,Intel Core i5,Intel,Core i5,4.0,500.0,,,False,13.3,False,EUR,,,False,i5-8265U,8.0,,919.83,"HP ProBook 430 G6 Intel Core i5-8265U/4GB/500GB/13.3"" is a laptop by HP. Processor: i5-8265U (Intel generation 8). It has 4 GB RAM and 500 GB storage. The screen is 13.3 inches. Listed price: 920 EUR."
1246,"HP ProBook 450 G8 Intel Core i5-1135G7/8GB/256GB SSD/15.6""",HP,ProBook,Intel Core i5,Intel,Core i5,8.0,256.0,SSD,,False,15.6,False,EUR,,,False,i5-1135G7,11.0,,1399.24,"HP ProBook 450 G8 Intel Core i5-1135G7/8GB/256GB SSD/15.6"" is a laptop by HP. Processor: i5-1135G7 (Intel generation 11). It has 8 GB RAM and 256 GB SSD storage. The screen is 15.6 inches. Listed price: 1399 EUR."
1247,"HP ProBook 450 G8 Intel Core i5-1135G7/8GB/256GB SSD/15.6"" Plata",HP,ProBook,Intel Core i5,Intel,Core i5,8.0,256.0,SSD,,False,15.6,False,EUR,,,False,i5-1135G7,11.0,,776.32,"HP ProBook 450 G8 Intel Core i5-1135G7/8GB/256GB SSD/15.6"" Plata is a laptop by HP. Processor: i5-1135G7 (Intel generation 11). It has 8 GB RAM and 256 GB SSD storage. The screen is 15.6 inches. Listed price: 776 EUR."
1248,"HP Victus 15-fa0053ns Intel Core i5-12450H/16GB/512GB SSD/RTX 3050/15.6""",HP,Victus,Intel Core i5,Intel,Core i5,16.0,512.0,SSD,RTX 3050,True,15.6,False,EUR,,,False,i5-12450H,12.0,RTX 3050,899.01,"HP Victus 15-fa0053ns Intel Core i5-12450H/16GB/512GB SSD/RTX 3050/15.6"" is a laptop by HP. Processor: i5-12450H (Intel generation 12). It has 16 GB RAM and 512 GB SSD storage. Dedicated graphics: RTX 3050. The screen is 15.6 inches. Listed price: 899 EUR."
1249,"HP Victus 16-D1024NS Intel Core i7-12700H/16GB/512GB SSD/RTX 3050 Ti/16.1""",HP,Victus,Intel Core i7,Intel,Core i7,16.0,512.0,SSD,RTX 3050,True,16.1,False,EUR,,,False,i7-12700H,12.0,RTX 3050,1220.78,"HP Victus 16-D1024NS Intel Core i7-12700H/16GB/512GB SSD/RTX 3050 Ti/16.1"" is a laptop by HP. Processor: i7-12700H (Intel generation 12). It has 16 GB RAM and 512 GB SSD storage. Dedicated graphics: RTX 3050. The screen is 16.1 inches. Listed price: 1221 EUR."
1250,"HP Victus 16-D1025NS Intel Core i7-12700H/16GB/512GB SSD/RTX 3050 Ti/16.1""",HP,Victus,Intel Core i7,Intel,Core i7,16.0,512.0,SSD,RTX 3050,True,16.1,False,EUR,,,False,i7-12700H,12.0,RTX 3050,1301.0,"HP Victus 16-D1025NS Intel Core i7-12700H/16GB/512GB SSD/RTX 3050 Ti/16.1"" is a laptop by HP. Processor: i7-12700H (Intel generation 12). It has 16 GB RAM and 512 GB SSD storage. Dedicated graphics: RTX 3050. The screen is 16.1 inches. Listed price: 1301 EUR."
1251,"HP Victus 16-D1036NS Intel Core i7-12700H/16GB/512GB SSD/RTX 3050 Ti/16.1""",HP,Victus,Intel Core i7,Intel,Core i7,16.0,512.0,SSD,RTX 3050,True,16.1,False,EUR,,,False,i7-12700H,12.0,RTX 3050,1192.98,"HP Victus 16-D1036NS Intel Core i7-12700H/16GB/512GB SSD/RTX 3050 Ti/16.1"" is a laptop by HP. Processor: i7-12700H (Intel generation 12). It has 16 GB RAM and 512 GB SSD storage. Dedicated graphics: RTX 3050. The screen is 16.1 inches. Listed price: 1193 EUR."
1252,"HP Victus 16-E0068NS AMD Ryzen 5-5600H/8GB/512GB SSD/GTX 1650/16.1""",HP,Victus,AMD Ryzen 5,AMD,Ryzen 5,8.0,512.0,SSD,GTX 1650,True,16.1,False,EUR,,,False,,,GTX 1650,812.52,"HP Victus 16-E0068NS AMD Ryzen 5-5600H/8GB/512GB SSD/GTX 1650/16.1"" is a laptop by HP. Processor: AMD Ryzen 5. It has 8 GB RAM and 512 GB SSD storage. Dedicated graphics: GTX 1650. The screen is 16.1 inches. Listed price: 813 EUR."
1253,"HP Victus 16-E0071NS AMD Ryzen 7 5800H/8GB/512GB SSD/RX 5500M/16.1""",HP,Victus,AMD Ryzen 7,AMD,Ryzen 7,8.0,512.0,SSD,Radeon Pro 5500M,True,16.1,False,EUR,,,False,Ryzen 7 5800H,,Radeon Pro 5500M,909.13,"HP Victus 16-E0071NS AMD Ryzen 7 5800H/8GB/512GB SSD/RX 5500M/16.1"" is a laptop by HP. Processor: Ryzen 7 5800H. It has 8 GB RAM and 512 GB SSD storage. Dedicated graphics: Radeon Pro 5500M. The screen is 16.1 inches. Listed price: 909 EUR."
1254,"HP Victus 16-E0094NS AMD Ryzen 5 5600H/16GB/512GB SSD/RTX 3050Ti/16.1""",HP,Victus,AMD Ryzen 5,AMD,Ryzen 5,16.0,512.0,SSD,RTX 3050,True,16.1,False,EUR,,,False,Ryzen 5 5600H,,RTX 3050,865.4,"HP Victus 16-E0094NS AMD Ryzen 5 5600H/16GB/512GB SSD/RTX 3050Ti/16.1"" is a laptop by HP. Processor: Ryzen 5 5600H. It has 16 GB RAM and 512 GB SSD storage. Dedicated graphics: RTX 3050. The screen is 16.1 inches. Listed price: 865 EUR."
1255,"HP Victus 16-E0098NS AMD Ryzen 7 5800H/16GB/512GB SSD/RTX 3050/16.1""",HP,Victus,AMD Ryzen 7,AMD,Ryzen 7,16.0,512.0,SSD,RTX 3050,True,16.1,False,EUR,,,False,Ryzen 7 5800H,,RTX 3050,998.56,"HP Victus 16-E0098NS AMD Ryzen 7 5800H/16GB/512GB SSD/RTX 3050/16.1"" is a laptop by HP. Processor: Ryzen 7 5800H. It has 16 GB RAM and 512 GB SSD storage. Dedicated graphics: RTX 3050. The screen is 16.1 inches. Listed price: 999 EUR."
1256,"HP Victus 16-E0100NS AMD Ryzen 5 5600H/8GB/512GB SSD/GTX 1650/16.1""",HP,Victus,AMD Ryzen 5,AMD,Ryzen 5,8.0,512.0,SSD,GTX 1650,True,16.1,False,EUR,,,False,Ryzen 5 5600H,,GTX 1650,792.65,"HP Victus 16-E0100NS AMD Ryzen 5 5600H/8GB/512GB SSD/GTX 1650/16.1"" is a laptop by HP. Processor: Ryzen 5 5600H. It has 8 GB RAM and 512 GB SSD storage. Dedicated graphics: GTX 1650. The screen is 16.1 inches. Listed price: 793 EUR."
1257,"HP ZBook Firefly 14 G8 Intel Core i5-1135G7/16GB/512 GB SSD/14""",HP,Zbook,Intel Core i5,Intel,Core i5,16.0,512.0,SSD,,False,14.0,False,EUR,,,False,i5-1135G7,11.0,,2426.81,"HP ZBook Firefly 14 G8 Intel Core i5-1135G7/16GB/512 GB SSD/14"" is a laptop by HP. Processor: i5-1135G7 (Intel generation 11). It has 16 GB RAM and 512 GB SSD storage. The screen is 14 inches. Listed price: 2427 EUR."
1258,"HP ZBook Firefly 14 G8 Intel Core i5-1135G7/16GB/512GB SSD/14""",HP,Zbook,Intel Core i5,Intel,Core i5,16.0,512.0,SSD,,False,14.0,False,EUR,,,False,i5-1135G7,11.0,,1385.0,"HP ZBook Firefly 14 G8 Intel Core i5-1135G7/16GB/512GB SSD/14"" is a laptop by HP. Processor: i5-1135G7 (Intel generation 11). It has 16 GB RAM and 512 GB SSD storage. The screen is 14 inches. Listed price: 1385 EUR."
1259,"HP ZBook Firefly 14 G9 Intel Core i7-1260P/16 GB/512GB SSD/14""",HP,Zbook,Intel Core i7,Intel,Core i7,16.0,512.0,SSD,,False,14.0,False,EUR,,,False,i7-1260P,12.0,,1778.0,"HP ZBook Firefly 14 G9 Intel Core i7-1260P/16 GB/512GB SSD/14"" is a laptop by HP. Processor: i7-1260P (Intel generation 12). It has 16 GB RAM and 512 GB SSD storage. The screen is 14 inches. Listed price: 1778 EUR."
1260,"HP ZBook Firefly 14 G9 Intel Core i7-1260P/16GB/512GB SSD/14""",HP,Zbook,Intel Core i7,Intel,Core i7,16.0,512.0,SSD,,False,14.0,False,EUR,,,False,i7-1260P,12.0,,1997.09,"HP ZBook Firefly 14 G9 Intel Core i7-1260P/16GB/512GB SSD/14"" is a laptop by HP. Processor: i7-1260P (Intel generation 12). It has 16 GB RAM and 512 GB SSD storage. The screen is 14 inches. Listed price: 1997 EUR."
1261,"HP ZBook Firefly 14 G9 Intel Core i7-1265U/16GB/512GB SSD/Quadro T500/14""",HP,Zbook,Intel Core i7,Intel,Core i7,16.0,512.0,SSD,T 500,True,14.0,False,EUR,,,False,i7-1265U,12.0,T 500,1800.03,"HP ZBook Firefly 14 G9 Intel Core i7-1265U/16GB/512GB SSD/Quadro T500/14"" is a laptop by HP. Processor: i7-1265U (Intel generation 12). It has 16 GB RAM and 512 GB SSD storage. Dedicated graphics: T 500. The screen is 14 inches. Listed price: 1800 EUR."
1262,"HP ZBook Firefly 16 G9 Intel Core i7-1265U/16GB/512GB SSD/Quadro T500/16""",HP,Zbook,Intel Core i7,Intel,Core i7,16.0,512.0,SSD,T 500,True,16.0,False,EUR,,,False,i7-1265U,12.0,T 500,1800.03,"HP ZBook Firefly 16 G9 Intel Core i7-1265U/16GB/512GB SSD/Quadro T500/16"" is a laptop by HP. Processor: i7-1265U (Intel generation 12). It has 16 GB RAM and 512 GB SSD storage. Dedicated graphics: T 500. The screen is 16 inches. Listed price: 1800 EUR."
1263,"HP ZBook Firefly G8 Intel Core i5-1135G7/16GB/512GB SSD/14"" Táctil",HP,Zbook,Intel Core i5,Intel,Core i5,16.0,512.0,SSD,,False,14.0,True,EUR,,,False,i5-1135G7,11.0,,2426.53,"HP ZBook Firefly G8 Intel Core i5-1135G7/16GB/512GB SSD/14"" Táctil is a laptop by HP. Processor: i5-1135G7 (Intel generation 11). It has 16 GB RAM and 512 GB SSD storage. The screen is 14 inches, touchscreen. Listed price: 2427 EUR."
1264,"HP ZBook Firefly G8 Intel Core i7-1165G7/16GB/512GB SSD/14""",HP,Zbook,Intel Core i7,Intel,Core i7,16.0,512.0,SSD,,False,14.0,False,EUR,,,False,i7-1165G7,11.0,,2484.11,"HP ZBook Firefly G8 Intel Core i7-1165G7/16GB/512GB SSD/14"" is a laptop by HP. Processor: i7-1165G7 (Intel generation 11). It has 16 GB RAM and 512 GB SSD storage. The screen is 14 inches. Listed price: 2484 EUR."
1265,"HP ZBook Fury 16 G9 Intel Core i7-12800HX/32GB/1TB SSD/RTX A3000/16""",HP,Zbook,Intel Core i7,Intel,Core i7,32.0,1000.0,SSD,RTX A3000,True,16.0,False,EUR,,,False,i7-12800HX,12.0,RTX A3000,4842.43,"HP ZBook Fury 16 G9 Intel Core i7-12800HX/32GB/1TB SSD/RTX A3000/16"" is a laptop by HP. Processor: i7-12800HX (Intel generation 12). It has 32 GB RAM and 1000 GB SSD storage. Dedicated graphics: RTX A3000. The screen is 16 inches. Listed price: 4842 EUR."
1266,"HP ZBook Power G9 Intel Core i7-12800H/16GB/512GB SSD/NVIDIA T600/15.6""",HP,Zbook,Intel Core i7,Intel,Core i7,16.0,512.0,SSD,T 600,True,15.6,False,EUR,,,False,i7-12800H,12.0,T 600,2008.81,"HP ZBook Power G9 Intel Core i7-12800H/16GB/512GB SSD/NVIDIA T600/15.6"" is a laptop by HP. Processor: i7-12800H (Intel generation 12). It has 16 GB RAM and 512 GB SSD storage. Dedicated graphics: T 600. The screen is 15.6 inches. Listed price: 2009 EUR."
1267,"HP ZBook Studio G8 Intel Core i7-11850H/16GB/512GB SSD/RTX A3000/15.6""",HP,Zbook,Intel Core i7,Intel,Core i7,16.0,512.0,SSD,RTX A3000,True,15.6,False,EUR,,,False,i7-11850H,11.0,RTX A3000,5368.77,"HP ZBook Studio G8 Intel Core i7-11850H/16GB/512GB SSD/RTX A3000/15.6"" is a laptop by HP. Processor: i7-11850H (Intel generation 11). It has 16 GB RAM and 512 GB SSD storage. Dedicated graphics: RTX A3000. The screen is 15.6 inches. Listed price: 5369 EUR."
1268,"HP ZBook Studio G9 Intel Core i7-12700H/32GB/512GB SSD/RTX 3060/16""",HP,Zbook,Intel Core i7,Intel,Core i7,32.0,512.0,SSD,RTX 3060,True,16.0,False,EUR,,,False,i7-12700H,12.0,RTX 3060,3637.71,"HP ZBook Studio G9 Intel Core i7-12700H/32GB/512GB SSD/RTX 3060/16"" is a laptop by HP. Processor: i7-12700H (Intel generation 12). It has 32 GB RAM and 512 GB SSD storage. Dedicated graphics: RTX 3060. The screen is 16 inches. Listed price: 3638 EUR."
1269,"HP ZBook Studio G9 Intel Core i7-12800H/32GB/1TB SSD/RTX A2000/16""",HP,Zbook,Intel Core i7,Intel,Core i7,32.0,1000.0,SSD,RTX A2000,True,16.0,False,EUR,,,False,i7-12800H,12.0,RTX A2000,3777.49,"HP ZBook Studio G9 Intel Core i7-12800H/32GB/1TB SSD/RTX A2000/16"" is a laptop by HP. Processor: i7-12800H (Intel generation 12). It has 32 GB RAM and 1000 GB SSD storage. Dedicated graphics: RTX A2000. The screen is 16 inches. Listed price: 3777 EUR."
1270,"InnJoo Voom Excellence Intel Celeron N4020/8GB/256GB SSD/15.6""",Innjoo,Voom,Intel Celeron,Intel,Celeron,8.0,256.0,SSD,,False,15.6,False,EUR,,,False,Celeron N4020,,,311.37,"InnJoo Voom Excellence Intel Celeron N4020/8GB/256GB SSD/15.6"" is a laptop by Innjoo. Processor: Celeron N4020. It has 8 GB RAM and 256 GB SSD storage. The screen is 15.6 inches. Listed price: 311 EUR."
1271,"InnJoo Voom Excellence Pro Intel Celeron N4020/8GB/512GB SSD/15.6""",Innjoo,Voom,Intel Celeron,Intel,Celeron,8.0,512.0,SSD,,False,15.6,False,EUR,,,False,Celeron N4020,,,392.55,"InnJoo Voom Excellence Pro Intel Celeron N4020/8GB/512GB SSD/15.6"" is a laptop by Innjoo. Processor: Celeron N4020. It has 8 GB RAM and 512 GB SSD storage. The screen is 15.6 inches. Listed price: 393 EUR."
1272,"Innjoo Voom Intel Celeron N3350/4GB/64GB eMMC/14.1""",Innjoo,Voom,Intel Celeron,Intel,Celeron,4.0,64.0,eMMC,,False,14.1,False,EUR,,,False,Celeron N3350,,,251.4,"Innjoo Voom Intel Celeron N3350/4GB/64GB eMMC/14.1"" is a laptop by Innjoo. Processor: Celeron N3350. It has 4 GB RAM and 64 GB eMMC storage. The screen is 14.1 inches. Listed price: 251 EUR."
1273,"Innjoo Voom Laptop Max Intel Celeron N3350/6GB/64GB eMMC/14.1""",Innjoo,Voom,Intel Celeron,Intel,Celeron,6.0,64.0,eMMC,,False,14.1,False,EUR,,,False,Celeron N3350,,,383.61,"Innjoo Voom Laptop Max Intel Celeron N3350/6GB/64GB eMMC/14.1"" is a laptop by Innjoo. Processor: Celeron N3350. It has 6 GB RAM and 64 GB eMMC storage. The screen is 14.1 inches. Listed price: 384 EUR."
1274,"Innjoo Voom Laptop Pro Intel Celeron N3350/6GB/128GB SSD/14.1""",Innjoo,Voom,Intel Celeron,Intel,Celeron,6.0,128.0,SSD,,False,14.1,False,EUR,,,False,Celeron N3350,,,317.02,"Innjoo Voom Laptop Pro Intel Celeron N3350/6GB/128GB SSD/14.1"" is a laptop by Innjoo. Processor: Celeron N3350. It has 6 GB RAM and 128 GB SSD storage. The screen is 14.1 inches. Listed price: 317 EUR."
1275,"Innjoo Voom Pro Intel Celeron N3350/6GB/128GB eMMC/14.1""",Innjoo,Voom,Intel Celeron,Intel,Celeron,6.0,128.0,eMMC,,False,14.1,False,EUR,,,False,Celeron N3350,,,431.38,"Innjoo Voom Pro Intel Celeron N3350/6GB/128GB eMMC/14.1"" is a laptop by Innjoo. Processor: Celeron N3350. It has 6 GB RAM and 128 GB eMMC storage. The screen is 14.1 inches. Listed price: 431 EUR."
1276,"Jetwing N1510P3 Intel Core i3-1005G1/8GB/256GB SSD/15.6""",Jetwing,N1510,Intel Core i3,Intel,Core i3,8.0,256.0,SSD,,False,15.6,False,EUR,,,False,i3-1005G1,10.0,,469.27,"Jetwing N1510P3 Intel Core i3-1005G1/8GB/256GB SSD/15.6"" is a laptop by Jetwing. Processor: i3-1005G1 (Intel generation 10). It has 8 GB RAM and 256 GB SSD storage. The screen is 15.6 inches. Listed price: 469 EUR."
1277,"LG Gram 16Z90Q-G.AP75B Intel Core i7-1260P/16GB/512GB SSD/16""",LG,Gram,Intel Core i7,Intel,Core i7,16.0,512.0,SSD,,False,16.0,False,EUR,,,False,i7-1260P,12.0,,1720.54,"LG Gram 16Z90Q-G.AP75B Intel Core i7-1260P/16GB/512GB SSD/16"" is a laptop by LG. Processor: i7-1260P (Intel generation 12). It has 16 GB RAM and 512 GB SSD storage. The screen is 16 inches. Listed price: 1721 EUR."
1278,"LG Gram 17Z90Q Intel Core i7-1260P/16GB/512GB SSD/17""",LG,Gram,Intel Core i7,Intel,Core i7,16.0,512.0,SSD,,False,17.0,False,EUR,,,False,i7-1260P,12.0,,1646.46,"LG Gram 17Z90Q Intel Core i7-1260P/16GB/512GB SSD/17"" is a laptop by LG. Processor: i7-1260P (Intel generation 12). It has 16 GB RAM and 512 GB SSD storage. The screen is 17 inches. Listed price: 1646 EUR."
1279,"Lenovo 100e Chromebook Gen 3 AMD 3015Ce/4GB/32GB eMMC/11.6""",Lenovo,Chromebook,AMD 3015Ce,AMD,,4.0,32.0,eMMC,,False,11.6,False,EUR,,,False,,,,327.0,"Lenovo 100e Chromebook Gen 3 AMD 3015Ce/4GB/32GB eMMC/11.6"" is a laptop by Lenovo. Processor: AMD 3015Ce. It has 4 GB RAM and 32 GB eMMC storage. The screen is 11.6 inches. Listed price: 327 EUR."
1280,"Lenovo 100e Intel Celeron N4020/4GB/128GB SSD/11.6""",Lenovo,100e,Intel Celeron,Intel,Celeron,4.0,128.0,SSD,,False,11.6,False,EUR,,,False,Celeron N4020,,,310.84,"Lenovo 100e Intel Celeron N4020/4GB/128GB SSD/11.6"" is a laptop by Lenovo. Processor: Celeron N4020. It has 4 GB RAM and 128 GB SSD storage. The screen is 11.6 inches. Listed price: 311 EUR."
1281,"Lenovo 14w Gen 2 AMD 3015e/4GB/128GB SSD/14""",Lenovo,14w,AMD 3015e,AMD,,4.0,128.0,SSD,,False,14.0,False,EUR,,,False,,,,461.0,"Lenovo 14w Gen 2 AMD 3015e/4GB/128GB SSD/14"" is a laptop by Lenovo. Processor: AMD 3015e. It has 4 GB RAM and 128 GB SSD storage. The screen is 14 inches. Listed price: 461 EUR."
1282,"Lenovo IdeaPad 1 14ADA7 AMD 3020e/4GB/128GB eMMC/14""",Lenovo,IdeaPad,AMD 3020e,AMD,,4.0,128.0,eMMC,,False,14.0,False,EUR,,,False,,,,435.0,"Lenovo IdeaPad 1 14ADA7 AMD 3020e/4GB/128GB eMMC/14"" is a laptop by Lenovo. Processor: AMD 3020e. It has 4 GB RAM and 128 GB eMMC storage. The screen is 14 inches. Listed price: 435 EUR."
1283,"Lenovo IdeaPad 1 14ADA7 AMD 3020e/4GB/256GB SSD/14""",Lenovo,IdeaPad,AMD 3020e,AMD,,4.0,256.0,SSD,,False,14.0,False,EUR,,,False,,,,422.0,"Lenovo IdeaPad 1 14ADA7 AMD 3020e/4GB/256GB SSD/14"" is a laptop by Lenovo. Processor: AMD 3020e. It has 4 GB RAM and 256 GB SSD storage. The screen is 14 inches. Listed price: 422 EUR."
1284,"Lenovo IdeaPad 1 15ADA7 AMD Ryzen 5 3500U/8 GB/512GB SSD/15.6""",Lenovo,IdeaPad,AMD Ryzen 5,AMD,Ryzen 5,8.0,512.0,SSD,,False,15.6,False,EUR,,,False,Ryzen 5 3500U,,,554.0,"Lenovo IdeaPad 1 15ADA7 AMD Ryzen 5 3500U/8 GB/512GB SSD/15.6"" is a laptop by Lenovo. Processor: Ryzen 5 3500U. It has 8 GB RAM and 512 GB SSD storage. The screen is 15.6 inches. Listed price: 554 EUR."
1285,"Lenovo IdeaPad 1 15ALC7 AMD Ryzen 7 5700U/8GB/512GB SSD/15.6""",Lenovo,IdeaPad,AMD Ryzen 7,AMD,Ryzen 7,8.0,512.0,SSD,,False,15.6,False,EUR,,,False,Ryzen 7 5700U,,,867.0,"Lenovo IdeaPad 1 15ALC7 AMD Ryzen 7 5700U/8GB/512GB SSD/15.6"" is a laptop by Lenovo. Processor: Ryzen 7 5700U. It has 8 GB RAM and 512 GB SSD storage. The screen is 15.6 inches. Listed price: 867 EUR."
1286,"Lenovo IdeaPad 3 15ALC6 AMD Ryzen 5 5500U/8GB/512GB SSD/15.6"" Azul",Lenovo,IdeaPad,AMD Ryzen 5,AMD,Ryzen 5,8.0,512.0,SSD,,False,15.6,False,EUR,,,False,Ryzen 5 5500U,,,531.34,"Lenovo IdeaPad 3 15ALC6 AMD Ryzen 5 5500U/8GB/512GB SSD/15.6"" Azul is a laptop by Lenovo. Processor: Ryzen 5 5500U. It has 8 GB RAM and 512 GB SSD storage. The screen is 15.6 inches. Listed price: 531 EUR."
1287,"Lenovo IdeaPad 3 15ALC6 AMD Ryzen 7 5700U/8GB/512GB SSD/15.6""",Lenovo,IdeaPad,AMD Ryzen 7,AMD,Ryzen 7,8.0,512.0,SSD,,False,15.6,False,EUR,,,False,Ryzen 7 5700U,,,751.88,"Lenovo IdeaPad 3 15ALC6 AMD Ryzen 7 5700U/8GB/512GB SSD/15.6"" is a laptop by Lenovo. Processor: Ryzen 7 5700U. It has 8 GB RAM and 512 GB SSD storage. The screen is 15.6 inches. Listed price: 752 EUR."
1288,"Lenovo IdeaPad 3 15ITL6 Intel Core i3-1115G4/8GB/512GB SSD/15.6""",Lenovo,IdeaPad,Intel Core i3,Intel,Core i3,8.0,512.0,SSD,,False,15.6,False,EUR,,,False,i3-1115G4,11.0,,547.91,"Lenovo IdeaPad 3 15ITL6 Intel Core i3-1115G4/8GB/512GB SSD/15.6"" is a laptop by Lenovo. Processor: i3-1115G4 (Intel generation 11). It has 8 GB RAM and 512 GB SSD storage. The screen is 15.6 inches. Listed price: 548 EUR."
1289,"Lenovo IdeaPad 3 17ABA7 AMD Ryzen 5 5625U/8GB/512GB SSD/17.3""",Lenovo,IdeaPad,AMD Ryzen 5,AMD,Ryzen 5,8.0,512.0,SSD,,False,17.3,False,EUR,,,False,Ryzen 5 5625U,,,895.0,"Lenovo IdeaPad 3 17ABA7 AMD Ryzen 5 5625U/8GB/512GB SSD/17.3"" is a laptop by Lenovo. Processor: Ryzen 5 5625U. It has 8 GB RAM and 512 GB SSD storage. The screen is 17.3 inches. Listed price: 895 EUR."
1290,"Lenovo IdeaPad 3 Chromebook 15IJL6 Intel Celeron N4500/8GB/128GB EMMC/15.6""",Lenovo,IdeaPad,Intel Celeron,Intel,Celeron,8.0,128.0,eMMC,,False,15.6,False,EUR,,,False,Celeron N4500,,,579.21,"Lenovo IdeaPad 3 Chromebook 15IJL6 Intel Celeron N4500/8GB/128GB EMMC/15.6"" is a laptop by Lenovo. Processor: Celeron N4500. It has 8 GB RAM and 128 GB eMMC storage. The screen is 15.6 inches. Listed price: 579 EUR."
1291,"Lenovo IdeaPad 5 14ITL05 Intel Core i5-1135G7/8 GB/512GB SSD/14""",Lenovo,IdeaPad,Intel Core i5,Intel,Core i5,8.0,512.0,SSD,,False,14.0,False,EUR,,,False,i5-1135G7,11.0,,1015.55,"Lenovo IdeaPad 5 14ITL05 Intel Core i5-1135G7/8 GB/512GB SSD/14"" is a laptop by Lenovo. Processor: i5-1135G7 (Intel generation 11). It has 8 GB RAM and 512 GB SSD storage. The screen is 14 inches. Listed price: 1016 EUR."
1292,"Lenovo IdeaPad 5 Pro 14ITL6 Intel Core i5-1135G7/8GB/512GB SSD/14""",Lenovo,IdeaPad,Intel Core i5,Intel,Core i5,8.0,512.0,SSD,,False,14.0,False,EUR,,,False,i5-1135G7,11.0,,1274.9,"Lenovo IdeaPad 5 Pro 14ITL6 Intel Core i5-1135G7/8GB/512GB SSD/14"" is a laptop by Lenovo. Processor: i5-1135G7 (Intel generation 11). It has 8 GB RAM and 512 GB SSD storage. The screen is 14 inches. Listed price: 1275 EUR."
1293,Lenovo IdeaPad Gaming 3 15ACH06 AMD Ryzen 5 5600H/8GB/512GB SSD/RTX 3050/15.6'' (PT),Lenovo,IdeaPad,AMD Ryzen 5,AMD,Ryzen 5,8.0,512.0,SSD,RTX 3050,True,15.6,False,EUR,,,False,Ryzen 5 5600H,,RTX 3050,996.21,Lenovo IdeaPad Gaming 3 15ACH06 AMD Ryzen 5 5600H/8GB/512GB SSD/RTX 3050/15.6'' (PT) is a laptop by Lenovo. Processor: Ryzen 5 5600H. It has 8 GB RAM and 512 GB SSD storage. Dedicated graphics: RTX 3050. The screen is 15.6 inches. Listed price: 996 EUR.
1294,Lenovo IdeaPad Gaming 3 15ACH6 AMD Ryzen 5 5600H/16GB/512GB SSD/RTX 3060,Lenovo,IdeaPad,AMD Ryzen 5,AMD,Ryzen 5,16.0,512.0,SSD,RTX 3060,True,,False,EUR,,,False,Ryzen 5 5600H,,RTX 3060,1505.0,Lenovo IdeaPad Gaming 3 15ACH6 AMD Ryzen 5 5600H/16GB/512GB SSD/RTX 3060 is a laptop by Lenovo. Processor: Ryzen 5 5600H. It has 16 GB RAM and 512 GB SSD storage. Dedicated graphics: RTX 3060. Listed price: 1505 EUR.
1295,"Lenovo IdeaPad Gaming 3 15ACH6 AMD Ryzen 7 5800H/16GB/512GB SSD/RTX 3050/15.6""",Lenovo,IdeaPad,AMD Ryzen 7,AMD,Ryzen 7,16.0,512.0,SSD,RTX 3050,True,15.6,False,EUR,,,False,Ryzen 7 5800H,,RTX 3050,949.0,"Lenovo IdeaPad Gaming 3 15ACH6 AMD Ryzen 7 5800H/16GB/512GB SSD/RTX 3050/15.6"" is a laptop by Lenovo. Processor: Ryzen 7 5800H. It has 16 GB RAM and 512 GB SSD storage. Dedicated graphics: RTX 3050. The screen is 15.6 inches. Listed price: 949 EUR."
1296,"Lenovo IdeaPad Gaming 3 15IAH7 Intel Core i5-12450H/16GB/512GB SSD/RTX 3050/15.6""",Lenovo,IdeaPad,Intel Core i5,Intel,Core i5,16.0,512.0,SSD,RTX 3050,True,15.6,False,EUR,,,False,i5-12450H,12.0,RTX 3050,1205.99,"Lenovo IdeaPad Gaming 3 15IAH7 Intel Core i5-12450H/16GB/512GB SSD/RTX 3050/15.6"" is a laptop by Lenovo. Processor: i5-12450H (Intel generation 12). It has 16 GB RAM and 512 GB SSD storage. Dedicated graphics: RTX 3050. The screen is 15.6 inches. Listed price: 1206 EUR."
1297,"Lenovo IdeaPad Gaming 3 15IAH7 Intel Core i7-12650H/16GB/512GB SSD/RTX 3050/15.6""",Lenovo,IdeaPad,Intel Core i7,Intel,Core i7,16.0,512.0,SSD,RTX 3050,True,15.6,False,EUR,,,False,i7-12650H,12.0,RTX 3050,1098.99,"Lenovo IdeaPad Gaming 3 15IAH7 Intel Core i7-12650H/16GB/512GB SSD/RTX 3050/15.6"" is a laptop by Lenovo. Processor: i7-12650H (Intel generation 12). It has 16 GB RAM and 512 GB SSD storage. Dedicated graphics: RTX 3050. The screen is 15.6 inches. Listed price: 1099 EUR."
1298,"Lenovo Legion 5 15IAH7H Intel Core i7-12700H/16GB/1TB SSD/RTX 3070/15.6""",Lenovo,Legion,Intel Core i7,Intel,Core i7,16.0,1000.0,SSD,RTX 3070,True,15.6,False,EUR,,,False,i7-12700H,12.0,RTX 3070,2328.0,"Lenovo Legion 5 15IAH7H Intel Core i7-12700H/16GB/1TB SSD/RTX 3070/15.6"" is a laptop by Lenovo. Processor: i7-12700H (Intel generation 12). It has 16 GB RAM and 1000 GB SSD storage. Dedicated graphics: RTX 3070. The screen is 15.6 inches. Listed price: 2328 EUR."
1299,"Lenovo Legion 5 15IAH7H Intel Core i7-12700H/16GB/512GB SSD/RTX 3070/15.6""",Lenovo,Legion,Intel Core i7,Intel,Core i7,16.0,512.0,SSD,RTX 3070,True,15.6,False,EUR,,,False,i7-12700H,12.0,RTX 3070,2389.0,"Lenovo Legion 5 15IAH7H Intel Core i7-12700H/16GB/512GB SSD/RTX 3070/15.6"" is a laptop by Lenovo. Processor: i7-12700H (Intel generation 12). It has 16 GB RAM and 512 GB SSD storage. Dedicated graphics: RTX 3070. The screen is 15.6 inches. Listed price: 2389 EUR."
1300,"Lenovo Legion 5 Pro 16IAH7H Intel Core i7-12700H/16GB/1TB SSD/RTX 3060/16""",Lenovo,Legion,Intel Core i7,Intel,Core i7,16.0,1000.0,SSD,RTX 3060,True,16.0,False,EUR,,,False,i7-12700H,12.0,RTX 3060,1944.0,"Lenovo Legion 5 Pro 16IAH7H Intel Core i7-12700H/16GB/1TB SSD/RTX 3060/16"" is a laptop by Lenovo. Processor: i7-12700H (Intel generation 12). It has 16 GB RAM and 1000 GB SSD storage. Dedicated graphics: RTX 3060. The screen is 16 inches. Listed price: 1944 EUR."
1301,"Lenovo Legion 5 Pro 16IAH7H Intel Core i7-12700H/32 GB/1TB SSD/RTX 3070/16""",Lenovo,Legion,Intel Core i7,Intel,Core i7,32.0,1000.0,SSD,RTX 3070,True,16.0,False,EUR,,,False,i7-12700H,12.0,RTX 3070,2417.0,"Lenovo Legion 5 Pro 16IAH7H Intel Core i7-12700H/32 GB/1TB SSD/RTX 3070/16"" is a laptop by Lenovo. Processor: i7-12700H (Intel generation 12). It has 32 GB RAM and 1000 GB SSD storage. Dedicated graphics: RTX 3070. The screen is 16 inches. Listed price: 2417 EUR."
1302,Lenovo Legion PRO 7 16IRX8H-566 Intel Core i9-13900HX/32GB/1TB SSD/RTX 4080/16'' (PT),Lenovo,Legion,Intel Core i9,Intel,Core i9,32.0,1000.0,SSD,RTX 4080,True,16.0,False,EUR,,,False,i9-13900HX,13.0,RTX 4080,5018.14,Lenovo Legion PRO 7 16IRX8H-566 Intel Core i9-13900HX/32GB/1TB SSD/RTX 4080/16'' (PT) is a laptop by Lenovo. Processor: i9-13900HX (Intel generation 13). It has 32 GB RAM and 1000 GB SSD storage. Dedicated graphics: RTX 4080. The screen is 16 inches. Listed price: 5018 EUR.
1303,"Lenovo ThinkBook 13x Intel Evo Core i5-1130G7/16GB/512GB SSD/13.3""",Lenovo,ThinkBook,Intel Evo Core i5,Intel,Core i5,16.0,512.0,SSD,,False,13.3,False,EUR,,,False,i5-1130G7,11.0,,1162.82,"Lenovo ThinkBook 13x Intel Evo Core i5-1130G7/16GB/512GB SSD/13.3"" is a laptop by Lenovo. Processor: i5-1130G7 (Intel generation 11). It has 16 GB RAM and 512 GB SSD storage. The screen is 13.3 inches. Listed price: 1163 EUR."
1304,"Lenovo ThinkBook 14 G3 ACL AMD Ryzen 5 5500U/8GB/256GB SSD/14""",Lenovo,ThinkBook,AMD Ryzen 5,AMD,Ryzen 5,8.0,256.0,SSD,,False,14.0,False,EUR,,,False,Ryzen 5 5500U,,,875.05,"Lenovo ThinkBook 14 G3 ACL AMD Ryzen 5 5500U/8GB/256GB SSD/14"" is a laptop by Lenovo. Processor: Ryzen 5 5500U. It has 8 GB RAM and 256 GB SSD storage. The screen is 14 inches. Listed price: 875 EUR."
1305,"Lenovo ThinkBook 14 G3 ACL AMD Ryzen 7 5700U/16GB/512GB SSD/14""",Lenovo,ThinkBook,AMD Ryzen 7,AMD,Ryzen 7,16.0,512.0,SSD,,False,14.0,False,EUR,,,False,Ryzen 7 5700U,,,1079.91,"Lenovo ThinkBook 14 G3 ACL AMD Ryzen 7 5700U/16GB/512GB SSD/14"" is a laptop by Lenovo. Processor: Ryzen 7 5700U. It has 16 GB RAM and 512 GB SSD storage. The screen is 14 inches. Listed price: 1080 EUR."
1306,"Lenovo ThinkBook 14 G4 ABA AMD Ryzen 7 5825U/16GB/512GB SSD/14""",Lenovo,ThinkBook,AMD Ryzen 7,AMD,Ryzen 7,16.0,512.0,SSD,,False,14.0,False,EUR,,,False,Ryzen 7 5825U,,,1156.47,"Lenovo ThinkBook 14 G4 ABA AMD Ryzen 7 5825U/16GB/512GB SSD/14"" is a laptop by Lenovo. Processor: Ryzen 7 5825U. It has 16 GB RAM and 512 GB SSD storage. The screen is 14 inches. Listed price: 1156 EUR."
1307,"Lenovo ThinkBook 14 G4 IAP Intel Core i5-1235U/16GB/512GB SSD/14""",Lenovo,ThinkBook,Intel Core i5,Intel,Core i5,16.0,512.0,SSD,,False,14.0,False,EUR,,,False,i5-1235U,12.0,,988.52,"Lenovo ThinkBook 14 G4 IAP Intel Core i5-1235U/16GB/512GB SSD/14"" is a laptop by Lenovo. Processor: i5-1235U (Intel generation 12). It has 16 GB RAM and 512 GB SSD storage. The screen is 14 inches. Listed price: 989 EUR."
1308,"Lenovo ThinkBook 14 G4 IAP Intel Core i7-1255U/16GB/512GB SSD/14""",Lenovo,ThinkBook,Intel Core i7,Intel,Core i7,16.0,512.0,SSD,,False,14.0,False,EUR,,,False,i7-1255U,12.0,,1357.0,"Lenovo ThinkBook 14 G4 IAP Intel Core i7-1255U/16GB/512GB SSD/14"" is a laptop by Lenovo. Processor: i7-1255U (Intel generation 12). It has 16 GB RAM and 512 GB SSD storage. The screen is 14 inches. Listed price: 1357 EUR."
1309,"Lenovo ThinkBook 14 Gen 4+ Intel Core i5-1235U/8GB/256GB SSD/14""",Lenovo,ThinkBook,Intel Core i5,Intel,Core i5,8.0,256.0,SSD,,False,14.0,False,EUR,,,False,i5-1235U,12.0,,893.52,"Lenovo ThinkBook 14 Gen 4+ Intel Core i5-1235U/8GB/256GB SSD/14"" is a laptop by Lenovo. Processor: i5-1235U (Intel generation 12). It has 8 GB RAM and 256 GB SSD storage. The screen is 14 inches. Listed price: 894 EUR."
1310,"Lenovo ThinkBook 15 G2 ITL Intel Core i5-1135G7/8GB/256GB SSD/15.6""",Lenovo,ThinkBook,Intel Core i5,Intel,Core i5,8.0,256.0,SSD,,False,15.6,False,EUR,,,False,i5-1135G7,11.0,,1000.27,"Lenovo ThinkBook 15 G2 ITL Intel Core i5-1135G7/8GB/256GB SSD/15.6"" is a laptop by Lenovo. Processor: i5-1135G7 (Intel generation 11). It has 8 GB RAM and 256 GB SSD storage. The screen is 15.6 inches. Listed price: 1000 EUR."
1311,"Lenovo ThinkBook 15 G3 ACL AMD Ryzen 3 5300U/8GB/256GB SSD/15.6""",Lenovo,ThinkBook,AMD Ryzen 3,AMD,Ryzen 3,8.0,256.0,SSD,,False,15.6,False,EUR,,,False,Ryzen 3 5300U,,,745.0,"Lenovo ThinkBook 15 G3 ACL AMD Ryzen 3 5300U/8GB/256GB SSD/15.6"" is a laptop by Lenovo. Processor: Ryzen 3 5300U. It has 8 GB RAM and 256 GB SSD storage. The screen is 15.6 inches. Listed price: 745 EUR."
1312,"Lenovo ThinkBook 15 G4 ABA AMD Ryzen 5 5625U/8GB/256GB SSD/15.6""",Lenovo,ThinkBook,AMD Ryzen 5,AMD,Ryzen 5,8.0,256.0,SSD,,False,15.6,False,EUR,,,False,Ryzen 5 5625U,,,846.67,"Lenovo ThinkBook 15 G4 ABA AMD Ryzen 5 5625U/8GB/256GB SSD/15.6"" is a laptop by Lenovo. Processor: Ryzen 5 5625U. It has 8 GB RAM and 256 GB SSD storage. The screen is 15.6 inches. Listed price: 847 EUR."
1313,"Lenovo ThinkBook 15 G4 ABA AMD Ryzen 7 5825U/16GB/512GB SSD/15.6""",Lenovo,ThinkBook,AMD Ryzen 7,AMD,Ryzen 7,16.0,512.0,SSD,,False,15.6,False,EUR,,,False,Ryzen 7 5825U,,,1149.56,"Lenovo ThinkBook 15 G4 ABA AMD Ryzen 7 5825U/16GB/512GB SSD/15.6"" is a laptop by Lenovo. Processor: Ryzen 7 5825U. It has 16 GB RAM and 512 GB SSD storage. The screen is 15.6 inches. Listed price: 1150 EUR."
1314,"Lenovo ThinkBook 15 Gen 4 IAP Intel Core i5-1235U/8GB/256GB SSD/15.6""",Lenovo,ThinkBook,Intel Core i5,Intel,Core i5,8.0,256.0,SSD,,False,15.6,False,EUR,,,False,i5-1235U,12.0,,896.57,"Lenovo ThinkBook 15 Gen 4 IAP Intel Core i5-1235U/8GB/256GB SSD/15.6"" is a laptop by Lenovo. Processor: i5-1235U (Intel generation 12). It has 8 GB RAM and 256 GB SSD storage. The screen is 15.6 inches. Listed price: 897 EUR."
1315,"Lenovo ThinkBook 16p AMD Ryzen 7 5800H/16GB/512GB SSD/RTX 3060/16""",Lenovo,ThinkBook,AMD Ryzen 7,AMD,Ryzen 7,16.0,512.0,SSD,RTX 3060,True,16.0,False,EUR,,,False,Ryzen 7 5800H,,RTX 3060,2787.22,"Lenovo ThinkBook 16p AMD Ryzen 7 5800H/16GB/512GB SSD/RTX 3060/16"" is a laptop by Lenovo. Processor: Ryzen 7 5800H. It has 16 GB RAM and 512 GB SSD storage. Dedicated graphics: RTX 3060. The screen is 16 inches. Listed price: 2787 EUR."
1316,"Lenovo ThinkBook 16p AMD Ryzen 9 5900HX/32GB/1TB SSD/RTX 3060/16""",Lenovo,ThinkBook,AMD Ryzen 9,AMD,Ryzen 9,32.0,1000.0,SSD,RTX 3060,True,16.0,False,EUR,,,False,Ryzen 9 5900HX,,RTX 3060,2424.01,"Lenovo ThinkBook 16p AMD Ryzen 9 5900HX/32GB/1TB SSD/RTX 3060/16"" is a laptop by Lenovo. Processor: Ryzen 9 5900HX. It has 32 GB RAM and 1000 GB SSD storage. Dedicated graphics: RTX 3060. The screen is 16 inches. Listed price: 2424 EUR."
1317,"Lenovo ThinkBook 16p G2 ACH AMD Ryzen 7 5800H/16GB/512GB SSD/RTX 3060/16""",Lenovo,ThinkBook,AMD Ryzen 7,AMD,Ryzen 7,16.0,512.0,SSD,RTX 3060,True,16.0,False,EUR,,,False,Ryzen 7 5800H,,RTX 3060,1748.99,"Lenovo ThinkBook 16p G2 ACH AMD Ryzen 7 5800H/16GB/512GB SSD/RTX 3060/16"" is a laptop by Lenovo. Processor: Ryzen 7 5800H. It has 16 GB RAM and 512 GB SSD storage. Dedicated graphics: RTX 3060. The screen is 16 inches. Listed price: 1749 EUR."
1318,"Lenovo ThinkBook Plus G3 IAP Intel Core i7-12700H/32GB/1TB SSD/17.3"" Táctil",Lenovo,ThinkBook,Intel Core i7,Intel,Core i7,32.0,1000.0,SSD,,False,17.3,True,EUR,,,False,i7-12700H,12.0,,2858.0,"Lenovo ThinkBook Plus G3 IAP Intel Core i7-12700H/32GB/1TB SSD/17.3"" Táctil is a laptop by Lenovo. Processor: i7-12700H (Intel generation 12). It has 32 GB RAM and 1000 GB SSD storage. The screen is 17.3 inches, touchscreen. Listed price: 2858 EUR."
1319,"Lenovo ThinkPad E14 Gen 2 Intel Core i5-1135G7/16GB/512GB SSD/14""",Lenovo,ThinkPad,Intel Core i5,Intel,Core i5,16.0,512.0,SSD,,False,14.0,False,EUR,,,False,i5-1135G7,11.0,,1253.5,"Lenovo ThinkPad E14 Gen 2 Intel Core i5-1135G7/16GB/512GB SSD/14"" is a laptop by Lenovo. Processor: i5-1135G7 (Intel generation 11). It has 16 GB RAM and 512 GB SSD storage. The screen is 14 inches. Listed price: 1254 EUR."
1320,"Lenovo ThinkPad E15 Gen 4 AMD Ryzen 5 5625U/16GB/512GB SSD/15.6""",Lenovo,ThinkPad,AMD Ryzen 5,AMD,Ryzen 5,16.0,512.0,SSD,,False,15.6,False,EUR,,,False,Ryzen 5 5625U,,,1061.0,"Lenovo ThinkPad E15 Gen 4 AMD Ryzen 5 5625U/16GB/512GB SSD/15.6"" is a laptop by Lenovo. Processor: Ryzen 5 5625U. It has 16 GB RAM and 512 GB SSD storage. The screen is 15.6 inches. Listed price: 1061 EUR."
1321,"Lenovo ThinkPad E15 Gen 4 AMD Ryzen 5 5625U/8GB/256GB SSD/15.6""",Lenovo,ThinkPad,AMD Ryzen 5,AMD,Ryzen 5,8.0,256.0,SSD,,False,15.6,False,EUR,,,False,Ryzen 5 5625U,,,1002.59,"Lenovo ThinkPad E15 Gen 4 AMD Ryzen 5 5625U/8GB/256GB SSD/15.6"" is a laptop by Lenovo. Processor: Ryzen 5 5625U. It has 8 GB RAM and 256 GB SSD storage. The screen is 15.6 inches. Listed price: 1003 EUR."
1322,"Lenovo ThinkPad E15 Gen 4 Intel Core i5-1235U/8GB/256GB SSD/15.6""",Lenovo,ThinkPad,Intel Core i5,Intel,Core i5,8.0,256.0,SSD,,False,15.6,False,EUR,,,False,i5-1235U,12.0,,1135.0,"Lenovo ThinkPad E15 Gen 4 Intel Core i5-1235U/8GB/256GB SSD/15.6"" is a laptop by Lenovo. Processor: i5-1235U (Intel generation 12). It has 8 GB RAM and 256 GB SSD storage. The screen is 15.6 inches. Listed price: 1135 EUR."
1323,"Lenovo ThinkPad L13 Gen 3 Intel Core i5-1235U/16 GB/512GB SSD/13.3""",Lenovo,ThinkPad,Intel Core i5,Intel,Core i5,16.0,512.0,SSD,,False,13.3,False,EUR,,,False,i5-1235U,12.0,,1423.48,"Lenovo ThinkPad L13 Gen 3 Intel Core i5-1235U/16 GB/512GB SSD/13.3"" is a laptop by Lenovo. Processor: i5-1235U (Intel generation 12). It has 16 GB RAM and 512 GB SSD storage. The screen is 13.3 inches. Listed price: 1423 EUR."
1324,"Lenovo ThinkPad L13 Gen 3 Intel Core i5-1235U/8GB/256GB SSD/13.3""",Lenovo,ThinkPad,Intel Core i5,Intel,Core i5,8.0,256.0,SSD,,False,13.3,False,EUR,,,False,i5-1235U,12.0,,1178.0,"Lenovo ThinkPad L13 Gen 3 Intel Core i5-1235U/8GB/256GB SSD/13.3"" is a laptop by Lenovo. Processor: i5-1235U (Intel generation 12). It has 8 GB RAM and 256 GB SSD storage. The screen is 13.3 inches. Listed price: 1178 EUR."
1325,"Lenovo ThinkPad L13 Yoga Gen 2 Intel Core i5-1135G7/8GB/256GB SSD/13.3"" Táctil",Lenovo,ThinkPad,Intel Core i5,Intel,Core i5,8.0,256.0,SSD,,False,13.3,True,EUR,,,False,i5-1135G7,11.0,,939.67,"Lenovo ThinkPad L13 Yoga Gen 2 Intel Core i5-1135G7/8GB/256GB SSD/13.3"" Táctil is a laptop by Lenovo. Processor: i5-1135G7 (Intel generation 11). It has 8 GB RAM and 256 GB SSD storage. The screen is 13.3 inches, touchscreen. Listed price: 940 EUR."
1326,"Lenovo ThinkPad L13 Yoga Gen 3 Intel Core i5-1235U/8GB/256GB SSD/13.3"" Táctil",Lenovo,ThinkPad,Intel Core i5,Intel,Core i5,8.0,256.0,SSD,,False,13.3,True,EUR,,,False,i5-1235U,12.0,,1329.0,"Lenovo ThinkPad L13 Yoga Gen 3 Intel Core i5-1235U/8GB/256GB SSD/13.3"" Táctil is a laptop by Lenovo. Processor: i5-1235U (Intel generation 12). It has 8 GB RAM and 256 GB SSD storage. The screen is 13.3 inches, touchscreen. Listed price: 1329 EUR."
1327,"Lenovo ThinkPad L14 Gen 2 Intel Core i5-1135G7/8GB/512GB SSD/14""",Lenovo,ThinkPad,Intel Core i5,Intel,Core i5,8.0,512.0,SSD,,False,14.0,False,EUR,,,False,i5-1135G7,11.0,,919.0,"Lenovo ThinkPad L14 Gen 2 Intel Core i5-1135G7/8GB/512GB SSD/14"" is a laptop by Lenovo. Processor: i5-1135G7 (Intel generation 11). It has 8 GB RAM and 512 GB SSD storage. The screen is 14 inches. Listed price: 919 EUR."
1328,"Lenovo ThinkPad L14 Gen 3 Intel Core i5-1235U/8GB/256GB SSD/14""",Lenovo,ThinkPad,Intel Core i5,Intel,Core i5,8.0,256.0,SSD,,False,14.0,False,EUR,,,False,i5-1235U,12.0,,1161.0,"Lenovo ThinkPad L14 Gen 3 Intel Core i5-1235U/8GB/256GB SSD/14"" is a laptop by Lenovo. Processor: i5-1235U (Intel generation 12). It has 8 GB RAM and 256 GB SSD storage. The screen is 14 inches. Listed price: 1161 EUR."
1329,"Lenovo ThinkPad L14 Gen 3 Intel Core i7-1255U/16 GB/512GB SSD/14""",Lenovo,ThinkPad,Intel Core i7,Intel,Core i7,16.0,512.0,SSD,,False,14.0,False,EUR,,,False,i7-1255U,12.0,,1555.46,"Lenovo ThinkPad L14 Gen 3 Intel Core i7-1255U/16 GB/512GB SSD/14"" is a laptop by Lenovo. Processor: i7-1255U (Intel generation 12). It has 16 GB RAM and 512 GB SSD storage. The screen is 14 inches. Listed price: 1555 EUR."
1330,"Lenovo ThinkPad L15 Gen 3 Intel Core i7-1255U/16GB/512GB SSD/15.6""",Lenovo,ThinkPad,Intel Core i7,Intel,Core i7,16.0,512.0,SSD,,False,15.6,False,EUR,,,False,i7-1255U,12.0,,1354.18,"Lenovo ThinkPad L15 Gen 3 Intel Core i7-1255U/16GB/512GB SSD/15.6"" is a laptop by Lenovo. Processor: i7-1255U (Intel generation 12). It has 16 GB RAM and 512 GB SSD storage. The screen is 15.6 inches. Listed price: 1354 EUR."
1331,"Lenovo ThinkPad P1 Gen 5 Intel Core i7-12700H/16GB/1TB SSD/RTX A2000/16""",Lenovo,ThinkPad,Intel Core i7,Intel,Core i7,16.0,1000.0,SSD,RTX A2000,True,16.0,False,EUR,,,False,i7-12700H,12.0,RTX A2000,4138.67,"Lenovo ThinkPad P1 Gen 5 Intel Core i7-12700H/16GB/1TB SSD/RTX A2000/16"" is a laptop by Lenovo. Processor: i7-12700H (Intel generation 12). It has 16 GB RAM and 1000 GB SSD storage. Dedicated graphics: RTX A2000. The screen is 16 inches. Listed price: 4139 EUR."
1332,"Lenovo ThinkPad P14s Gen 3 Intel Core i7-1260P/16GB/512GB SSD/Quadro T550/14""",Lenovo,ThinkPad,Intel Core i7,Intel,Core i7,16.0,512.0,SSD,T 550,True,14.0,False,EUR,,,False,i7-1260P,12.0,T 550,2175.0,"Lenovo ThinkPad P14s Gen 3 Intel Core i7-1260P/16GB/512GB SSD/Quadro T550/14"" is a laptop by Lenovo. Processor: i7-1260P (Intel generation 12). It has 16 GB RAM and 512 GB SSD storage. Dedicated graphics: T 550. The screen is 14 inches. Listed price: 2175 EUR."
1333,"Lenovo ThinkPad P15 Gen 2 Intel Core i7-11800H/16GB/512GB SSD/RTX A2000/15.6""",Lenovo,ThinkPad,Intel Core i7,Intel,Core i7,16.0,512.0,SSD,RTX A2000,True,15.6,False,EUR,,,False,i7-11800H,11.0,RTX A2000,2048.0,"Lenovo ThinkPad P15 Gen 2 Intel Core i7-11800H/16GB/512GB SSD/RTX A2000/15.6"" is a laptop by Lenovo. Processor: i7-11800H (Intel generation 11). It has 16 GB RAM and 512 GB SSD storage. Dedicated graphics: RTX A2000. The screen is 15.6 inches. Listed price: 2048 EUR."
1334,Lenovo ThinkPad P15 Gen 2 Intel Core i7-11850H/16GB/512GB SSD/RTX A2000,Lenovo,ThinkPad,Intel Core i7,Intel,Core i7,16.0,512.0,SSD,RTX A2000,True,,False,EUR,,,False,i7-11850H,11.0,RTX A2000,2569.0,Lenovo ThinkPad P15 Gen 2 Intel Core i7-11850H/16GB/512GB SSD/RTX A2000 is a laptop by Lenovo. Processor: i7-11850H (Intel generation 11). It has 16 GB RAM and 512 GB SSD storage. Dedicated graphics: RTX A2000. Listed price: 2569 EUR.
1335,"Lenovo ThinkPad P16 Gen 1 Intel Core i7-12800HX/16GB/512GB SSD/RTX A1000/16""",Lenovo,ThinkPad,Intel Core i7,Intel,Core i7,16.0,512.0,SSD,RTX A1000,True,16.0,False,EUR,,,False,i7-12800HX,12.0,RTX A1000,3327.92,"Lenovo ThinkPad P16 Gen 1 Intel Core i7-12800HX/16GB/512GB SSD/RTX A1000/16"" is a laptop by Lenovo. Processor: i7-12800HX (Intel generation 12). It has 16 GB RAM and 512 GB SSD storage. Dedicated graphics: RTX A1000. The screen is 16 inches. Listed price: 3328 EUR."
1336,"Lenovo ThinkPad P16s Gen 1 Intel Core i7-1260P/16GB/512GB SSD/Quadro T550/16""",Lenovo,ThinkPad,Intel Core i7,Intel,Core i7,16.0,512.0,SSD,T 550,True,16.0,False,EUR,,,False,i7-1260P,12.0,T 550,2132.04,"Lenovo ThinkPad P16s Gen 1 Intel Core i7-1260P/16GB/512GB SSD/Quadro T550/16"" is a laptop by Lenovo. Processor: i7-1260P (Intel generation 12). It has 16 GB RAM and 512 GB SSD storage. Dedicated graphics: T 550. The screen is 16 inches. Listed price: 2132 EUR."
1337,"Lenovo ThinkPad P17 Gen 2 Intel Core i7-11800H/16GB/512GB SSD/RTX A2000/17.3""",Lenovo,ThinkPad,Intel Core i7,Intel,Core i7,16.0,512.0,SSD,RTX A2000,True,17.3,False,EUR,,,False,i7-11800H,11.0,RTX A2000,2577.98,"Lenovo ThinkPad P17 Gen 2 Intel Core i7-11800H/16GB/512GB SSD/RTX A2000/17.3"" is a laptop by Lenovo. Processor: i7-11800H (Intel generation 11). It has 16 GB RAM and 512 GB SSD storage. Dedicated graphics: RTX A2000. The screen is 17.3 inches. Listed price: 2578 EUR."
1338,"Lenovo ThinkPad T14 Gen 3 Intel Core i5-1235U/8GB/256GB SSD/14""",Lenovo,ThinkPad,Intel Core i5,Intel,Core i5,8.0,256.0,SSD,,False,14.0,False,EUR,,,False,i5-1235U,12.0,,1782.0,"Lenovo ThinkPad T14 Gen 3 Intel Core i5-1235U/8GB/256GB SSD/14"" is a laptop by Lenovo. Processor: i5-1235U (Intel generation 12). It has 8 GB RAM and 256 GB SSD storage. The screen is 14 inches. Listed price: 1782 EUR."
1339,"Lenovo ThinkPad T14 Gen 3 Intel Core i7-1260P/32GB/1TB SSD/MX550/14""",Lenovo,ThinkPad,Intel Core i7,Intel,Core i7,32.0,1000.0,SSD,MX 550,True,14.0,False,EUR,,,False,i7-1260P,12.0,MX 550,2671.99,"Lenovo ThinkPad T14 Gen 3 Intel Core i7-1260P/32GB/1TB SSD/MX550/14"" is a laptop by Lenovo. Processor: i7-1260P (Intel generation 12). It has 32 GB RAM and 1000 GB SSD storage. Dedicated graphics: MX 550. The screen is 14 inches. Listed price: 2672 EUR."
1340,"Lenovo ThinkPad T14s G3 Intel Core i5-1240P/16GB/512GB SSD/14""",Lenovo,ThinkPad,Intel Core i5,Intel,Core i5,16.0,512.0,SSD,,False,14.0,False,EUR,,,False,i5-1240P,12.0,,2068.0,"Lenovo ThinkPad T14s G3 Intel Core i5-1240P/16GB/512GB SSD/14"" is a laptop by Lenovo. Processor: i5-1240P (Intel generation 12). It has 16 GB RAM and 512 GB SSD storage. The screen is 14 inches. Listed price: 2068 EUR."
1341,"Lenovo ThinkPad T14s Gen 2 Intel Core i5-1135G7/8GB/256GB SSD/14""",Lenovo,ThinkPad,Intel Core i5,Intel,Core i5,8.0,256.0,SSD,,False,14.0,False,EUR,,,False,i5-1135G7,11.0,,1223.43,"Lenovo ThinkPad T14s Gen 2 Intel Core i5-1135G7/8GB/256GB SSD/14"" is a laptop by Lenovo. Processor: i5-1135G7 (Intel generation 11). It has 8 GB RAM and 256 GB SSD storage. The screen is 14 inches. Listed price: 1223 EUR."
1342,"Lenovo ThinkPad T14s Gen 2 Intel Evo Core i5-1135G7/8 GB/256GB SSD/14""",Lenovo,ThinkPad,Intel Evo Core i5,Intel,Core i5,8.0,256.0,SSD,,False,14.0,False,EUR,,,False,i5-1135G7,11.0,,1512.54,"Lenovo ThinkPad T14s Gen 2 Intel Evo Core i5-1135G7/8 GB/256GB SSD/14"" is a laptop by Lenovo. Processor: i5-1135G7 (Intel generation 11). It has 8 GB RAM and 256 GB SSD storage. The screen is 14 inches. Listed price: 1513 EUR."
1343,"Lenovo ThinkPad T15 Gen 2 Intel Core i7-1165G7/16GB/512GB SSD/15.6""",Lenovo,ThinkPad,Intel Core i7,Intel,Core i7,16.0,512.0,SSD,,False,15.6,False,EUR,,,False,i7-1165G7,11.0,,1506.99,"Lenovo ThinkPad T15 Gen 2 Intel Core i7-1165G7/16GB/512GB SSD/15.6"" is a laptop by Lenovo. Processor: i7-1165G7 (Intel generation 11). It has 16 GB RAM and 512 GB SSD storage. The screen is 15.6 inches. Listed price: 1507 EUR."
1344,"Lenovo ThinkPad T15 Gen 2 Intel Core i7-1185G7/16GB/2TB SSD/MX 450/15.6""",Lenovo,ThinkPad,Intel Core i7,Intel,Core i7,16.0,2000.0,SSD,MX 450,True,15.6,False,EUR,,,False,i7-1185G7,11.0,MX 450,1795.0,"Lenovo ThinkPad T15 Gen 2 Intel Core i7-1185G7/16GB/2TB SSD/MX 450/15.6"" is a laptop by Lenovo. Processor: i7-1185G7 (Intel generation 11). It has 16 GB RAM and 2000 GB SSD storage. Dedicated graphics: MX 450. The screen is 15.6 inches. Listed price: 1795 EUR."
1345,"Lenovo ThinkPad T15 Intel Core i5-10210U/8GB/256GB SSD/15.6""",Lenovo,ThinkPad,Intel Core i5,Intel,Core i5,8.0,256.0,SSD,,False,15.6,False,EUR,,,False,i5-10210U,10.0,,849.0,"Lenovo ThinkPad T15 Intel Core i5-10210U/8GB/256GB SSD/15.6"" is a laptop by Lenovo. Processor: i5-10210U (Intel generation 10). It has 8 GB RAM and 256 GB SSD storage. The screen is 15.6 inches. Listed price: 849 EUR."
1346,"Lenovo ThinkPad T16 Gen 1 Intel Core i5-1235U/16GB/512GB SSD/16""",Lenovo,ThinkPad,Intel Core i5,Intel,Core i5,16.0,512.0,SSD,,False,16.0,False,EUR,,,False,i5-1235U,12.0,,1925.0,"Lenovo ThinkPad T16 Gen 1 Intel Core i5-1235U/16GB/512GB SSD/16"" is a laptop by Lenovo. Processor: i5-1235U (Intel generation 12). It has 16 GB RAM and 512 GB SSD storage. The screen is 16 inches. Listed price: 1925 EUR."
1347,"Lenovo ThinkPad X1 Carbon Gen 9 Intel Evo Core i5-1135G7/8 GB/256GB SSD/14""",Lenovo,ThinkPad,Intel Evo Core i5,Intel,Core i5,8.0,256.0,SSD,,False,14.0,False,EUR,,,False,i5-1135G7,11.0,,1334.94,"Lenovo ThinkPad X1 Carbon Gen 9 Intel Evo Core i5-1135G7/8 GB/256GB SSD/14"" is a laptop by Lenovo. Processor: i5-1135G7 (Intel generation 11). It has 8 GB RAM and 256 GB SSD storage. The screen is 14 inches. Listed price: 1335 EUR."
1348,"Lenovo ThinkPad X1 Nano Gen 2 Intel Evo Core i7-1260P/16GB/1TB SSD/13"" Táctil",Lenovo,ThinkPad,Intel Evo Core i7,Intel,Core i7,16.0,1000.0,SSD,,False,13.0,True,EUR,,,False,i7-1260P,12.0,,3107.62,"Lenovo ThinkPad X1 Nano Gen 2 Intel Evo Core i7-1260P/16GB/1TB SSD/13"" Táctil is a laptop by Lenovo. Processor: i7-1260P (Intel generation 12). It has 16 GB RAM and 1000 GB SSD storage. The screen is 13 inches, touchscreen. Listed price: 3108 EUR."
1349,"Lenovo ThinkPad X1 Nano Intel Core i7-1160G7/16GB/1TB SSD/13""",Lenovo,ThinkPad,Intel Core i7,Intel,Core i7,16.0,1000.0,SSD,,False,13.0,False,EUR,,,False,i7-1160G7,11.0,,1959.57,"Lenovo ThinkPad X1 Nano Intel Core i7-1160G7/16GB/1TB SSD/13"" is a laptop by Lenovo. Processor: i7-1160G7 (Intel generation 11). It has 16 GB RAM and 1000 GB SSD storage. The screen is 13 inches. Listed price: 1960 EUR."
1350,"Lenovo ThinkPad X13 Intel Core i5-10210U/8GB/512GB SSD/13.3""",Lenovo,ThinkPad,Intel Core i5,Intel,Core i5,8.0,512.0,SSD,,False,13.3,False,EUR,,,False,i5-10210U,10.0,,1358.61,"Lenovo ThinkPad X13 Intel Core i5-10210U/8GB/512GB SSD/13.3"" is a laptop by Lenovo. Processor: i5-10210U (Intel generation 10). It has 8 GB RAM and 512 GB SSD storage. The screen is 13.3 inches. Listed price: 1359 EUR."
1351,"Lenovo ThinkPad X13s G1 Qualcomm Snapdragon 8cx Gen 3/16GB/256GB SSD/13.3""",Lenovo,ThinkPad,Qualcomm Snapdragon 8,Qualcomm,Snapdragon,16.0,256.0,SSD,,False,13.3,False,EUR,,,False,,,,1997.0,"Lenovo ThinkPad X13s G1 Qualcomm Snapdragon 8cx Gen 3/16GB/256GB SSD/13.3"" is a laptop by Lenovo. Processor: Qualcomm Snapdragon 8. It has 16 GB RAM and 256 GB SSD storage. The screen is 13.3 inches. Listed price: 1997 EUR."
1352,"Lenovo ThinkPad Z13 AMD Ryzen 7 Pro 6850H/16GB/512GB SSD/13.3""",Lenovo,ThinkPad,AMD Ryzen 7,AMD,Ryzen 7,16.0,512.0,SSD,,False,13.3,False,EUR,,,False,,,,2068.0,"Lenovo ThinkPad Z13 AMD Ryzen 7 Pro 6850H/16GB/512GB SSD/13.3"" is a laptop by Lenovo. Processor: AMD Ryzen 7. It has 16 GB RAM and 512 GB SSD storage. The screen is 13.3 inches. Listed price: 2068 EUR."
1353,"Lenovo ThinkPad Z16 G1 AMD Ryzen 7 Pro 6850H/16GB/512GB SSD/16""",Lenovo,ThinkPad,AMD Ryzen 7,AMD,Ryzen 7,16.0,512.0,SSD,,False,16.0,False,EUR,,,False,,,,2281.0,"Lenovo ThinkPad Z16 G1 AMD Ryzen 7 Pro 6850H/16GB/512GB SSD/16"" is a laptop by Lenovo. Processor: AMD Ryzen 7. It has 16 GB RAM and 512 GB SSD storage. The screen is 16 inches. Listed price: 2281 EUR."
1354,"Lenovo Thinkpad P15 G2 Intel Core i7-11800H/16GB/512GB SSD/15.6""",Lenovo,ThinkPad,Intel Core i7,Intel,Core i7,16.0,512.0,SSD,,False,15.6,False,EUR,,,False,i7-11800H,11.0,,1999.4,"Lenovo Thinkpad P15 G2 Intel Core i7-11800H/16GB/512GB SSD/15.6"" is a laptop by Lenovo. Processor: i7-11800H (Intel generation 11). It has 16 GB RAM and 512 GB SSD storage. The screen is 15.6 inches. Listed price: 1999 EUR."
1355,"Lenovo Thinkpad X1 Carbon Intel Evo Core i7-1165G7/32GB/1TB SSD/14""",Lenovo,ThinkPad,Intel Evo Core i7,Intel,Core i7,32.0,1000.0,SSD,,False,14.0,False,EUR,,,False,i7-1165G7,11.0,,3721.08,"Lenovo Thinkpad X1 Carbon Intel Evo Core i7-1165G7/32GB/1TB SSD/14"" is a laptop by Lenovo. Processor: i7-1165G7 (Intel generation 11). It has 32 GB RAM and 1000 GB SSD storage. The screen is 14 inches. Listed price: 3721 EUR."
1356,"Lenovo V14 G2 ALC AMD Ryzen 3 5300U/8GB/256GB SSD/14""",Lenovo,V14,AMD Ryzen 3,AMD,Ryzen 3,8.0,256.0,SSD,,False,14.0,False,EUR,,,False,Ryzen 3 5300U,,,756.95,"Lenovo V14 G2 ALC AMD Ryzen 3 5300U/8GB/256GB SSD/14"" is a laptop by Lenovo. Processor: Ryzen 3 5300U. It has 8 GB RAM and 256 GB SSD storage. The screen is 14 inches. Listed price: 757 EUR."
1357,"Lenovo V14 IML Intel Core i3-10110U/8GB/512GB SSD/14""",Lenovo,V14,Intel Core i3,Intel,Core i3,8.0,512.0,SSD,,False,14.0,False,EUR,,,False,i3-10110U,10.0,,513.87,"Lenovo V14 IML Intel Core i3-10110U/8GB/512GB SSD/14"" is a laptop by Lenovo. Processor: i3-10110U (Intel generation 10). It has 8 GB RAM and 512 GB SSD storage. The screen is 14 inches. Listed price: 514 EUR."
1358,"Lenovo V15 G2 ALC AMD Ryzen 7 5700U/8 GB/512GB SSD/15.6""",Lenovo,V15,AMD Ryzen 7,AMD,Ryzen 7,8.0,512.0,SSD,,False,15.6,False,EUR,,,False,Ryzen 7 5700U,,,564.62,"Lenovo V15 G2 ALC AMD Ryzen 7 5700U/8 GB/512GB SSD/15.6"" is a laptop by Lenovo. Processor: Ryzen 7 5700U. It has 8 GB RAM and 512 GB SSD storage. The screen is 15.6 inches. Listed price: 565 EUR."
1359,"Lenovo V15 G2 ITL Intel Core i3-1115G4/8GB/256GB/15.6""",Lenovo,V15,Intel Core i3,Intel,Core i3,8.0,256.0,,,False,15.6,False,EUR,,,False,i3-1115G4,11.0,,661.0,"Lenovo V15 G2 ITL Intel Core i3-1115G4/8GB/256GB/15.6"" is a laptop by Lenovo. Processor: i3-1115G4 (Intel generation 11). It has 8 GB RAM and 256 GB storage. The screen is 15.6 inches. Listed price: 661 EUR."
1360,"Lenovo V15 G2 ITL Intel Core i7-1165G7/8 GB/512GB SSD/15.6""",Lenovo,V15,Intel Core i7,Intel,Core i7,8.0,512.0,SSD,,False,15.6,False,EUR,,,False,i7-1165G7,11.0,,661.77,"Lenovo V15 G2 ITL Intel Core i7-1165G7/8 GB/512GB SSD/15.6"" is a laptop by Lenovo. Processor: i7-1165G7 (Intel generation 11). It has 8 GB RAM and 512 GB SSD storage. The screen is 15.6 inches. Listed price: 662 EUR."
1361,"Lenovo V15 G2 Intel Core i5-1135G7/8GB/512GB SSD/15.6""",Lenovo,V15,Intel Core i5,Intel,Core i5,8.0,512.0,SSD,,False,15.6,False,EUR,,,False,i5-1135G7,11.0,,506.61,"Lenovo V15 G2 Intel Core i5-1135G7/8GB/512GB SSD/15.6"" is a laptop by Lenovo. Processor: i5-1135G7 (Intel generation 11). It has 8 GB RAM and 512 GB SSD storage. The screen is 15.6 inches. Listed price: 507 EUR."
1362,"Lenovo V15 G3 ABA AMD Ryzen 5 5625U/8GB/256GB SSD/15.6""",Lenovo,V15,AMD Ryzen 5,AMD,Ryzen 5,8.0,256.0,SSD,,False,15.6,False,EUR,,,False,Ryzen 5 5625U,,,718.0,"Lenovo V15 G3 ABA AMD Ryzen 5 5625U/8GB/256GB SSD/15.6"" is a laptop by Lenovo. Processor: Ryzen 5 5625U. It has 8 GB RAM and 256 GB SSD storage. The screen is 15.6 inches. Listed price: 718 EUR."
1363,"Lenovo V15 G3 ABA AMD Ryzen 5 5625U/8GB/512GB SSD/15.6""",Lenovo,V15,AMD Ryzen 5,AMD,Ryzen 5,8.0,512.0,SSD,,False,15.6,False,EUR,,,False,Ryzen 5 5625U,,,547.63,"Lenovo V15 G3 ABA AMD Ryzen 5 5625U/8GB/512GB SSD/15.6"" is a laptop by Lenovo. Processor: Ryzen 5 5625U. It has 8 GB RAM and 512 GB SSD storage. The screen is 15.6 inches. Listed price: 548 EUR."
1364,"Lenovo V15 G3 IAP Intel Core i5-1235U/16GB/512GB SSD/15.6""",Lenovo,V15,Intel Core i5,Intel,Core i5,16.0,512.0,SSD,,False,15.6,False,EUR,,,False,i5-1235U,12.0,,979.0,"Lenovo V15 G3 IAP Intel Core i5-1235U/16GB/512GB SSD/15.6"" is a laptop by Lenovo. Processor: i5-1235U (Intel generation 12). It has 16 GB RAM and 512 GB SSD storage. The screen is 15.6 inches. Listed price: 979 EUR."
1365,"Lenovo V15 G3 IAP Intel Core i5-1235U/8GB/256GB SSD/15.6""",Lenovo,V15,Intel Core i5,Intel,Core i5,8.0,256.0,SSD,,False,15.6,False,EUR,,,False,i5-1235U,12.0,,842.99,"Lenovo V15 G3 IAP Intel Core i5-1235U/8GB/256GB SSD/15.6"" is a laptop by Lenovo. Processor: i5-1235U (Intel generation 12). It has 8 GB RAM and 256 GB SSD storage. The screen is 15.6 inches. Listed price: 843 EUR."
1366,"Lenovo V15 IGL Intel Celeron N4020/8 GB/256 GB SSD/15.6""",Lenovo,V15,Intel Celeron,Intel,Celeron,8.0,256.0,SSD,,False,15.6,False,EUR,,,False,Celeron N4020,,,339.78,"Lenovo V15 IGL Intel Celeron N4020/8 GB/256 GB SSD/15.6"" is a laptop by Lenovo. Processor: Celeron N4020. It has 8 GB RAM and 256 GB SSD storage. The screen is 15.6 inches. Listed price: 340 EUR."
1367,"Lenovo V15 IIL Intel Celeron N4020/4GB/256GB SSD/15.6""",Lenovo,V15,Intel Celeron,Intel,Celeron,4.0,256.0,SSD,,False,15.6,False,EUR,,,False,Celeron N4020,,,361.0,"Lenovo V15 IIL Intel Celeron N4020/4GB/256GB SSD/15.6"" is a laptop by Lenovo. Processor: Celeron N4020. It has 4 GB RAM and 256 GB SSD storage. The screen is 15.6 inches. Listed price: 361 EUR."
1368,"Lenovo V15 Intel Core i3-1115G4/8 GB/512GB SSD/15.6""",Lenovo,V15,Intel Core i3,Intel,Core i3,8.0,512.0,SSD,,False,15.6,False,EUR,,,False,i3-1115G4,11.0,,576.66,"Lenovo V15 Intel Core i3-1115G4/8 GB/512GB SSD/15.6"" is a laptop by Lenovo. Processor: i3-1115G4 (Intel generation 11). It has 8 GB RAM and 512 GB SSD storage. The screen is 15.6 inches. Listed price: 577 EUR."
1369,"Lenovo Yoga 7 14ARB7 AMD Ryzen 5 6600U/8GB/512GB SSD/14"" Táctil",Lenovo,Yoga,AMD Ryzen 5,AMD,Ryzen 5,8.0,512.0,SSD,,False,14.0,True,EUR,,,False,Ryzen 5 6600U,,,1311.0,"Lenovo Yoga 7 14ARB7 AMD Ryzen 5 6600U/8GB/512GB SSD/14"" Táctil is a laptop by Lenovo. Processor: Ryzen 5 6600U. It has 8 GB RAM and 512 GB SSD storage. The screen is 14 inches, touchscreen. Listed price: 1311 EUR."
1370,"Lenovo Yoga 9 14IAP7 Intel Evo Core i7-1260P/16GB/1TB SSD/14"" Táctil",Lenovo,Yoga,Intel Evo Core i7,Intel,Core i7,16.0,1000.0,SSD,,False,14.0,True,EUR,,,False,i7-1260P,12.0,,2383.85,"Lenovo Yoga 9 14IAP7 Intel Evo Core i7-1260P/16GB/1TB SSD/14"" Táctil is a laptop by Lenovo. Processor: i7-1260P (Intel generation 12). It has 16 GB RAM and 1000 GB SSD storage. The screen is 14 inches, touchscreen. Listed price: 2384 EUR."
1371,"Lenovo Yoga 9 14ITL5 Intel Evo Core i7-1185G7/16GB/1TB SSD/14"" Táctil UHD",Lenovo,Yoga,Intel Evo Core i7,Intel,Core i7,16.0,1000.0,SSD,,False,14.0,True,EUR,,,False,i7-1185G7,11.0,,2646.0,"Lenovo Yoga 9 14ITL5 Intel Evo Core i7-1185G7/16GB/1TB SSD/14"" Táctil UHD is a laptop by Lenovo. Processor: i7-1185G7 (Intel generation 11). It has 16 GB RAM and 1000 GB SSD storage. The screen is 14 inches, touchscreen. Listed price: 2646 EUR."
1372,"Lenovo Yoga Chromebook C630 Intel Core i5-8250U/8GB/128GB/15.6"" Táctil",Lenovo,Yoga,Intel Core i5,Intel,Core i5,8.0,128.0,,,False,15.6,True,EUR,,,False,i5-8250U,8.0,,1168.13,"Lenovo Yoga Chromebook C630 Intel Core i5-8250U/8GB/128GB/15.6"" Táctil is a laptop by Lenovo. Processor: i5-8250U (Intel generation 8). It has 8 GB RAM and 128 GB storage. The screen is 15.6 inches, touchscreen. Listed price: 1168 EUR."
1373,"Lenovo Yoga Slim 7 14ITL05 Intel Core i7-1165G7/16GB/1TB SSD/14""",Lenovo,Yoga,Intel Core i7,Intel,Core i7,16.0,1000.0,SSD,,False,14.0,False,EUR,,,False,i7-1165G7,11.0,,2074.68,"Lenovo Yoga Slim 7 14ITL05 Intel Core i7-1165G7/16GB/1TB SSD/14"" is a laptop by Lenovo. Processor: i7-1165G7 (Intel generation 11). It has 16 GB RAM and 1000 GB SSD storage. The screen is 14 inches. Listed price: 2075 EUR."
1374,"Lenovo Yoga Slim 7 Pro 14IHU5 Intel Evo Core i7-11370H/16GB/512GB SSD/14""",Lenovo,Yoga,Intel Evo Core i7,Intel,Core i7,16.0,512.0,SSD,,False,14.0,False,EUR,,,False,i7-11370H,11.0,,1625.28,"Lenovo Yoga Slim 7 Pro 14IHU5 Intel Evo Core i7-11370H/16GB/512GB SSD/14"" is a laptop by Lenovo. Processor: i7-11370H (Intel generation 11). It has 16 GB RAM and 512 GB SSD storage. The screen is 14 inches. Listed price: 1625 EUR."
1375,"Lenovo Yoga Slim 7 Pro Intel Evo Core i7-1260P/8GB/512GB SSD/14""",Lenovo,Yoga,Intel Evo Core i7,Intel,Core i7,8.0,512.0,SSD,,False,14.0,False,EUR,,,False,i7-1260P,12.0,,1271.0,"Lenovo Yoga Slim 7 Pro Intel Evo Core i7-1260P/8GB/512GB SSD/14"" is a laptop by Lenovo. Processor: i7-1260P (Intel generation 12). It has 8 GB RAM and 512 GB SSD storage. The screen is 14 inches. Listed price: 1271 EUR."
1376,"Lenovo Yoga Slim 7 ProX 14IAH7 Intel Evo Core i5-12500H/16 GB/512GB SSD/14.5""",Lenovo,Yoga,Intel Evo Core i5,Intel,Core i5,16.0,512.0,SSD,,False,14.5,False,EUR,,,False,i5-12500H,12.0,,1595.12,"Lenovo Yoga Slim 7 ProX 14IAH7 Intel Evo Core i5-12500H/16 GB/512GB SSD/14.5"" is a laptop by Lenovo. Processor: i5-12500H (Intel generation 12). It has 16 GB RAM and 512 GB SSD storage. The screen is 14.5 inches. Listed price: 1595 EUR."
1377,"Lenovo Yoga Slim 9 14ITL5 Intel Evo Core i7-1165G7/16GB/1TB SSD/14"" Táctil",Lenovo,Yoga,Intel Evo Core i7,Intel,Core i7,16.0,1000.0,SSD,,False,14.0,True,EUR,,,False,i7-1165G7,11.0,,2744.99,"Lenovo Yoga Slim 9 14ITL5 Intel Evo Core i7-1165G7/16GB/1TB SSD/14"" Táctil is a laptop by Lenovo. Processor: i7-1165G7 (Intel generation 11). It has 16 GB RAM and 1000 GB SSD storage. The screen is 14 inches, touchscreen. Listed price: 2745 EUR."
1378,"MSI Bravo 15 B5DD-007XES AMD Ryzen 5 5600H/8GB/512GB SSD/RX5500M/15.6""",MSI,Bravo,AMD Ryzen 5,AMD,Ryzen 5,8.0,512.0,SSD,Radeon Pro 5500M,True,15.6,False,EUR,,,False,Ryzen 5 5600H,,Radeon Pro 5500M,925.34,"MSI Bravo 15 B5DD-007XES AMD Ryzen 5 5600H/8GB/512GB SSD/RX5500M/15.6"" is a laptop by MSI. Processor: Ryzen 5 5600H. It has 8 GB RAM and 512 GB SSD storage. Dedicated graphics: Radeon Pro 5500M. The screen is 15.6 inches. Listed price: 925 EUR."
1379,"MSI Creator Pro Z17 A12UMST-200ES Intel Core i9-12900H/64GB/2TB SSD/RTX A5500/17"" Táctil",MSI,Creator,Intel Core i9,Intel,Core i9,64.0,2000.0,SSD,RTX A5500,True,17.0,True,EUR,,,False,i9-12900H,12.0,RTX A5500,3448.42,"MSI Creator Pro Z17 A12UMST-200ES Intel Core i9-12900H/64GB/2TB SSD/RTX A5500/17"" Táctil is a laptop by MSI. Processor: i9-12900H (Intel generation 12). It has 64 GB RAM and 2000 GB SSD storage. Dedicated graphics: RTX A5500. The screen is 17 inches, touchscreen. Listed price: 3448 EUR."
1380,"MSI Katana 15 B13VEK-030XES Intel Core i7-13620H/16GB/1TB SSD/RTX 4050/15.6""",MSI,Katana,Intel Core i7,Intel,Core i7,16.0,1000.0,SSD,RTX 4050,True,15.6,False,EUR,,,False,i7-13620H,13.0,RTX 4050,1230.27,"MSI Katana 15 B13VEK-030XES Intel Core i7-13620H/16GB/1TB SSD/RTX 4050/15.6"" is a laptop by MSI. Processor: i7-13620H (Intel generation 13). It has 16 GB RAM and 1000 GB SSD storage. Dedicated graphics: RTX 4050. The screen is 15.6 inches. Listed price: 1230 EUR."
1381,"MSI Katana GF66 12UGS-663XES  Intel Core i7-12700H/16GB/1TB SSD/RTX 3070Ti/15.6""",MSI,Katana,Intel Core i7,Intel,Core i7,16.0,1000.0,SSD,RTX 3070,True,15.6,False,EUR,,,False,i7-12700H,12.0,RTX 3070,2199.31,"MSI Katana GF66 12UGS-663XES  Intel Core i7-12700H/16GB/1TB SSD/RTX 3070Ti/15.6"" is a laptop by MSI. Processor: i7-12700H (Intel generation 12). It has 16 GB RAM and 1000 GB SSD storage. Dedicated graphics: RTX 3070. The screen is 15.6 inches. Listed price: 2199 EUR."
1382,"MSI Katana GF66 Intel Core i7-11800H/16GB/512GB SSD/RTX3050/15.6""",MSI,Katana,Intel Core i7,Intel,Core i7,16.0,512.0,SSD,RTX 3050,True,15.6,False,EUR,,,False,i7-11800H,11.0,RTX 3050,1499.95,"MSI Katana GF66 Intel Core i7-11800H/16GB/512GB SSD/RTX3050/15.6"" is a laptop by MSI. Processor: i7-11800H (Intel generation 11). It has 16 GB RAM and 512 GB SSD storage. Dedicated graphics: RTX 3050. The screen is 15.6 inches. Listed price: 1500 EUR."
1383,"MSI Katana GF76 12UGS-448XES Intel Core i7-12700H/16GB/512GB SSD/RTX 3070Ti/17.3""",MSI,Katana,Intel Core i7,Intel,Core i7,16.0,512.0,SSD,RTX 3070,True,17.3,False,EUR,,,False,i7-12700H,12.0,RTX 3070,2303.34,"MSI Katana GF76 12UGS-448XES Intel Core i7-12700H/16GB/512GB SSD/RTX 3070Ti/17.3"" is a laptop by MSI. Processor: i7-12700H (Intel generation 12). It has 16 GB RAM and 512 GB SSD storage. Dedicated graphics: RTX 3070. The screen is 17.3 inches. Listed price: 2303 EUR."
1384,"MSI Modern 15 A11M-1050XES Intel Core i7-1195G7/16GB/512GB SSD/15.6""",MSI,Modern,Intel Core i7,Intel,Core i7,16.0,512.0,SSD,,False,15.6,False,EUR,,,False,i7-1195G7,11.0,,1214.16,"MSI Modern 15 A11M-1050XES Intel Core i7-1195G7/16GB/512GB SSD/15.6"" is a laptop by MSI. Processor: i7-1195G7 (Intel generation 11). It has 16 GB RAM and 512 GB SSD storage. The screen is 15.6 inches. Listed price: 1214 EUR."
1385,"MSI Prestige 14 A12UC-047ES Intel Core i7-1280P/16GB/1TB SSD/RTX 3050/14""",MSI,Prestige,Intel Core i7,Intel,Core i7,16.0,1000.0,SSD,RTX 3050,True,14.0,False,EUR,,,False,i7-1280P,12.0,RTX 3050,1731.99,"MSI Prestige 14 A12UC-047ES Intel Core i7-1280P/16GB/1TB SSD/RTX 3050/14"" is a laptop by MSI. Processor: i7-1280P (Intel generation 12). It has 16 GB RAM and 1000 GB SSD storage. Dedicated graphics: RTX 3050. The screen is 14 inches. Listed price: 1732 EUR."
1386,"MSI Raider GE78HX 13VI-201ES Intel Core i7-13700H/32GB/1TB SSD/RTX 4090/17""",MSI,Raider,Intel Core i7,Intel,Core i7,32.0,1000.0,SSD,RTX 4090,True,17.0,False,EUR,,,False,i7-13700H,13.0,RTX 4090,3864.4,"MSI Raider GE78HX 13VI-201ES Intel Core i7-13700H/32GB/1TB SSD/RTX 4090/17"" is a laptop by MSI. Processor: i7-13700H (Intel generation 13). It has 32 GB RAM and 1000 GB SSD storage. Dedicated graphics: RTX 4090. The screen is 17 inches. Listed price: 3864 EUR."
1387,"MSI Stealth GS77 12UHS-086ES Intel Core i7-12700H/32GB/1TB SSD/RTX 3080Ti/17.3""",MSI,Stealth,Intel Core i7,Intel,Core i7,32.0,1000.0,SSD,RTX 3080,True,17.3,False,EUR,,,False,i7-12700H,12.0,RTX 3080,3664.04,"MSI Stealth GS77 12UHS-086ES Intel Core i7-12700H/32GB/1TB SSD/RTX 3080Ti/17.3"" is a laptop by MSI. Processor: i7-12700H (Intel generation 12). It has 32 GB RAM and 1000 GB SSD storage. Dedicated graphics: RTX 3080. The screen is 17.3 inches. Listed price: 3664 EUR."
1388,"MSI Summit E14 Evo A12M-084ES Intel Core i7-1280P/32GB/1TB SSD/14""",MSI,Summit,Intel Core i7,Intel,Core i7,32.0,1000.0,SSD,,False,14.0,False,EUR,,,False,i7-1280P,12.0,,1708.96,"MSI Summit E14 Evo A12M-084ES Intel Core i7-1280P/32GB/1TB SSD/14"" is a laptop by MSI. Processor: i7-1280P (Intel generation 12). It has 32 GB RAM and 1000 GB SSD storage. The screen is 14 inches. Listed price: 1709 EUR."
1389,"MSI Titan GT77 HX 13VI-007ES Intel Core i9-13980HX/64GB/2TB SSD/RTX 4090/17.3""",MSI,Titan,Intel Core i9,Intel,Core i9,64.0,2000.0,SSD,RTX 4090,True,17.3,False,EUR,,,False,i9-13980HX,13.0,RTX 4090,4993.11,"MSI Titan GT77 HX 13VI-007ES Intel Core i9-13980HX/64GB/2TB SSD/RTX 4090/17.3"" is a laptop by MSI. Processor: i9-13980HX (Intel generation 13). It has 64 GB RAM and 2000 GB SSD storage. Dedicated graphics: RTX 4090. The screen is 17.3 inches. Listed price: 4993 EUR."
1390,"MSI WS63 8SL-013ES Vpro Intel Core i7-8850H/32GB/512GB SSD+1TB/P4200/15.6""",MSI,WS63,Intel Core i7,Intel,Core i7,32.0,1000.0,SSD,,False,15.6,False,EUR,,,False,i7-8850H,8.0,,3900.5,"MSI WS63 8SL-013ES Vpro Intel Core i7-8850H/32GB/512GB SSD+1TB/P4200/15.6"" is a laptop by MSI. Processor: i7-8850H (Intel generation 8). It has 32 GB RAM and 1000 GB SSD storage. The screen is 15.6 inches. Listed price: 3900 EUR."
1391,"Medion Akoya E15301 AMD Ryzen 3 3200U/8GB/256GB SSD/15.6"" Plata",Medion,Akoya,AMD Ryzen 3,AMD,Ryzen 3,8.0,256.0,SSD,,False,15.6,False,EUR,,,False,Ryzen 3 3200U,,,369.85,"Medion Akoya E15301 AMD Ryzen 3 3200U/8GB/256GB SSD/15.6"" Plata is a laptop by Medion. Processor: Ryzen 3 3200U. It has 8 GB RAM and 256 GB SSD storage. The screen is 15.6 inches. Listed price: 370 EUR."
1392,"Medion Akoya E15303 MD62129 AMD Ryzen 5 3500U/8GB/256GB SSD/15.6""",Medion,Akoya,AMD Ryzen 5,AMD,Ryzen 5,8.0,256.0,SSD,,False,15.6,False,EUR,,,False,Ryzen 5 3500U,,,663.9,"Medion Akoya E15303 MD62129 AMD Ryzen 5 3500U/8GB/256GB SSD/15.6"" is a laptop by Medion. Processor: Ryzen 5 3500U. It has 8 GB RAM and 256 GB SSD storage. The screen is 15.6 inches. Listed price: 664 EUR."
1393,"Medion Akoya E3221 Intel Celeron N4020/4GB/64GB eMMC/13.3""",Medion,Akoya,Intel Celeron,Intel,Celeron,4.0,64.0,eMMC,,False,13.3,False,EUR,,,False,Celeron N4020,,,470.86,"Medion Akoya E3221 Intel Celeron N4020/4GB/64GB eMMC/13.3"" is a laptop by Medion. Processor: Celeron N4020. It has 4 GB RAM and 64 GB eMMC storage. The screen is 13.3 inches. Listed price: 471 EUR."
1394,"Medion Akoya E4251 Intel Celeron N4020/4GB/128GB/14""",Medion,Akoya,Intel Celeron,Intel,Celeron,4.0,128.0,,,False,14.0,False,EUR,,,False,Celeron N4020,,,267.49,"Medion Akoya E4251 Intel Celeron N4020/4GB/128GB/14"" is a laptop by Medion. Processor: Celeron N4020. It has 4 GB RAM and 128 GB storage. The screen is 14 inches. Listed price: 267 EUR."
1395,"Medion Akoya E6247 Intel Celeron N4020/8GB/256 GB SSD/15.6""",Medion,Akoya,Intel Celeron,Intel,Celeron,8.0,256.0,SSD,,False,15.6,False,EUR,,,False,Celeron N4020,,,408.24,"Medion Akoya E6247 Intel Celeron N4020/8GB/256 GB SSD/15.6"" is a laptop by Medion. Processor: Celeron N4020. It has 8 GB RAM and 256 GB SSD storage. The screen is 15.6 inches. Listed price: 408 EUR."
1396,"Medion Akoya S15449 Intel Core i5-1135G7/8 GB/512GB SSD/15.6""",Medion,Akoya,Intel Core i5,Intel,Core i5,8.0,512.0,SSD,,False,15.6,False,EUR,,,False,i5-1135G7,11.0,,598.31,"Medion Akoya S15449 Intel Core i5-1135G7/8 GB/512GB SSD/15.6"" is a laptop by Medion. Processor: i5-1135G7 (Intel generation 11). It has 8 GB RAM and 512 GB SSD storage. The screen is 15.6 inches. Listed price: 598 EUR."
1397,"Medion Akoya S15449-MD61991 Intel Core i5-1135G7/8GB/512GB SSD/15.6""",Medion,Akoya,Intel Core i5,Intel,Core i5,8.0,512.0,SSD,,False,15.6,False,EUR,,,False,i5-1135G7,11.0,,670.85,"Medion Akoya S15449-MD61991 Intel Core i5-1135G7/8GB/512GB SSD/15.6"" is a laptop by Medion. Processor: i5-1135G7 (Intel generation 11). It has 8 GB RAM and 512 GB SSD storage. The screen is 15.6 inches. Listed price: 671 EUR."
1398,"Microsoft Surface Go 2 Intel Core M3-8100Y/8GB/128 GB SSD/10.5"" 4G Táctil Platino",Microsoft,Surface Go,Intel Core M3,Apple,,8.0,128.0,SSD,,False,10.5,True,EUR,,,False,,,,1147.67,"Microsoft Surface Go 2 Intel Core M3-8100Y/8GB/128 GB SSD/10.5"" 4G Táctil Platino is a laptop by Microsoft. Processor: Intel Core M3. It has 8 GB RAM and 128 GB SSD storage. The screen is 10.5 inches, touchscreen. Listed price: 1148 EUR."
1399,"Microsoft Surface Go 3 Business 4G LTE Intel Core i3-10100Y/8 GB/256GB SSD/10.5"" Táctil Platino",Microsoft,Surface Go,Intel Core i3,Intel,Core i3,8.0,256.0,SSD,,False,10.5,True,EUR,,,False,i3-10100Y,10.0,,1032.0,"Microsoft Surface Go 3 Business 4G LTE Intel Core i3-10100Y/8 GB/256GB SSD/10.5"" Táctil Platino is a laptop by Microsoft. Processor: i3-10100Y (Intel generation 10). It has 8 GB RAM and 256 GB SSD storage. The screen is 10.5 inches, touchscreen. Listed price: 1032 EUR."
1400,"Microsoft Surface Go 3 Business 4G LTE Intel Core i3-10100Y/8GB/256GB SSD/10.5"" Táctil Platino",Microsoft,Surface Go,Intel Core i3,Intel,Core i3,8.0,256.0,SSD,,False,10.5,True,EUR,,,False,i3-10100Y,10.0,,957.81,"Microsoft Surface Go 3 Business 4G LTE Intel Core i3-10100Y/8GB/256GB SSD/10.5"" Táctil Platino is a laptop by Microsoft. Processor: i3-10100Y (Intel generation 10). It has 8 GB RAM and 256 GB SSD storage. The screen is 10.5 inches, touchscreen. Listed price: 958 EUR."
1401,"Microsoft Surface Go 3 Intel Core i3-10100Y/8GB/128 GB SSD/10.5"" Táctil Platino",Microsoft,Surface Go,Intel Core i3,Intel,Core i3,8.0,128.0,SSD,,False,10.5,True,EUR,,,False,i3-10100Y,10.0,,808.0,"Microsoft Surface Go 3 Intel Core i3-10100Y/8GB/128 GB SSD/10.5"" Táctil Platino is a laptop by Microsoft. Processor: i3-10100Y (Intel generation 10). It has 8 GB RAM and 128 GB SSD storage. The screen is 10.5 inches, touchscreen. Listed price: 808 EUR."
1402,"Microsoft Surface Go 3 Intel Core i3-10100Y/8GB/128GB SSD/10.5"" Táctil Platino",Microsoft,Surface Go,Intel Core i3,Intel,Core i3,8.0,128.0,SSD,,False,10.5,True,EUR,,,False,i3-10100Y,10.0,,864.0,"Microsoft Surface Go 3 Intel Core i3-10100Y/8GB/128GB SSD/10.5"" Táctil Platino is a laptop by Microsoft. Processor: i3-10100Y (Intel generation 10). It has 8 GB RAM and 128 GB SSD storage. The screen is 10.5 inches, touchscreen. Listed price: 864 EUR."
1403,"Microsoft Surface Laptop 4 Negro Intel Core i5-1145G7/16GB/512GB SSD/13.5"" Táctil",Microsoft,Surface Laptop,Intel Core i5,Intel,Core i5,16.0,512.0,SSD,,False,13.5,True,EUR,,,False,i5-1145G7,11.0,,2024.05,"Microsoft Surface Laptop 4 Negro Intel Core i5-1145G7/16GB/512GB SSD/13.5"" Táctil is a laptop by Microsoft. Processor: i5-1145G7 (Intel generation 11). It has 16 GB RAM and 512 GB SSD storage. The screen is 13.5 inches, touchscreen. Listed price: 2024 EUR."
1404,"Microsoft Surface Laptop 4 Negro Intel Core i5-1145G7/8GB/256GB SSD/13.5"" Táctil",Microsoft,Surface Laptop,Intel Core i5,Intel,Core i5,8.0,256.0,SSD,,False,13.5,True,EUR,,,False,i5-1145G7,11.0,,951.74,"Microsoft Surface Laptop 4 Negro Intel Core i5-1145G7/8GB/256GB SSD/13.5"" Táctil is a laptop by Microsoft. Processor: i5-1145G7 (Intel generation 11). It has 8 GB RAM and 256 GB SSD storage. The screen is 13.5 inches, touchscreen. Listed price: 952 EUR."
1405,"Microsoft Surface Laptop 4 Negro Intel Core i5-1145G7/8GB/512 GB SSD/13.5"" Táctil",Microsoft,Surface Laptop,Intel Core i5,Intel,Core i5,8.0,512.0,SSD,,False,13.5,True,EUR,,,False,i5-1145G7,11.0,,1668.0,"Microsoft Surface Laptop 4 Negro Intel Core i5-1145G7/8GB/512 GB SSD/13.5"" Táctil is a laptop by Microsoft. Processor: i5-1145G7 (Intel generation 11). It has 8 GB RAM and 512 GB SSD storage. The screen is 13.5 inches, touchscreen. Listed price: 1668 EUR."
1406,"Microsoft Surface Laptop 4 Negro Intel Core i7-1185G7/8GB/512GB SSD/15"" Táctil",Microsoft,Surface Laptop,Intel Core i7,Intel,Core i7,8.0,512.0,SSD,,False,15.0,True,EUR,,,False,i7-1185G7,11.0,,1251.19,"Microsoft Surface Laptop 4 Negro Intel Core i7-1185G7/8GB/512GB SSD/15"" Táctil is a laptop by Microsoft. Processor: i7-1185G7 (Intel generation 11). It has 8 GB RAM and 512 GB SSD storage. The screen is 15 inches, touchscreen. Listed price: 1251 EUR."
1407,"Microsoft Surface Laptop 4 Platino AMD Ryzen 7 4980U/8GB/256GB SSD/15"" Táctil",Microsoft,Surface Laptop,AMD Ryzen 7,AMD,Ryzen 7,8.0,256.0,SSD,,False,15.0,True,EUR,,,False,Ryzen 7 4980U,,,1649.54,"Microsoft Surface Laptop 4 Platino AMD Ryzen 7 4980U/8GB/256GB SSD/15"" Táctil is a laptop by Microsoft. Processor: Ryzen 7 4980U. It has 8 GB RAM and 256 GB SSD storage. The screen is 15 inches, touchscreen. Listed price: 1650 EUR."
1408,"Microsoft Surface Laptop 4 Platino Intel Core i5-1145G7/16GB/512GB SSD/13.5"" Táctil",Microsoft,Surface Laptop,Intel Core i5,Intel,Core i5,16.0,512.0,SSD,,False,13.5,True,EUR,,,False,i5-1145G7,11.0,,3747.91,"Microsoft Surface Laptop 4 Platino Intel Core i5-1145G7/16GB/512GB SSD/13.5"" Táctil is a laptop by Microsoft. Processor: i5-1145G7 (Intel generation 11). It has 16 GB RAM and 512 GB SSD storage. The screen is 13.5 inches, touchscreen. Listed price: 3748 EUR."
1409,"Microsoft Surface Laptop 4 Platino Intel Core i5-1145G7/8GB/256GB SSD/13.5"" Táctil",Microsoft,Surface Laptop,Intel Core i5,Intel,Core i5,8.0,256.0,SSD,,False,13.5,True,EUR,,,False,i5-1145G7,11.0,,948.14,"Microsoft Surface Laptop 4 Platino Intel Core i5-1145G7/8GB/256GB SSD/13.5"" Táctil is a laptop by Microsoft. Processor: i5-1145G7 (Intel generation 11). It has 8 GB RAM and 256 GB SSD storage. The screen is 13.5 inches, touchscreen. Listed price: 948 EUR."
1410,"Microsoft Surface Laptop 5 Alcántara Intel Evo Core i5-1245U/16GB/512GB SSD/13.5"" Táctil",Microsoft,Surface Laptop,Intel Evo Core i5,Intel,Core i5,16.0,512.0,SSD,,False,13.5,True,EUR,,,False,i5-1245U,12.0,,1846.85,"Microsoft Surface Laptop 5 Alcántara Intel Evo Core i5-1245U/16GB/512GB SSD/13.5"" Táctil is a laptop by Microsoft. Processor: i5-1245U (Intel generation 12). It has 16 GB RAM and 512 GB SSD storage. The screen is 13.5 inches, touchscreen. Listed price: 1847 EUR."
1411,"Microsoft Surface Laptop 5 Alcántara Intel Evo Core i5-1245U/8GB/256GB SSD/13.5"" Táctil",Microsoft,Surface Laptop,Intel Evo Core i5,Intel,Core i5,8.0,256.0,SSD,,False,13.5,True,EUR,,,False,i5-1245U,12.0,,1321.47,"Microsoft Surface Laptop 5 Alcántara Intel Evo Core i5-1245U/8GB/256GB SSD/13.5"" Táctil is a laptop by Microsoft. Processor: i5-1245U (Intel generation 12). It has 8 GB RAM and 256 GB SSD storage. The screen is 13.5 inches, touchscreen. Listed price: 1321 EUR."
1412,"Microsoft Surface Laptop 5 Alcántara Intel Evo Core i5-1245U/8GB/512GB SSD/13.5"" Táctil",Microsoft,Surface Laptop,Intel Evo Core i5,Intel,Core i5,8.0,512.0,SSD,,False,13.5,True,EUR,,,False,i5-1245U,12.0,,1576.27,"Microsoft Surface Laptop 5 Alcántara Intel Evo Core i5-1245U/8GB/512GB SSD/13.5"" Táctil is a laptop by Microsoft. Processor: i5-1245U (Intel generation 12). It has 8 GB RAM and 512 GB SSD storage. The screen is 13.5 inches, touchscreen. Listed price: 1576 EUR."
1413,"Microsoft Surface Laptop 5 Alcántara Intel Evo Core i7-1265U/16GB/512GB SSD/13.5"" Táctil",Microsoft,Surface Laptop,Intel Evo Core i7,Intel,Core i7,16.0,512.0,SSD,,False,13.5,True,EUR,,,False,i7-1265U,12.0,,2022.7,"Microsoft Surface Laptop 5 Alcántara Intel Evo Core i7-1265U/16GB/512GB SSD/13.5"" Táctil is a laptop by Microsoft. Processor: i7-1265U (Intel generation 12). It has 16 GB RAM and 512 GB SSD storage. The screen is 13.5 inches, touchscreen. Listed price: 2023 EUR."
1414,"Microsoft Surface Laptop 5 Negro Intel Evo Core i7-1265U/16GB/256GB SSD/15"" Táctil",Microsoft,Surface Laptop,Intel Evo Core i7,Intel,Core i7,16.0,256.0,SSD,,False,15.0,True,EUR,,,False,i7-1265U,12.0,,2312.1,"Microsoft Surface Laptop 5 Negro Intel Evo Core i7-1265U/16GB/256GB SSD/15"" Táctil is a laptop by Microsoft. Processor: i7-1265U (Intel generation 12). It has 16 GB RAM and 256 GB SSD storage. The screen is 15 inches, touchscreen. Listed price: 2312 EUR."
1415,"Microsoft Surface Laptop 5 Platino Intel Evo Core i7-1255U/8 GB/256GB SSD/15"" Táctil",Microsoft,Surface Laptop,Intel Evo Core i7,Intel,Core i7,8.0,256.0,SSD,,False,15.0,True,EUR,,,False,i7-1255U,12.0,,1658.99,"Microsoft Surface Laptop 5 Platino Intel Evo Core i7-1255U/8 GB/256GB SSD/15"" Táctil is a laptop by Microsoft. Processor: i7-1255U (Intel generation 12). It has 8 GB RAM and 256 GB SSD storage. The screen is 15 inches, touchscreen. Listed price: 1659 EUR."
1416,"Microsoft Surface Laptop 5 Platino Intel Evo Core i7-1265U/16GB/256GB SSD/15"" Táctil",Microsoft,Surface Laptop,Intel Evo Core i7,Intel,Core i7,16.0,256.0,SSD,,False,15.0,True,EUR,,,False,i7-1265U,12.0,,2103.55,"Microsoft Surface Laptop 5 Platino Intel Evo Core i7-1265U/16GB/256GB SSD/15"" Táctil is a laptop by Microsoft. Processor: i7-1265U (Intel generation 12). It has 16 GB RAM and 256 GB SSD storage. The screen is 15 inches, touchscreen. Listed price: 2104 EUR."
1417,"Microsoft Surface Laptop 5 Platino Intel Evo Core i7-1265U/16GB/512GB SSD/15"" Táctil",Microsoft,Surface Laptop,Intel Evo Core i7,Intel,Core i7,16.0,512.0,SSD,,False,15.0,True,EUR,,,False,i7-1265U,12.0,,2150.38,"Microsoft Surface Laptop 5 Platino Intel Evo Core i7-1265U/16GB/512GB SSD/15"" Táctil is a laptop by Microsoft. Processor: i7-1265U (Intel generation 12). It has 16 GB RAM and 512 GB SSD storage. The screen is 15 inches, touchscreen. Listed price: 2150 EUR."
1418,"Microsoft Surface Laptop 5 Platino Intel Evo Core i7-1265U/8GB/512GB SSD/15"" Táctil",Microsoft,Surface Laptop,Intel Evo Core i7,Intel,Core i7,8.0,512.0,SSD,,False,15.0,True,EUR,,,False,i7-1265U,12.0,,1838.29,"Microsoft Surface Laptop 5 Platino Intel Evo Core i7-1265U/8GB/512GB SSD/15"" Táctil is a laptop by Microsoft. Processor: i7-1265U (Intel generation 12). It has 8 GB RAM and 512 GB SSD storage. The screen is 15 inches, touchscreen. Listed price: 1838 EUR."
1419,"Microsoft Surface Laptop Go 2 Intel Core i5-1135G7/8GB/128GB SSD/12.4"" Táctil Platino (PT)",Microsoft,Surface Laptop,Intel Core i5,Intel,Core i5,8.0,128.0,SSD,,False,12.4,True,EUR,,,False,i5-1135G7,11.0,,824.0,"Microsoft Surface Laptop Go 2 Intel Core i5-1135G7/8GB/128GB SSD/12.4"" Táctil Platino (PT) is a laptop by Microsoft. Processor: i5-1135G7 (Intel generation 11). It has 8 GB RAM and 128 GB SSD storage. The screen is 12.4 inches, touchscreen. Listed price: 824 EUR."
1420,"Microsoft Surface Laptop Go Intel Core i5-1035G1/4GB/64GB eMMC/12.4"" Táctil",Microsoft,Surface Laptop,Intel Core i5,Intel,Core i5,4.0,64.0,eMMC,,False,12.4,True,EUR,,,False,i5-1035G1,10.0,,686.88,"Microsoft Surface Laptop Go Intel Core i5-1035G1/4GB/64GB eMMC/12.4"" Táctil is a laptop by Microsoft. Processor: i5-1035G1 (Intel generation 10). It has 4 GB RAM and 64 GB eMMC storage. The screen is 12.4 inches, touchscreen. Listed price: 687 EUR."
1421,"Microsoft Surface Laptop Go Intel Core i5-1035G1/8GB/256GB SSD/12.4"" Táctil",Microsoft,Surface Laptop,Intel Core i5,Intel,Core i5,8.0,256.0,SSD,,False,12.4,True,EUR,,,False,i5-1035G1,10.0,,1134.21,"Microsoft Surface Laptop Go Intel Core i5-1035G1/8GB/256GB SSD/12.4"" Táctil is a laptop by Microsoft. Processor: i5-1035G1 (Intel generation 10). It has 8 GB RAM and 256 GB SSD storage. The screen is 12.4 inches, touchscreen. Listed price: 1134 EUR."
1422,"Microsoft Surface Laptop Studio Intel Core i7-11370H/16GB/512GB SSD/RTX 3050 Ti/14.4"" Táctil Platino",Microsoft,Surface Laptop,Intel Core i7,Intel,Core i7,16.0,512.0,SSD,RTX 3050,True,14.4,True,EUR,,,False,i7-11370H,11.0,RTX 3050,2264.55,"Microsoft Surface Laptop Studio Intel Core i7-11370H/16GB/512GB SSD/RTX 3050 Ti/14.4"" Táctil Platino is a laptop by Microsoft. Processor: i7-11370H (Intel generation 11). It has 16 GB RAM and 512 GB SSD storage. Dedicated graphics: RTX 3050. The screen is 14.4 inches, touchscreen. Listed price: 2265 EUR."
1423,"Microsoft Surface Pro 7 Intel Core i7-1065G7/16GB/256GB/12.3"" Negro",Microsoft,Surface Pro,Intel Core i7,Intel,Core i7,16.0,256.0,,,False,12.3,False,EUR,,,False,i7-1065G7,10.0,,1649.0,"Microsoft Surface Pro 7 Intel Core i7-1065G7/16GB/256GB/12.3"" Negro is a laptop by Microsoft. Processor: i7-1065G7 (Intel generation 10). It has 16 GB RAM and 256 GB storage. The screen is 12.3 inches. Listed price: 1649 EUR."
1424,"Microsoft Surface Pro 7 Intel Core i7-1065G7/16GB/512GB/12.3"" Platino",Microsoft,Surface Pro,Intel Core i7,Intel,Core i7,16.0,512.0,,,False,12.3,False,EUR,,,False,i7-1065G7,10.0,,2099.0,"Microsoft Surface Pro 7 Intel Core i7-1065G7/16GB/512GB/12.3"" Platino is a laptop by Microsoft. Processor: i7-1065G7 (Intel generation 10). It has 16 GB RAM and 512 GB storage. The screen is 12.3 inches. Listed price: 2099 EUR."
1425,"Microsoft Surface Pro 7+ Intel Evo Core i7-1165G7/16GB/1TB SSD/12.3"" Táctil Platino",Microsoft,Surface Pro,Intel Evo Core i7,Intel,Core i7,16.0,1000.0,SSD,,False,12.3,True,EUR,,,False,i7-1165G7,11.0,,2842.5,"Microsoft Surface Pro 7+ Intel Evo Core i7-1165G7/16GB/1TB SSD/12.3"" Táctil Platino is a laptop by Microsoft. Processor: i7-1165G7 (Intel generation 11). It has 16 GB RAM and 1000 GB SSD storage. The screen is 12.3 inches, touchscreen. Listed price: 2842 EUR."
1426,"Microsoft Surface Pro 8 4G LTE Intel Core i5-1145G7/16GB/512GB SSD/13"" Táctil Platino",Microsoft,Surface Pro,Intel Core i5,Intel,Core i5,16.0,512.0,SSD,,False,13.0,True,EUR,,,False,i5-1145G7,11.0,,1916.99,"Microsoft Surface Pro 8 4G LTE Intel Core i5-1145G7/16GB/512GB SSD/13"" Táctil Platino is a laptop by Microsoft. Processor: i5-1145G7 (Intel generation 11). It has 16 GB RAM and 512 GB SSD storage. The screen is 13 inches, touchscreen. Listed price: 1917 EUR."
1427,"Microsoft Surface Pro 8 4G LTE Intel Evo Core i5-1145G7/8GB/256GB SSD/13"" Táctil Platino",Microsoft,Surface Pro,Intel Evo Core i5,Intel,Core i5,8.0,256.0,SSD,,False,13.0,True,EUR,,,False,i5-1145G7,11.0,,1394.98,"Microsoft Surface Pro 8 4G LTE Intel Evo Core i5-1145G7/8GB/256GB SSD/13"" Táctil Platino is a laptop by Microsoft. Processor: i5-1145G7 (Intel generation 11). It has 8 GB RAM and 256 GB SSD storage. The screen is 13 inches, touchscreen. Listed price: 1395 EUR."
1428,"Microsoft Surface Pro 8 4G LTE Intel Evo Core i7-1185G7/16GB/256GB SSD/13"" Táctil Platino",Microsoft,Surface Pro,Intel Evo Core i7,Intel,Core i7,16.0,256.0,SSD,,False,13.0,True,EUR,,,False,i7-1185G7,11.0,,1897.72,"Microsoft Surface Pro 8 4G LTE Intel Evo Core i7-1185G7/16GB/256GB SSD/13"" Táctil Platino is a laptop by Microsoft. Processor: i7-1185G7 (Intel generation 11). It has 16 GB RAM and 256 GB SSD storage. The screen is 13 inches, touchscreen. Listed price: 1898 EUR."
1429,"Microsoft Surface Pro 8 Intel Core i7-1185G7/16 GB/256GB SSD/13"" Táctil Platino",Microsoft,Surface Pro,Intel Core i7,Intel,Core i7,16.0,256.0,SSD,,False,13.0,True,EUR,,,False,i7-1185G7,11.0,,1724.99,"Microsoft Surface Pro 8 Intel Core i7-1185G7/16 GB/256GB SSD/13"" Táctil Platino is a laptop by Microsoft. Processor: i7-1185G7 (Intel generation 11). It has 16 GB RAM and 256 GB SSD storage. The screen is 13 inches, touchscreen. Listed price: 1725 EUR."
1430,"Microsoft Surface Pro 8 Intel Evo Core i5-1145G7/8GB/128GB SSD/13"" Táctil Platino",Microsoft,Surface Pro,Intel Evo Core i5,Intel,Core i5,8.0,128.0,SSD,,False,13.0,True,EUR,,,False,i5-1145G7,11.0,,1582.0,"Microsoft Surface Pro 8 Intel Evo Core i5-1145G7/8GB/128GB SSD/13"" Táctil Platino is a laptop by Microsoft. Processor: i5-1145G7 (Intel generation 11). It has 8 GB RAM and 128 GB SSD storage. The screen is 13 inches, touchscreen. Listed price: 1582 EUR."
1431,"Microsoft Surface Pro 8 Intel Evo Core i7-1185G7/16GB/256 GB SSD/13"" Táctil Platino",Microsoft,Surface Pro,Intel Evo Core i7,Intel,Core i7,16.0,256.0,SSD,,False,13.0,True,EUR,,,False,i7-1185G7,11.0,,1467.58,"Microsoft Surface Pro 8 Intel Evo Core i7-1185G7/16GB/256 GB SSD/13"" Táctil Platino is a laptop by Microsoft. Processor: i7-1185G7 (Intel generation 11). It has 16 GB RAM and 256 GB SSD storage. The screen is 13 inches, touchscreen. Listed price: 1468 EUR."
1432,"Microsoft Surface Pro X Microsoft SQ1/16GB/512GB SSD/13"" Táctil",Microsoft,Surface Pro,Microsoft SQ1,,,16.0,512.0,SSD,,False,13.0,True,EUR,,,False,,,,2406.35,"Microsoft Surface Pro X Microsoft SQ1/16GB/512GB SSD/13"" Táctil is a laptop by Microsoft. Processor: Microsoft SQ1. It has 16 GB RAM and 512 GB SSD storage. The screen is 13 inches, touchscreen. Listed price: 2406 EUR."
1433,"Millenium AURELION ML3 Intel Core i7-9750H/16GB/500GB SSD/GTX 1660Ti/15.6""",Millenium,AURELION,Intel Core i7,Intel,Core i7,16.0,500.0,SSD,GTX 1660,True,15.6,False,EUR,,,False,i7-9750H,9.0,GTX 1660,1640.98,"Millenium AURELION ML3 Intel Core i7-9750H/16GB/500GB SSD/GTX 1660Ti/15.6"" is a laptop by Millenium. Processor: i7-9750H (Intel generation 9). It has 16 GB RAM and 500 GB SSD storage. Dedicated graphics: GTX 1660. The screen is 15.6 inches. Listed price: 1641 EUR."
1434,"Millenium AZIR ML3 Intel Core i7-9750H/16GB/500GB SSD/RTX 2070/15.6""",Millenium,AZIR,Intel Core i7,Intel,Core i7,16.0,500.0,SSD,RTX 2070,True,15.6,False,EUR,,,False,i7-9750H,9.0,RTX 2070,2312.71,"Millenium AZIR ML3 Intel Core i7-9750H/16GB/500GB SSD/RTX 2070/15.6"" is a laptop by Millenium. Processor: i7-9750H (Intel generation 9). It has 16 GB RAM and 500 GB SSD storage. Dedicated graphics: RTX 2070. The screen is 15.6 inches. Listed price: 2313 EUR."
1435,"Msi Prestige 14 Evo A12M-22 Intel Core i5-1240P/16GB/512 GB SSD/14""",MSI,Prestige,Intel Core i5,Intel,Core i5,16.0,512.0,SSD,,False,14.0,False,EUR,,,False,i5-1240P,12.0,,1029.99,"Msi Prestige 14 Evo A12M-22 Intel Core i5-1240P/16GB/512 GB SSD/14"" is a laptop by MSI. Processor: i5-1240P (Intel generation 12). It has 16 GB RAM and 512 GB SSD storage. The screen is 14 inches. Listed price: 1030 EUR."
1436,"Primux IoxBook K15 Intel Core i5-1135G7/8GB/512GB SSD/15.6""",Primux,Ioxbook,Intel Core i5,Intel,Core i5,8.0,512.0,SSD,,False,15.6,False,EUR,,,False,i5-1135G7,11.0,,438.46,"Primux IoxBook K15 Intel Core i5-1135G7/8GB/512GB SSD/15.6"" is a laptop by Primux. Processor: i5-1135G7 (Intel generation 11). It has 8 GB RAM and 512 GB SSD storage. The screen is 15.6 inches. Listed price: 438 EUR."
1437,"Primux Ioxbook K15 Intel Core i3-1115G4/8GB/256GB SSD/15.6""",Primux,Ioxbook,Intel Core i3,Intel,Core i3,8.0,256.0,SSD,,False,15.6,False,EUR,,,False,i3-1115G4,11.0,,346.28,"Primux Ioxbook K15 Intel Core i3-1115G4/8GB/256GB SSD/15.6"" is a laptop by Primux. Processor: i3-1115G4 (Intel generation 11). It has 8 GB RAM and 256 GB SSD storage. The screen is 15.6 inches. Listed price: 346 EUR."
1438,"Razer Blade 17 QHD 240Hz Intel Core i7-12800H/16 GB/1TB SSD/RTX 3060/17.3""",Razer,Blade,Intel Core i7,Intel,Core i7,16.0,1000.0,SSD,RTX 3060,True,17.3,False,EUR,,,False,i7-12800H,12.0,RTX 3060,3099.98,"Razer Blade 17 QHD 240Hz Intel Core i7-12800H/16 GB/1TB SSD/RTX 3060/17.3"" is a laptop by Razer. Processor: i7-12800H (Intel generation 12). It has 16 GB RAM and 1000 GB SSD storage. Dedicated graphics: RTX 3060. The screen is 17.3 inches. Listed price: 3100 EUR."
1439,"Realme Book Prime Intel Core i5-11320H/8GB/512GB SSD/14"" Verde",Realme,Book Prime,Intel Core i5,Intel,Core i5,8.0,512.0,SSD,,False,14.0,False,EUR,,,False,i5-11320H,11.0,,999.0,"Realme Book Prime Intel Core i5-11320H/8GB/512GB SSD/14"" Verde is a laptop by Realme. Processor: i5-11320H (Intel generation 11). It has 8 GB RAM and 512 GB SSD storage. The screen is 14 inches. Listed price: 999 EUR."
1440,"Samsung Chromebook 2 Intel Celeron N4500/4GB/64GB/12.4"" Táctil",Samsung,Chromebook,Intel Celeron,Intel,Celeron,4.0,64.0,,,False,12.4,True,EUR,,,False,Celeron N4500,,,498.73,"Samsung Chromebook 2 Intel Celeron N4500/4GB/64GB/12.4"" Táctil is a laptop by Samsung. Processor: Celeron N4500. It has 4 GB RAM and 64 GB storage. The screen is 12.4 inches, touchscreen. Listed price: 499 EUR."
1441,"Thomson NEO Z3 Qualcomm Snapdragon 850/8GB/256GB/13""",Thomson,Go,Qualcomm Snapdragon 8,Qualcomm,Snapdragon,8.0,256.0,,,False,13.0,False,EUR,,,False,,,,436.56,"Thomson NEO Z3 Qualcomm Snapdragon 850/8GB/256GB/13"" is a laptop by Thomson. Processor: Qualcomm Snapdragon 8. It has 8 GB RAM and 256 GB storage. The screen is 13 inches. Listed price: 437 EUR."
1442,"Toshiba Tecra A40-J-15b Intel Core i3-1125G4/8GB/256GB SSD/14""",Toshiba,Tecra,Intel Core i3,Intel,Core i3,8.0,256.0,SSD,,False,14.0,False,EUR,,,False,i3-1125G4,11.0,,799.0,"Toshiba Tecra A40-J-15b Intel Core i3-1125G4/8GB/256GB SSD/14"" is a laptop by Toshiba. Processor: i3-1125G4 (Intel generation 11). It has 8 GB RAM and 256 GB SSD storage. The screen is 14 inches. Listed price: 799 EUR."
1443,"Vant Edge 3 Intel Core i7-1255U/16 GB/500GB SSD/14""",Vant,Edge,Intel Core i7,Intel,Core i7,16.0,500.0,SSD,,False,14.0,False,EUR,,,False,i7-1255U,12.0,,1123.0,"Vant Edge 3 Intel Core i7-1255U/16 GB/500GB SSD/14"" is a laptop by Vant. Processor: i7-1255U (Intel generation 12). It has 16 GB RAM and 500 GB SSD storage. The screen is 14 inches. Listed price: 1123 EUR."
1444,"Vant Edge 3 Intel Core i7-1255U/16GB/1TB SSD/14""",Vant,Edge,Intel Core i7,Intel,Core i7,16.0,1000.0,SSD,,False,14.0,False,EUR,,,False,i7-1255U,12.0,,1162.0,"Vant Edge 3 Intel Core i7-1255U/16GB/1TB SSD/14"" is a laptop by Vant. Processor: i7-1255U (Intel generation 12). It has 16 GB RAM and 1000 GB SSD storage. The screen is 14 inches. Listed price: 1162 EUR."
1445,"Vant Edge 3 Intel Core i7-1255U/40GB RAM/1TB SSD/14""",Vant,Edge,Intel Core i7,Intel,Core i7,40.0,1000.0,SSD,,False,14.0,False,EUR,,,False,i7-1255U,12.0,,1217.01,"Vant Edge 3 Intel Core i7-1255U/40GB RAM/1TB SSD/14"" is a laptop by Vant. Processor: i7-1255U (Intel generation 12). It has 40 GB RAM and 1000 GB SSD storage. The screen is 14 inches. Listed price: 1217 EUR."
1446,"Vant Edge Intel Core i5-10210U/16GB/500GB SSD/14"" Negro",Vant,Edge,Intel Core i5,Intel,Core i5,16.0,500.0,SSD,,False,14.0,False,EUR,,,False,i5-10210U,10.0,,994.0,"Vant Edge Intel Core i5-10210U/16GB/500GB SSD/14"" Negro is a laptop by Vant. Processor: i5-10210U (Intel generation 10). It has 16 GB RAM and 500 GB SSD storage. The screen is 14 inches. Listed price: 994 EUR."
1447,"Vant Moove3-14 Intel Core i5-1135G7/8GB/500GB SSD/14""",Vant,Moove,Intel Core i5,Intel,Core i5,8.0,500.0,SSD,,False,14.0,False,EUR,,,False,i5-1135G7,11.0,,632.0,"Vant Moove3-14 Intel Core i5-1135G7/8GB/500GB SSD/14"" is a laptop by Vant. Processor: i5-1135G7 (Intel generation 11). It has 8 GB RAM and 500 GB SSD storage. The screen is 14 inches. Listed price: 632 EUR."
1448,"Acer Aspire 3 A315-59-56GV Intel Core i5-1235U/8GB/512GB SSD/15.6"" + Microsoft 365 Personal 12 Meses Descarga Digital",Acer,Aspire,Intel Core i5,Intel,Core i5,8.0,512.0,SSD,,False,15.6,False,EUR,,,False,i5-1235U,12.0,,810.99,"Acer Aspire 3 A315-59-56GV Intel Core i5-1235U/8GB/512GB SSD/15.6"" + Microsoft 365 Personal 12 Meses Descarga Digital is a laptop by Acer. Processor: i5-1235U (Intel generation 12). It has 8 GB RAM and 512 GB SSD storage. The screen is 15.6 inches. Listed price: 811 EUR."
1449,"HP 15S-fq2159ns Intel Core i3-1115G4/8GB/256GB SSD/15.6"" + Microsoft 365 Personal 12 Meses",HP,15S,Intel Core i3,Intel,Core i3,8.0,256.0,SSD,,False,15.6,False,EUR,,,False,i3-1115G4,11.0,,608.94,"HP 15S-fq2159ns Intel Core i3-1115G4/8GB/256GB SSD/15.6"" + Microsoft 365 Personal 12 Meses is a laptop by HP. Processor: i3-1115G4 (Intel generation 11). It has 8 GB RAM and 256 GB SSD storage. The screen is 15.6 inches. Listed price: 609 EUR."
1450,"Lenovo IdeaPad 3 15IAU7 Intel Core i5-1235U/16GB/512GB SSD/15.6"" + Microsoft 365 Personal 12 Meses Descarga Digital",Lenovo,IdeaPad,Intel Core i5,Intel,Core i5,16.0,512.0,SSD,,False,15.6,False,EUR,,,False,i5-1235U,12.0,,860.99,"Lenovo IdeaPad 3 15IAU7 Intel Core i5-1235U/16GB/512GB SSD/15.6"" + Microsoft 365 Personal 12 Meses Descarga Digital is a laptop by Lenovo. Processor: i5-1235U (Intel generation 12). It has 16 GB RAM and 512 GB SSD storage. The screen is 15.6 inches. Listed price: 861 EUR."
1451,"PcCom Revolt 4060 Intel Core i7-13700H/32GB/500GB SSD/RTX 4060/15.6""",Pccom,Revolt,Intel Core i7,Intel,Core i7,32.0,500.0,SSD,RTX 4060,True,15.6,False,EUR,,,False,i7-13700H,13.0,RTX 4060,1799.9,"PcCom Revolt 4060 Intel Core i7-13700H/32GB/500GB SSD/RTX 4060/15.6"" is a laptop by Pccom. Processor: i7-13700H (Intel generation 13). It has 32 GB RAM and 500 GB SSD storage. Dedicated graphics: RTX 4060. The screen is 15.6 inches. Listed price: 1800 EUR."
1452,PcCom Revolt 4060 Intel Core i7-13700H/32GB/500GB SSD/RTX 4060/15.6” + Windows 11 Home,Pccom,Revolt,Intel Core i7,Intel,Core i7,32.0,500.0,SSD,RTX 4060,True,15.6,False,EUR,,,False,i7-13700H,13.0,RTX 4060,1949.9,PcCom Revolt 4060 Intel Core i7-13700H/32GB/500GB SSD/RTX 4060/15.6” + Windows 11 Home is a laptop by Pccom. Processor: i7-13700H (Intel generation 13). It has 32 GB RAM and 500 GB SSD storage. Dedicated graphics: RTX 4060. The screen is 15.6 inches. Listed price: 1950 EUR.
1453,"Razer Blade 15 Advanced Model QHD Intel Core i7-11800H/16 GB/1TB SSD/RTX 3070/15.6"" + Razer Soporte para Portátil hasta 15"" Negro",Razer,Blade,Intel Core i7,Intel,Core i7,16.0,1000.0,SSD,RTX 3070,True,15.6,False,EUR,,,False,i7-11800H,11.0,RTX 3070,2866.57,"Razer Blade 15 Advanced Model QHD Intel Core i7-11800H/16 GB/1TB SSD/RTX 3070/15.6"" + Razer Soporte para Portátil hasta 15"" Negro is a laptop by Razer. Processor: i7-11800H (Intel generation 11). It has 16 GB RAM and 1000 GB SSD storage. Dedicated graphics: RTX 3070. The screen is 15.6 inches. Listed price: 2867 EUR."
