watch_id,brand,model_name,category,price_inr,original_price_inr,discount_pct,rating,rating_count,display_type,display_size_in,battery_days,touchscreen,bluetooth,strap_material,dial_shape,strap_color,legacy,image_url,has_image,source,description,display_size_source,battery_source,screen_in
1,Amazfit,Bip 3 Pro with 1.69 inch Large Color Display Built-in GPS,smartwatch,4499.0,5999.0,25.0,4.1,333.0,,1.7,,True,True,Silicon,Square,Beige,False,,False,kaggle_arnabchaki,"Bip 3 Pro with 1.69 inch Large Color Display Built-in GPS by Amazfit is a smartwatch. Price: INR 4,499 (MRP INR 5,999, 25% off). Display size: 1.7 inches. Battery life: not listed. Touchscreen: yes. Bluetooth: yes. Strap material: Silicon. Customer rating: 4.1/5 from 333 ratings.",dataset,missing,1.7
2,Amazfit,Bip Lite,smartwatch,7200.0,14999.0,52.0,4.0,6.0,,,,True,True,Silicon,Square,Black,False,,False,kaggle_arnabchaki,"Bip Lite by Amazfit is a smartwatch. Price: INR 7,200 (MRP INR 14,999, 52% off). Display size: not listed. Battery life: not listed. Touchscreen: yes. Bluetooth: yes. Strap material: Silicon. Customer rating: 4.0/5 from 6 ratings.",missing,missing,
3,Amazfit,Bip U,smartwatch,2999.0,5999.0,50.0,3.8,15.0,,1.4,,True,True,Silicon,Square,Black,False,,False,kaggle_arnabchaki,"Bip U by Amazfit is a smartwatch. Price: INR 2,999 (MRP INR 5,999, 50% off). Display size: 1.4 inches. Battery life: not listed. Touchscreen: yes. Bluetooth: yes. Strap material: Silicon. Customer rating: 3.8/5 from 15 ratings.",dataset,missing,1.4
4,Amazfit,Bip U pro 1.43 HD display GLONASS GPS & AI assistant,smartwatch,4999.0,6999.0,28.6,4.1,4694.0,,1.4,,True,True,Silicon,Rectangle,Pink,False,,False,kaggle_arnabchaki,"Bip U pro 1.43 HD display GLONASS GPS & AI assistant by Amazfit is a smartwatch. Price: INR 4,999 (MRP INR 6,999, 28.6% off). Display size: 1.4 inches. Battery life: not listed. Touchscreen: yes. Bluetooth: yes. Strap material: Silicon. Customer rating: 4.1/5 from 4,694 ratings.",dataset,missing,1.4
5,Amazfit,GTR 2 (New version)1.39HD AMOLEDBluetooth callingupto 10 days battery life,smartwatch,7499.0,16999.0,55.9,4.3,11520.0,,1.4,10.0,True,True,Silicon,Circle,Grey,False,,False,kaggle_arnabchaki,"GTR 2 (New version)1.39HD AMOLEDBluetooth callingupto 10 days battery life by Amazfit is a smartwatch. Price: INR 7,499 (MRP INR 16,999, 55.9% off). Display size: 1.4 inches. Battery life: 10 days (from the product title). Touchscreen: yes. Bluetooth: yes. Strap material: Silicon. Customer rating: 4.3/5 from 11,520 ratings.",dataset,extracted_from_title,1.4
6,Amazfit,GTR 2e,smartwatch,8999.0,13999.0,35.7,4.3,578.0,,1.4,,True,True,Silicon,Circle,Black,False,,False,kaggle_arnabchaki,"GTR 2e by Amazfit is a smartwatch. Price: INR 8,999 (MRP INR 13,999, 35.7% off). Display size: 1.4 inches. Battery life: not listed. Touchscreen: yes. Bluetooth: yes. Strap material: Silicon. Customer rating: 4.3/5 from 578 ratings.",dataset,missing,1.4
7,Amazfit,GTR 3 1.3 HD AMOLED with Always on Display and powerful Zepp OS,smartwatch,13999.0,18999.0,26.3,4.1,918.0,,1.4,,True,True,Silicon,Circle,Grey,False,,False,kaggle_arnabchaki,"GTR 3 1.3 HD AMOLED with Always on Display and powerful Zepp OS by Amazfit is a smartwatch. Price: INR 13,999 (MRP INR 18,999, 26.3% off). Display size: 1.4 inches. Battery life: not listed. Touchscreen: yes. Bluetooth: yes. Strap material: Silicon. Customer rating: 4.1/5 from 918 ratings.",dataset,missing,1.4
8,Amazfit,GTR 3 Pro,smartwatch,18999.0,25999.0,26.9,4.2,115.0,,1.4,,True,True,Silicon,Circle,Brown,False,,False,kaggle_arnabchaki,"GTR 3 Pro by Amazfit is a smartwatch. Price: INR 18,999 (MRP INR 25,999, 26.9% off). Display size: 1.4 inches. Battery life: not listed. Touchscreen: yes. Bluetooth: yes. Strap material: Silicon. Customer rating: 4.2/5 from 115 ratings.",dataset,missing,1.4
9,Amazfit,GTR 4 1.43AMOLED display Bluetooth calling & 6 satellite GPS positioning system,smartwatch,16999.0,23999.0,29.2,4.3,575.0,,1.4,,True,True,Silicon,Circle,Black,False,,False,kaggle_arnabchaki,"GTR 4 1.43AMOLED display Bluetooth calling & 6 satellite GPS positioning system by Amazfit is a smartwatch. Price: INR 16,999 (MRP INR 23,999, 29.2% off). Display size: 1.4 inches. Battery life: not listed. Touchscreen: yes. Bluetooth: yes. Strap material: Silicon. Customer rating: 4.3/5 from 575 ratings.",dataset,missing,1.4
10,Amazfit,"GTS 3 1,75 HD AMOLED with advanced GPS and 150+ sports modes",smartwatch,13999.0,18999.0,26.3,4.1,306.0,,1.8,,True,True,Silicon,Square,Misty Rose,False,,False,kaggle_arnabchaki,"GTS 3 1,75 HD AMOLED with advanced GPS and 150+ sports modes by Amazfit is a smartwatch. Price: INR 13,999 (MRP INR 18,999, 26.3% off). Display size: 1.8 inches. Battery life: not listed. Touchscreen: yes. Bluetooth: yes. Strap material: Silicon. Customer rating: 4.1/5 from 306 ratings.",dataset,missing,1.8
11,Amazfit,GTS 4 Alexa Built-in Fitness Tracker Calling 1.75'' HD Display SpO2 Waterproof,smartwatch,19999.0,23999.0,16.7,4.3,,,1.8,,True,True,Silicon,Rectangle,White,False,,False,kaggle_arnabchaki,"GTS 4 Alexa Built-in Fitness Tracker Calling 1.75'' HD Display SpO2 Waterproof by Amazfit is a smartwatch. Price: INR 19,999 (MRP INR 23,999, 16.7% off). Display size: 1.8 inches. Battery life: not listed. Touchscreen: yes. Bluetooth: yes. Strap material: Silicon. Customer rating: 4.3/5.",dataset,missing,1.8
12,Amazfit,"GTS2 Mini with 1.55"" AMOLED Display Built-in Alexa",smartwatch,6999.0,9999.0,30.0,3.7,81.0,,1.6,,True,True,Silicon,Rectangle,Black,False,,False,kaggle_arnabchaki,"GTS2 Mini with 1.55"" AMOLED Display Built-in Alexa by Amazfit is a smartwatch. Price: INR 6,999 (MRP INR 9,999, 30% off). Display size: 1.6 inches. Battery life: not listed. Touchscreen: yes. Bluetooth: yes. Strap material: Silicon. Customer rating: 3.7/5 from 81 ratings.",dataset,missing,1.6
13,Amazfit,"Pop 2 with Ultra-large 1.78 inch HD AMOLED Display, BT Calling, SpO2",smartwatch,3999.0,5999.0,33.3,4.2,3130.0,,1.8,,True,True,Silicon,Square,Pink,False,,False,kaggle_arnabchaki,"Pop 2 with Ultra-large 1.78 inch HD AMOLED Display, BT Calling, SpO2 by Amazfit is a smartwatch. Price: INR 3,999 (MRP INR 5,999, 33.3% off). Display size: 1.8 inches. Battery life: not listed. Touchscreen: yes. Bluetooth: yes. Strap material: Silicon. Customer rating: 4.2/5 from 3,130 ratings.",dataset,missing,1.8
14,Amazfit,T rex Pro 1.3HD AMOLED with advanced GPS & 10ATM water resistance,smartwatch,9999.0,17999.0,44.4,4.5,5265.0,,1.3,,True,True,Silicon,Circle,Black,False,,False,kaggle_arnabchaki,"T rex Pro 1.3HD AMOLED with advanced GPS & 10ATM water resistance by Amazfit is a smartwatch. Price: INR 9,999 (MRP INR 17,999, 44.4% off). Display size: 1.3 inches. Battery life: not listed. Touchscreen: yes. Bluetooth: yes. Strap material: Silicon. Customer rating: 4.5/5 from 5,265 ratings.",dataset,missing,1.3
15,Ambrane,FitShot Curl,smartwatch,2368.0,4499.0,47.4,3.5,301.0,,,,,True,,,,False,,False,kaggle_arnabchaki,"FitShot Curl by Ambrane is a smartwatch. Price: INR 2,368 (MRP INR 4,499, 47.4% off). Display size: not listed. Battery life: not listed. Bluetooth: yes. Customer rating: 3.5/5 from 301 ratings.",missing,missing,
16,Ambrane,FitShot Sphere,smartwatch,2199.0,4999.0,56.0,3.9,256.0,,,,True,True,,,,False,,False,kaggle_arnabchaki,"FitShot Sphere by Ambrane is a smartwatch. Price: INR 2,199 (MRP INR 4,999, 56% off). Display size: not listed. Battery life: not listed. Touchscreen: yes. Bluetooth: yes. Customer rating: 3.9/5 from 256 ratings.",missing,missing,
17,Ambrane,Flex,smartwatch,1499.0,3799.0,60.5,4.2,1804.0,,1.7,,True,True,Silicon,Square,Green,False,,False,kaggle_arnabchaki,"Flex by Ambrane is a smartwatch. Price: INR 1,499 (MRP INR 3,799, 60.5% off). Display size: 1.7 inches. Battery life: not listed. Touchscreen: yes. Bluetooth: yes. Strap material: Silicon. Customer rating: 4.2/5 from 1,804 ratings.",dataset,missing,1.7
18,Ambrane,Flex 1.69inch Lucid display and SPO2,smartwatch,1799.0,3799.0,52.6,4.2,8003.0,,1.7,,True,True,Silicon,Square,Pink,False,,False,kaggle_arnabchaki,"Flex 1.69inch Lucid display and SPO2 by Ambrane is a smartwatch. Price: INR 1,799 (MRP INR 3,799, 52.6% off). Display size: 1.7 inches. Battery life: not listed. Touchscreen: yes. Bluetooth: yes. Strap material: Silicon. Customer rating: 4.2/5 from 8,003 ratings.",dataset,missing,1.7
19,Ambrane,Pulse,smartwatch,1999.0,5999.0,66.7,3.9,1099.0,,1.3,,True,True,Synthetic,Rectangle,Black,False,,False,kaggle_arnabchaki,"Pulse by Ambrane is a smartwatch. Price: INR 1,999 (MRP INR 5,999, 66.7% off). Display size: 1.3 inches. Battery life: not listed. Touchscreen: yes. Bluetooth: yes. Strap material: Synthetic. Customer rating: 3.9/5 from 1,099 ratings.",dataset,missing,1.3
20,Ambrane,Surge 1.28 Curved Display with complete Health Tracking,smartwatch,2299.0,3999.0,42.5,4.1,2475.0,,1.3,,True,True,Silicon,Circle,Black,False,,False,kaggle_arnabchaki,"Surge 1.28 Curved Display with complete Health Tracking by Ambrane is a smartwatch. Price: INR 2,299 (MRP INR 3,999, 42.5% off). Display size: 1.3 inches. Battery life: not listed. Touchscreen: yes. Bluetooth: yes. Strap material: Silicon. Customer rating: 4.1/5 from 2,475 ratings.",dataset,missing,1.3
21,Ambrane,"Wise Eon Max with 2.01'' Lucid display, BT Calling, with customisable watch face",smartwatch,1799.0,5999.0,70.0,4.2,453.0,,2.0,,True,True,Silicon,Square,Black,False,,False,kaggle_arnabchaki,"Wise Eon Max with 2.01'' Lucid display, BT Calling, with customisable watch face by Ambrane is a smartwatch. Price: INR 1,799 (MRP INR 5,999, 70% off). Display size: 2 inches. Battery life: not listed. Touchscreen: yes. Bluetooth: yes. Strap material: Silicon. Customer rating: 4.2/5 from 453 ratings.",dataset,missing,2.0
22,Ambrane,"Wise Eon Pro1.85"" lucid display with BT calling",smartwatch,1499.0,5299.0,71.7,4.2,8574.0,,1.9,,True,True,Silicon,Square,Red,False,,False,kaggle_arnabchaki,"Wise Eon Pro1.85"" lucid display with BT calling by Ambrane is a smartwatch. Price: INR 1,499 (MRP INR 5,299, 71.7% off). Display size: 1.9 inches. Battery life: not listed. Touchscreen: yes. Bluetooth: yes. Strap material: Silicon. Customer rating: 4.2/5 from 8,574 ratings.",dataset,missing,1.9
23,Ambrane,"Wise Glaze with 1.78"" Amoled display, BT Calling,SPO2 , Heart Rate Monitor",smartwatch,2499.0,5999.0,58.3,4.3,7767.0,,1.8,,True,True,Silicon,Square,Grey,False,,False,kaggle_arnabchaki,"Wise Glaze with 1.78"" Amoled display, BT Calling,SPO2 , Heart Rate Monitor by Ambrane is a smartwatch. Price: INR 2,499 (MRP INR 5,999, 58.3% off). Display size: 1.8 inches. Battery life: not listed. Touchscreen: yes. Bluetooth: yes. Strap material: Silicon. Customer rating: 4.3/5 from 7,767 ratings.",dataset,missing,1.8
24,Ambrane,Wise-Eon 1.69Lucid Display bluetooth calling function & 7 days battery life,smartwatch,1299.0,4999.0,74.0,4.2,60292.0,,1.7,7.0,True,True,Silicon,Square,Grey,False,,False,kaggle_arnabchaki,"Wise-Eon 1.69Lucid Display bluetooth calling function & 7 days battery life by Ambrane is a smartwatch. Price: INR 1,299 (MRP INR 4,999, 74% off). Display size: 1.7 inches. Battery life: 7 days (from the product title). Touchscreen: yes. Bluetooth: yes. Strap material: Silicon. Customer rating: 4.2/5 from 60,292 ratings.",dataset,extracted_from_title,1.7
25,Ambrane,"Wise-roam 1.28"" Full HD display,bluetooth calling and complete health tracking",smartwatch,1599.0,5999.0,73.3,4.2,25108.0,,1.3,,True,True,Silicon,Circle,Grey,False,,False,kaggle_arnabchaki,"Wise-roam 1.28"" Full HD display,bluetooth calling and complete health tracking by Ambrane is a smartwatch. Price: INR 1,599 (MRP INR 5,999, 73.3% off). Display size: 1.3 inches. Battery life: not listed. Touchscreen: yes. Bluetooth: yes. Strap material: Silicon. Customer rating: 4.2/5 from 25,108 ratings.",dataset,missing,1.3
26,Apple,2 - 42 mm Silver Aluminium Case,smartwatch,34900.0,34900.0,0.0,4.7,,OLED Retina Display,,1.0,,,Aluminium,,,True,,False,kaggle_devsubhash,"2 - 42 mm Silver Aluminium Case by Apple is a smartwatch. Price: INR 34,900. Display size: not listed. Display type: OLED Retina Display. Battery life: 1 days. Strap material: Aluminium. Customer rating: 4.7/5.",missing,dataset,
27,Apple,38 mm Space Black Stainless Steel Case,smartwatch,48900.0,48900.0,0.0,4.6,,OLED Retina Display,,1.0,,,Stainless Steel,,,True,,False,kaggle_devsubhash,"38 mm Space Black Stainless Steel Case by Apple is a smartwatch. Price: INR 48,900. Display size: not listed. Display type: OLED Retina Display. Battery life: 1 days. Strap material: Stainless Steel. Customer rating: 4.6/5.",missing,dataset,
28,Apple,38 mm Stainless Steel Stainless Steel Case with Modern Buckle,smartwatch,64900.0,64900.0,0.0,4.3,,OLED Retina Display,,1.0,,,Stainless Steel,,,True,,False,kaggle_devsubhash,"38 mm Stainless Steel Stainless Steel Case with Modern Buckle by Apple is a smartwatch. Price: INR 64,900. Display size: not listed. Display type: OLED Retina Display. Battery life: 1 days. Strap material: Stainless Steel. Customer rating: 4.3/5.",missing,dataset,
29,Apple,42 mm Black Stainless Steel Case with Link Bracelet,smartwatch,79900.0,79900.0,0.0,4.6,,OLED Retina Display,,1.0,,,Stainless Steel,,,True,,False,kaggle_devsubhash,"42 mm Black Stainless Steel Case with Link Bracelet by Apple is a smartwatch. Price: INR 79,900. Display size: not listed. Display type: OLED Retina Display. Battery life: 1 days. Strap material: Stainless Steel. Customer rating: 4.6/5.",missing,dataset,
30,Apple,42 mm Space Gray Aluminium,smartwatch,29900.0,29900.0,0.0,4.5,,OLED Retina Display,,1.0,,,Aluminium,,,True,,False,kaggle_devsubhash,"42 mm Space Gray Aluminium by Apple is a smartwatch. Price: INR 29,900. Display size: not listed. Display type: OLED Retina Display. Battery life: 1 days. Strap material: Aluminium. Customer rating: 4.5/5.",missing,dataset,
31,Apple,42 mm Stainless Steel Case,smartwatch,60900.0,60900.0,0.0,4.5,,OLED Retina Display,,1.0,,,Stainless Steel,,,True,,False,kaggle_devsubhash,"42 mm Stainless Steel Case by Apple is a smartwatch. Price: INR 60,900. Display size: not listed. Display type: OLED Retina Display. Battery life: 1 days. Strap material: Stainless Steel. Customer rating: 4.5/5.",missing,dataset,
32,Apple,42 mm White Ceramic Case with Cloud Sport,smartwatch,114900.0,114900.0,0.0,4.7,,OLED Retina Display,,1.0,,,Nylon,,,True,,False,kaggle_devsubhash,"42 mm White Ceramic Case with Cloud Sport by Apple is a smartwatch. Price: INR 114,900. Display size: not listed. Display type: OLED Retina Display. Battery life: 1 days. Strap material: Nylon. Customer rating: 4.7/5.",missing,dataset,
33,Apple,8 mm Stainless Steel Case,smartwatch,56900.0,56900.0,0.0,4.6,,OLED Retina Display,,1.0,,,Stainless Steel,,,True,,False,kaggle_devsubhash,"8 mm Stainless Steel Case by Apple is a smartwatch. Price: INR 56,900. Display size: not listed. Display type: OLED Retina Display. Battery life: 1 days. Strap material: Stainless Steel. Customer rating: 4.6/5.",missing,dataset,
34,Apple,Apple Watch SE,smartwatch,29900.0,,0.0,4.6,5502.0,,1.6,1.0,True,True,Silicon,Rectangle,White,False,,False,kaggle_arnabchaki,"Apple Watch SE by Apple is a smartwatch. Price: INR 29,900. Display size: 1.6 inches. Battery life: 1 days (estimate based on similar watches from this brand). Touchscreen: yes. Bluetooth: yes. Strap material: Silicon. Customer rating: 4.6/5 from 5,502 ratings.",dataset,imputed_brand_median,1.6
35,Apple,Nike Series 5 GPS + Cellular 44 mm,smartwatch,52900.0,52900.0,0.0,4.7,,OLED Retina Display,,1.0,,,Silicone,,,False,,False,kaggle_devsubhash,"Nike Series 5 GPS + Cellular 44 mm by Apple is a smartwatch. Price: INR 52,900. Display size: not listed. Display type: OLED Retina Display. Battery life: 1 days. Strap material: Silicone. Customer rating: 4.7/5.",missing,dataset,
36,Apple,Nike+ - 38 mm Space Gray Aluminium Case,smartwatch,31600.0,31600.0,0.0,4.5,,OLED Retina Display,,1.0,,,Aluminium,,,True,,False,kaggle_devsubhash,"Nike+ - 38 mm Space Gray Aluminium Case by Apple is a smartwatch. Price: INR 31,600. Display size: not listed. Display type: OLED Retina Display. Battery life: 1 days. Strap material: Aluminium. Customer rating: 4.5/5.",missing,dataset,
37,Apple,Nike+ GPS - 42 mm Space Gray Aluminium Case,smartwatch,32380.0,32380.0,0.0,4.6,,OLED Retina Display,,1.0,,,Aluminium,,,True,,False,kaggle_devsubhash,"Nike+ GPS - 42 mm Space Gray Aluminium Case by Apple is a smartwatch. Price: INR 32,380. Display size: not listed. Display type: OLED Retina Display. Battery life: 1 days. Strap material: Aluminium. Customer rating: 4.6/5.",missing,dataset,
38,Apple,SE 40 mm Space Grey Aluminium Case,smartwatch,27400.0,29900.0,8.4,4.7,,OLED Retina Display,,1.0,,,Aluminium,,,False,,False,kaggle_devsubhash,"SE 40 mm Space Grey Aluminium Case by Apple is a smartwatch. Price: INR 27,400 (MRP INR 29,900, 8.4% off). Display size: not listed. Display type: OLED Retina Display. Battery life: 1 days. Strap material: Aluminium. Customer rating: 4.7/5.",missing,dataset,
39,Apple,SE 44 mm Gold Aluminium Case,smartwatch,30400.0,32900.0,7.6,4.7,,OLED Retina Display,,1.0,,,Aluminium,,,False,,False,kaggle_devsubhash,"SE 44 mm Gold Aluminium Case by Apple is a smartwatch. Price: INR 30,400 (MRP INR 32,900, 7.6% off). Display size: not listed. Display type: OLED Retina Display. Battery life: 1 days. Strap material: Aluminium. Customer rating: 4.7/5.",missing,dataset,
40,Apple,SE 44 mm Space Grey Aluminium Case,smartwatch,30400.0,32900.0,7.6,4.7,,OLED Retina Display,,1.0,,,Aluminium,,,False,,False,kaggle_devsubhash,"SE 44 mm Space Grey Aluminium Case by Apple is a smartwatch. Price: INR 30,400 (MRP INR 32,900, 7.6% off). Display size: not listed. Display type: OLED Retina Display. Battery life: 1 days. Strap material: Aluminium. Customer rating: 4.7/5.",missing,dataset,
41,Apple,SE GPS + Cellular 40 mm Aluminium Case,smartwatch,33900.0,33900.0,0.0,4.6,,OLED Retina Display,,1.0,,,Aluminium,,,False,,False,kaggle_devsubhash,"SE GPS + Cellular 40 mm Aluminium Case by Apple is a smartwatch. Price: INR 33,900. Display size: not listed. Display type: OLED Retina Display. Battery life: 1 days. Strap material: Aluminium. Customer rating: 4.6/5.",missing,dataset,
42,Apple,SE GPS + Cellular 40 mm Gold Aluminium Case,smartwatch,31400.0,33900.0,7.4,4.6,,OLED Retina Display,,1.0,,,Aluminium,,,False,,False,kaggle_devsubhash,"SE GPS + Cellular 40 mm Gold Aluminium Case by Apple is a smartwatch. Price: INR 31,400 (MRP INR 33,900, 7.4% off). Display size: not listed. Display type: OLED Retina Display. Battery life: 1 days. Strap material: Aluminium. Customer rating: 4.6/5.",missing,dataset,
43,Apple,SE GPS + Cellular 40 mm Gold Aluminium Case,smartwatch,67900.0,73900.0,8.1,4.5,,OLED Retina Display,,1.0,,,Aluminium,,,False,,False,kaggle_devsubhash,"SE GPS + Cellular 40 mm Gold Aluminium Case by Apple is a smartwatch. Price: INR 67,900 (MRP INR 73,900, 8.1% off). Display size: not listed. Display type: OLED Retina Display. Battery life: 1 days. Strap material: Aluminium. Customer rating: 4.5/5.",missing,dataset,
44,Apple,SE GPS + Cellular 40 mm Silver Aluminium Case,smartwatch,31400.0,33900.0,7.4,4.6,,OLED Retina Display,,1.0,,,Aluminium,,,False,,False,kaggle_devsubhash,"SE GPS + Cellular 40 mm Silver Aluminium Case by Apple is a smartwatch. Price: INR 31,400 (MRP INR 33,900, 7.4% off). Display size: not listed. Display type: OLED Retina Display. Battery life: 1 days. Strap material: Aluminium. Customer rating: 4.6/5.",missing,dataset,
45,Apple,SE GPS + Cellular 40 mm Space Grey Aluminium Case,smartwatch,31400.0,33900.0,7.4,4.6,,OLED Retina Display,,1.0,,,Aluminium,,,False,,False,kaggle_devsubhash,"SE GPS + Cellular 40 mm Space Grey Aluminium Case by Apple is a smartwatch. Price: INR 31,400 (MRP INR 33,900, 7.4% off). Display size: not listed. Display type: OLED Retina Display. Battery life: 1 days. Strap material: Aluminium. Customer rating: 4.6/5.",missing,dataset,
46,Apple,SE GPS + Cellular 44 mm Aluminium Case,smartwatch,36900.0,36900.0,0.0,4.6,,OLED Retina Display,,1.0,,,Aluminium,,,False,,False,kaggle_devsubhash,"SE GPS + Cellular 44 mm Aluminium Case by Apple is a smartwatch. Price: INR 36,900. Display size: not listed. Display type: OLED Retina Display. Battery life: 1 days. Strap material: Aluminium. Customer rating: 4.6/5.",missing,dataset,
47,Apple,SE GPS + Cellular 44 mm Gold Aluminium Case,smartwatch,43900.0,43900.0,0.0,4.5,,OLED Retina Display,,1.0,,,Aluminium,,,False,,False,kaggle_devsubhash,"SE GPS + Cellular 44 mm Gold Aluminium Case by Apple is a smartwatch. Price: INR 43,900. Display size: not listed. Display type: OLED Retina Display. Battery life: 1 days. Strap material: Aluminium. Customer rating: 4.5/5.",missing,dataset,
48,Apple,SE GPS + Cellular 44 mm Gold Aluminium Case,smartwatch,33900.0,36900.0,8.1,4.6,,OLED Retina Display,,1.0,,,Aluminium,,,False,,False,kaggle_devsubhash,"SE GPS + Cellular 44 mm Gold Aluminium Case by Apple is a smartwatch. Price: INR 33,900 (MRP INR 36,900, 8.1% off). Display size: not listed. Display type: OLED Retina Display. Battery life: 1 days. Strap material: Aluminium. Customer rating: 4.6/5.",missing,dataset,
49,Apple,SE GPS + Cellular 44 mm Silver Aluminium Case,smartwatch,33900.0,36900.0,8.1,4.6,,OLED Retina Display,,1.0,,,Aluminium,,,False,,False,kaggle_devsubhash,"SE GPS + Cellular 44 mm Silver Aluminium Case by Apple is a smartwatch. Price: INR 33,900 (MRP INR 36,900, 8.1% off). Display size: not listed. Display type: OLED Retina Display. Battery life: 1 days. Strap material: Aluminium. Customer rating: 4.6/5.",missing,dataset,
50,Apple,SE GPS + Cellular 44 mm Space Grey Aluminium Case,smartwatch,33900.0,36900.0,8.1,4.6,,OLED Retina Display,,1.0,,,Aluminium,,,False,,False,kaggle_devsubhash,"SE GPS + Cellular 44 mm Space Grey Aluminium Case by Apple is a smartwatch. Price: INR 33,900 (MRP INR 36,900, 8.1% off). Display size: not listed. Display type: OLED Retina Display. Battery life: 1 days. Strap material: Aluminium. Customer rating: 4.6/5.",missing,dataset,
51,Apple,SE GPS 40 mm Aluminium Case,smartwatch,29900.0,29900.0,0.0,4.7,,OLED Retina Display,,1.0,,,Aluminium,,,False,,False,kaggle_devsubhash,"SE GPS 40 mm Aluminium Case by Apple is a smartwatch. Price: INR 29,900. Display size: not listed. Display type: OLED Retina Display. Battery life: 1 days. Strap material: Aluminium. Customer rating: 4.7/5.",missing,dataset,
52,Apple,SE GPS 44 mm Aluminium Case,smartwatch,32900.0,32900.0,0.0,4.7,,OLED Retina Display,,1.0,,,Aluminium,,,False,,False,kaggle_devsubhash,"SE GPS 44 mm Aluminium Case by Apple is a smartwatch. Price: INR 32,900. Display size: not listed. Display type: OLED Retina Display. Battery life: 1 days. Strap material: Aluminium. Customer rating: 4.7/5.",missing,dataset,
53,Apple,Series 1 - 38 mm Silver Aluminium Case,smartwatch,21900.0,21900.0,0.0,4.6,,OLED Retina Display,,1.0,,,Aluminium,,,True,,False,kaggle_devsubhash,"Series 1 - 38 mm Silver Aluminium Case by Apple is a smartwatch. Price: INR 21,900. Display size: not listed. Display type: OLED Retina Display. Battery life: 1 days. Strap material: Aluminium. Customer rating: 4.6/5.",missing,dataset,
54,Apple,Series 1 - 42 mm Gold Aluminium Case,smartwatch,25900.0,25900.0,0.0,4.6,,OLED Retina Display,,1.0,,,Aluminium,,,True,,False,kaggle_devsubhash,"Series 1 - 42 mm Gold Aluminium Case by Apple is a smartwatch. Price: INR 25,900. Display size: not listed. Display type: OLED Retina Display. Battery life: 1 days. Strap material: Aluminium. Customer rating: 4.6/5.",missing,dataset,
55,Apple,Series 2 - 38 mm Stainless Steel Case,smartwatch,56900.0,56900.0,0.0,4.6,,OLED Retina Display,,1.0,,,Stainless Steel,,,True,,False,kaggle_devsubhash,"Series 2 - 38 mm Stainless Steel Case by Apple is a smartwatch. Price: INR 56,900. Display size: not listed. Display type: OLED Retina Display. Battery life: 1 days. Strap material: Stainless Steel. Customer rating: 4.6/5.",missing,dataset,
56,Apple,Series 2 - 42 mm Space Black Stainless Steel Case,smartwatch,50400.0,50400.0,0.0,4.7,,OLED Retina Display,,1.0,,,Stainless Steel,,,True,,False,kaggle_devsubhash,"Series 2 - 42 mm Space Black Stainless Steel Case by Apple is a smartwatch. Price: INR 50,400. Display size: not listed. Display type: OLED Retina Display. Battery life: 1 days. Strap material: Stainless Steel. Customer rating: 4.7/5.",missing,dataset,
57,Apple,Series 2 - 42 mm Stainless Steel Case,smartwatch,50400.0,50400.0,0.0,4.7,,OLED Retina Display,,1.0,,,Stainless Steel,,,True,,False,kaggle_devsubhash,"Series 2 - 42 mm Stainless Steel Case by Apple is a smartwatch. Price: INR 50,400. Display size: not listed. Display type: OLED Retina Display. Battery life: 1 days. Strap material: Stainless Steel. Customer rating: 4.7/5.",missing,dataset,
58,Apple,Series 3 GPS + Cellular- 42 mm Gray Ceramic Case,smartwatch,122090.0,122090.0,0.0,4.6,,OLED Retina Display,,1.0,,,Nylon,,,True,,False,kaggle_devsubhash,"Series 3 GPS + Cellular- 42 mm Gray Ceramic Case by Apple is a smartwatch. Price: INR 122,090. Display size: not listed. Display type: OLED Retina Display. Battery life: 1 days. Strap material: Nylon. Customer rating: 4.6/5.",missing,dataset,
59,Apple,Series 3 GPS + Cellular- 42 mm White Ceramic Case,smartwatch,122090.0,122090.0,0.0,4.6,,OLED Retina Display,,1.0,,,Nylon,,,True,,False,kaggle_devsubhash,"Series 3 GPS + Cellular- 42 mm White Ceramic Case by Apple is a smartwatch. Price: INR 122,090. Display size: not listed. Display type: OLED Retina Display. Battery life: 1 days. Strap material: Nylon. Customer rating: 4.6/5.",missing,dataset,
60,Apple,Series 3 GPS - 38 mm Space Grey Aluminium Case,smartwatch,16900.0,20900.0,19.1,4.6,,OLED Retina Display,,1.0,,,Aluminium,,,True,,False,kaggle_devsubhash,"Series 3 GPS - 38 mm Space Grey Aluminium Case by Apple is a smartwatch. Price: INR 16,900 (MRP INR 20,900, 19.1% off). Display size: not listed. Display type: OLED Retina Display. Battery life: 1 days. Strap material: Aluminium. Customer rating: 4.6/5.",missing,dataset,
61,Apple,Series 3 GPS - 42 mm Space Grey Aluminium Case,smartwatch,18900.0,23900.0,20.9,4.6,,OLED Retina Display,,1.0,,,Aluminium,,,True,,False,kaggle_devsubhash,"Series 3 GPS - 42 mm Space Grey Aluminium Case by Apple is a smartwatch. Price: INR 18,900 (MRP INR 23,900, 20.9% off). Display size: not listed. Display type: OLED Retina Display. Battery life: 1 days. Strap material: Aluminium. Customer rating: 4.6/5.",missing,dataset,
62,Apple,Series 5 GPS + Cellular 40 mm Space Black Stainless Steel Case,smartwatch,69900.0,69900.0,0.0,4.6,,OLED Retina Display,,1.0,,,Stainless Steel,,,False,,False,kaggle_devsubhash,"Series 5 GPS + Cellular 40 mm Space Black Stainless Steel Case by Apple is a smartwatch. Price: INR 69,900. Display size: not listed. Display type: OLED Retina Display. Battery life: 1 days. Strap material: Stainless Steel. Customer rating: 4.6/5.",missing,dataset,
63,Apple,Series 5 GPS + Cellular 40 mm Space Grey Aluminium Case,smartwatch,39990.0,49900.0,19.9,4.5,,OLED Retina Display,,1.0,,,Aluminium,,,False,,False,kaggle_devsubhash,"Series 5 GPS + Cellular 40 mm Space Grey Aluminium Case by Apple is a smartwatch. Price: INR 39,990 (MRP INR 49,900, 19.9% off). Display size: not listed. Display type: OLED Retina Display. Battery life: 1 days. Strap material: Aluminium. Customer rating: 4.5/5.",missing,dataset,
64,Apple,Series 5 GPS + Cellular 40 mm Stainless Steel Case,smartwatch,65900.0,65900.0,0.0,3.4,,OLED Retina Display,,1.0,,,Stainless Steel,,,False,,False,kaggle_devsubhash,"Series 5 GPS + Cellular 40 mm Stainless Steel Case by Apple is a smartwatch. Price: INR 65,900. Display size: not listed. Display type: OLED Retina Display. Battery life: 1 days. Strap material: Stainless Steel. Customer rating: 3.4/5.",missing,dataset,
65,Apple,Series 5 GPS + Cellular 44 mm Gold Aluminium Case,smartwatch,52900.0,52900.0,0.0,4.7,,OLED Retina Display,,1.0,,,Aluminium,,,False,,False,kaggle_devsubhash,"Series 5 GPS + Cellular 44 mm Gold Aluminium Case by Apple is a smartwatch. Price: INR 52,900. Display size: not listed. Display type: OLED Retina Display. Battery life: 1 days. Strap material: Aluminium. Customer rating: 4.7/5.",missing,dataset,
66,Apple,Series 5 GPS + Cellular 44 mm Gold Stainless Steel Case,smartwatch,73900.0,73900.0,0.0,4.2,,OLED Retina Display,,1.0,,,Stainless Steel,,,False,,False,kaggle_devsubhash,"Series 5 GPS + Cellular 44 mm Gold Stainless Steel Case by Apple is a smartwatch. Price: INR 73,900. Display size: not listed. Display type: OLED Retina Display. Battery life: 1 days. Strap material: Stainless Steel. Customer rating: 4.2/5.",missing,dataset,
67,Apple,Series 5 GPS + Cellular 44 mm Gold Stainless Steel Case,smartwatch,69900.0,69900.0,0.0,4.2,,OLED Retina Display,,1.0,,,Stainless Steel,,,False,,False,kaggle_devsubhash,"Series 5 GPS + Cellular 44 mm Gold Stainless Steel Case by Apple is a smartwatch. Price: INR 69,900. Display size: not listed. Display type: OLED Retina Display. Battery life: 1 days. Strap material: Stainless Steel. Customer rating: 4.2/5.",missing,dataset,
68,Apple,Series 5 GPS + Cellular 44 mm Space Black Stainless Steel Case,smartwatch,69900.0,69900.0,0.0,4.2,,OLED Retina Display,,1.0,,,Stainless Steel,,,False,,False,kaggle_devsubhash,"Series 5 GPS + Cellular 44 mm Space Black Stainless Steel Case by Apple is a smartwatch. Price: INR 69,900. Display size: not listed. Display type: OLED Retina Display. Battery life: 1 days. Strap material: Stainless Steel. Customer rating: 4.2/5.",missing,dataset,
69,Apple,Series 5 GPS + Cellular 44 mm Space Grey Aluminium Case,smartwatch,52900.0,52900.0,0.0,4.7,,OLED Retina Display,,1.0,,,Aluminium,,,False,,False,kaggle_devsubhash,"Series 5 GPS + Cellular 44 mm Space Grey Aluminium Case by Apple is a smartwatch. Price: INR 52,900. Display size: not listed. Display type: OLED Retina Display. Battery life: 1 days. Strap material: Aluminium. Customer rating: 4.7/5.",missing,dataset,
70,Apple,Series 5 GPS + Cellular 44 mm Stainless Steel Case,smartwatch,73900.0,73900.0,0.0,4.2,,OLED Retina Display,,1.0,,,Stainless Steel,,,False,,False,kaggle_devsubhash,"Series 5 GPS + Cellular 44 mm Stainless Steel Case by Apple is a smartwatch. Price: INR 73,900. Display size: not listed. Display type: OLED Retina Display. Battery life: 1 days. Strap material: Stainless Steel. Customer rating: 4.2/5.",missing,dataset,
71,Apple,Series 5 GPS 40 mm Silver Aluminium Case,smartwatch,40900.0,40900.0,0.0,4.7,,OLED Retina Display,,1.0,,,Aluminium,,,False,,False,kaggle_devsubhash,"Series 5 GPS 40 mm Silver Aluminium Case by Apple is a smartwatch. Price: INR 40,900. Display size: not listed. Display type: OLED Retina Display. Battery life: 1 days. Strap material: Aluminium. Customer rating: 4.7/5.",missing,dataset,
72,Apple,Series 6 GPS + Cellular 40 mm Blue Aluminium Case,smartwatch,45690.0,49900.0,8.4,4.5,,OLED Retina Display,,1.0,,,Aluminium,,,False,,False,kaggle_devsubhash,"Series 6 GPS + Cellular 40 mm Blue Aluminium Case by Apple is a smartwatch. Price: INR 45,690 (MRP INR 49,900, 8.4% off). Display size: not listed. Display type: OLED Retina Display. Battery life: 1 days. Strap material: Aluminium. Customer rating: 4.5/5.",missing,dataset,
73,Apple,Series 6 GPS + Cellular 40 mm Gold Aluminium Case,smartwatch,45690.0,49900.0,8.4,4.5,,OLED Retina Display,,1.0,,,Aluminium,,,False,,False,kaggle_devsubhash,"Series 6 GPS + Cellular 40 mm Gold Aluminium Case by Apple is a smartwatch. Price: INR 45,690 (MRP INR 49,900, 8.4% off). Display size: not listed. Display type: OLED Retina Display. Battery life: 1 days. Strap material: Aluminium. Customer rating: 4.5/5.",missing,dataset,
74,Apple,Series 6 GPS + Cellular 40 mm Gold Stainless Steel Case,smartwatch,69900.0,69900.0,0.0,4.5,,OLED Retina Display,,1.0,,,Stainless Steel,,,False,,False,kaggle_devsubhash,"Series 6 GPS + Cellular 40 mm Gold Stainless Steel Case by Apple is a smartwatch. Price: INR 69,900. Display size: not listed. Display type: OLED Retina Display. Battery life: 1 days. Strap material: Stainless Steel. Customer rating: 4.5/5.",missing,dataset,
75,Apple,Series 6 GPS + Cellular 40 mm Gold Stainless Steel Case,smartwatch,67900.0,73900.0,8.1,4.5,,OLED Retina Display,,1.0,,,Stainless Steel,,,False,,False,kaggle_devsubhash,"Series 6 GPS + Cellular 40 mm Gold Stainless Steel Case by Apple is a smartwatch. Price: INR 67,900 (MRP INR 73,900, 8.1% off). Display size: not listed. Display type: OLED Retina Display. Battery life: 1 days. Strap material: Stainless Steel. Customer rating: 4.5/5.",missing,dataset,
76,Apple,Series 6 GPS + Cellular 40 mm Graphite Stainless Steel Case,smartwatch,67900.0,73900.0,8.1,4.5,,OLED Retina Display,,1.0,,,Stainless Steel,,,False,,False,kaggle_devsubhash,"Series 6 GPS + Cellular 40 mm Graphite Stainless Steel Case by Apple is a smartwatch. Price: INR 67,900 (MRP INR 73,900, 8.1% off). Display size: not listed. Display type: OLED Retina Display. Battery life: 1 days. Strap material: Stainless Steel. Customer rating: 4.5/5.",missing,dataset,
77,Apple,Series 6 GPS + Cellular 40 mm Red Aluminium Case,smartwatch,45690.0,49900.0,8.4,4.5,,OLED Retina Display,,1.0,,,Aluminium,,,False,,False,kaggle_devsubhash,"Series 6 GPS + Cellular 40 mm Red Aluminium Case by Apple is a smartwatch. Price: INR 45,690 (MRP INR 49,900, 8.4% off). Display size: not listed. Display type: OLED Retina Display. Battery life: 1 days. Strap material: Aluminium. Customer rating: 4.5/5.",missing,dataset,
78,Apple,Series 6 GPS + Cellular 40 mm Silver Aluminium Case,smartwatch,45690.0,49900.0,8.4,4.5,,OLED Retina Display,,1.0,,,Aluminium,,,False,,False,kaggle_devsubhash,"Series 6 GPS + Cellular 40 mm Silver Aluminium Case by Apple is a smartwatch. Price: INR 45,690 (MRP INR 49,900, 8.4% off). Display size: not listed. Display type: OLED Retina Display. Battery life: 1 days. Strap material: Aluminium. Customer rating: 4.5/5.",missing,dataset,
79,Apple,Series 6 GPS + Cellular 40 mm Space Grey Aluminium Case,smartwatch,69900.0,69900.0,0.0,4.2,,OLED Retina Display,,1.0,,,Aluminium,,,False,,False,kaggle_devsubhash,"Series 6 GPS + Cellular 40 mm Space Grey Aluminium Case by Apple is a smartwatch. Price: INR 69,900. Display size: not listed. Display type: OLED Retina Display. Battery life: 1 days. Strap material: Aluminium. Customer rating: 4.2/5.",missing,dataset,
80,Apple,Series 6 GPS + Cellular 40 mm Space Grey Aluminium Case,smartwatch,45690.0,49900.0,8.4,4.5,,OLED Retina Display,,1.0,,,Aluminium,,,False,,False,kaggle_devsubhash,"Series 6 GPS + Cellular 40 mm Space Grey Aluminium Case by Apple is a smartwatch. Price: INR 45,690 (MRP INR 49,900, 8.4% off). Display size: not listed. Display type: OLED Retina Display. Battery life: 1 days. Strap material: Aluminium. Customer rating: 4.5/5.",missing,dataset,
81,Apple,Series 6 GPS + Cellular 44 mm Blue Aluminium Case,smartwatch,48490.0,52900.0,8.3,4.5,,OLED Retina Display,,1.0,,,Aluminium,,,False,,False,kaggle_devsubhash,"Series 6 GPS + Cellular 44 mm Blue Aluminium Case by Apple is a smartwatch. Price: INR 48,490 (MRP INR 52,900, 8.3% off). Display size: not listed. Display type: OLED Retina Display. Battery life: 1 days. Strap material: Aluminium. Customer rating: 4.5/5.",missing,dataset,
82,Apple,Series 6 GPS + Cellular 44 mm Graphite Stainless Steel Case,smartwatch,67900.0,73900.0,8.1,4.5,,OLED Retina Display,,1.0,,,Stainless Steel,,,False,,False,kaggle_devsubhash,"Series 6 GPS + Cellular 44 mm Graphite Stainless Steel Case by Apple is a smartwatch. Price: INR 67,900 (MRP INR 73,900, 8.1% off). Display size: not listed. Display type: OLED Retina Display. Battery life: 1 days. Strap material: Stainless Steel. Customer rating: 4.5/5.",missing,dataset,
83,Apple,Series 6 GPS + Cellular 44 mm Red Aluminium Case,smartwatch,48490.0,52900.0,8.3,4.5,,OLED Retina Display,,1.0,,,Aluminium,,,False,,False,kaggle_devsubhash,"Series 6 GPS + Cellular 44 mm Red Aluminium Case by Apple is a smartwatch. Price: INR 48,490 (MRP INR 52,900, 8.3% off). Display size: not listed. Display type: OLED Retina Display. Battery life: 1 days. Strap material: Aluminium. Customer rating: 4.5/5.",missing,dataset,
84,Apple,Series 6 GPS + Cellular 44 mm Silver Aluminium Case,smartwatch,48490.0,52900.0,8.3,4.5,,OLED Retina Display,,1.0,,,Aluminium,,,False,,False,kaggle_devsubhash,"Series 6 GPS + Cellular 44 mm Silver Aluminium Case by Apple is a smartwatch. Price: INR 48,490 (MRP INR 52,900, 8.3% off). Display size: not listed. Display type: OLED Retina Display. Battery life: 1 days. Strap material: Aluminium. Customer rating: 4.5/5.",missing,dataset,
85,Apple,Series 6 GPS + Cellular 44 mm Silver Stainless Steel Case,smartwatch,77900.0,77900.0,0.0,4.5,,OLED Retina Display,,1.0,,,Stainless Steel,,,False,,False,kaggle_devsubhash,"Series 6 GPS + Cellular 44 mm Silver Stainless Steel Case by Apple is a smartwatch. Price: INR 77,900. Display size: not listed. Display type: OLED Retina Display. Battery life: 1 days. Strap material: Stainless Steel. Customer rating: 4.5/5.",missing,dataset,
86,Apple,Series 6 GPS + Cellular 44 mm Space Grey Aluminium Case,smartwatch,48490.0,52900.0,8.3,4.5,,OLED Retina Display,,1.0,,,Aluminium,,,False,,False,kaggle_devsubhash,"Series 6 GPS + Cellular 44 mm Space Grey Aluminium Case by Apple is a smartwatch. Price: INR 48,490 (MRP INR 52,900, 8.3% off). Display size: not listed. Display type: OLED Retina Display. Battery life: 1 days. Strap material: Aluminium. Customer rating: 4.5/5.",missing,dataset,
87,Apple,Series 6 GPS 40 mm Blue Aluminium Case,smartwatch,37490.0,40900.0,8.3,4.5,,OLED Retina Display,,1.0,,,Aluminium,,,False,,False,kaggle_devsubhash,"Series 6 GPS 40 mm Blue Aluminium Case by Apple is a smartwatch. Price: INR 37,490 (MRP INR 40,900, 8.3% off). Display size: not listed. Display type: OLED Retina Display. Battery life: 1 days. Strap material: Aluminium. Customer rating: 4.5/5.",missing,dataset,
88,Apple,Series 6 GPS 40 mm Gold Aluminium Case,smartwatch,37490.0,40900.0,8.3,4.5,,OLED Retina Display,,1.0,,,Aluminium,,,False,,False,kaggle_devsubhash,"Series 6 GPS 40 mm Gold Aluminium Case by Apple is a smartwatch. Price: INR 37,490 (MRP INR 40,900, 8.3% off). Display size: not listed. Display type: OLED Retina Display. Battery life: 1 days. Strap material: Aluminium. Customer rating: 4.5/5.",missing,dataset,
89,Apple,Series 6 GPS 40 mm Silver Aluminium Case,smartwatch,37490.0,40900.0,8.3,4.5,,OLED Retina Display,,1.0,,,Aluminium,,,False,,False,kaggle_devsubhash,"Series 6 GPS 40 mm Silver Aluminium Case by Apple is a smartwatch. Price: INR 37,490 (MRP INR 40,900, 8.3% off). Display size: not listed. Display type: OLED Retina Display. Battery life: 1 days. Strap material: Aluminium. Customer rating: 4.5/5.",missing,dataset,
90,Apple,Series 6 GPS 40 mm Space Grey Aluminium Case,smartwatch,37490.0,40900.0,8.3,4.5,,OLED Retina Display,,1.0,,,Aluminium,,,False,,False,kaggle_devsubhash,"Series 6 GPS 40 mm Space Grey Aluminium Case by Apple is a smartwatch. Price: INR 37,490 (MRP INR 40,900, 8.3% off). Display size: not listed. Display type: OLED Retina Display. Battery life: 1 days. Strap material: Aluminium. Customer rating: 4.5/5.",missing,dataset,
91,Apple,Series 6 GPS 44 mm Blue Aluminium Case,smartwatch,43900.0,43900.0,0.0,4.5,,OLED Retina Display,,1.0,,,Aluminium,,,False,,False,kaggle_devsubhash,"Series 6 GPS 44 mm Blue Aluminium Case by Apple is a smartwatch. Price: INR 43,900. Display size: not listed. Display type: OLED Retina Display. Battery life: 1 days. Strap material: Aluminium. Customer rating: 4.5/5.",missing,dataset,
92,Apple,Series 6 GPS 44 mm Red Aluminium Case,smartwatch,40190.0,43900.0,8.5,4.5,,OLED Retina Display,,1.0,,,Aluminium,,,False,,False,kaggle_devsubhash,"Series 6 GPS 44 mm Red Aluminium Case by Apple is a smartwatch. Price: INR 40,190 (MRP INR 43,900, 8.5% off). Display size: not listed. Display type: OLED Retina Display. Battery life: 1 days. Strap material: Aluminium. Customer rating: 4.5/5.",missing,dataset,
93,Apple,Series 6 GPS 44 mm Silver Aluminium Case,smartwatch,43900.0,43900.0,0.0,4.5,,OLED Retina Display,,1.0,,,Aluminium,,,False,,False,kaggle_devsubhash,"Series 6 GPS 44 mm Silver Aluminium Case by Apple is a smartwatch. Price: INR 43,900. Display size: not listed. Display type: OLED Retina Display. Battery life: 1 days. Strap material: Aluminium. Customer rating: 4.5/5.",missing,dataset,
94,Apple,Series 6 GPS 44 mm Space Grey Aluminium Case,smartwatch,40190.0,43900.0,8.5,4.5,,OLED Retina Display,,1.0,,,Aluminium,,,False,,False,kaggle_devsubhash,"Series 6 GPS 44 mm Space Grey Aluminium Case by Apple is a smartwatch. Price: INR 40,190 (MRP INR 43,900, 8.5% off). Display size: not listed. Display type: OLED Retina Display. Battery life: 1 days. Strap material: Aluminium. Customer rating: 4.5/5.",missing,dataset,
95,Apple,Series 7 GPS + Cellular 41 mm Aluminium,smartwatch,50900.0,50900.0,0.0,4.6,,OLED Retina Display,,1.0,,,Aluminium,,,False,,False,kaggle_devsubhash,"Series 7 GPS + Cellular 41 mm Aluminium by Apple is a smartwatch. Price: INR 50,900. Display size: not listed. Display type: OLED Retina Display. Battery life: 1 days. Strap material: Aluminium. Customer rating: 4.6/5.",missing,dataset,
96,Apple,"Series 7 GPS + Cellular, 41 mm Stainless Steel",smartwatch,73900.0,73900.0,0.0,4.6,,OLED Retina Display,,1.0,,,Stainless Steel,,,False,,False,kaggle_devsubhash,"Series 7 GPS + Cellular, 41 mm Stainless Steel by Apple is a smartwatch. Price: INR 73,900. Display size: not listed. Display type: OLED Retina Display. Battery life: 1 days. Strap material: Stainless Steel. Customer rating: 4.6/5.",missing,dataset,
97,Apple,"Series 7 GPS + Cellular, 45 mm Aluminium",smartwatch,53900.0,53900.0,0.0,4.6,,OLED Retina Display,,1.0,,,Aluminium,,,False,,False,kaggle_devsubhash,"Series 7 GPS + Cellular, 45 mm Aluminium by Apple is a smartwatch. Price: INR 53,900. Display size: not listed. Display type: OLED Retina Display. Battery life: 1 days. Strap material: Aluminium. Customer rating: 4.6/5.",missing,dataset,
98,Apple,"Series 7 GPS + Cellular, 45 mm Stainless Steel",smartwatch,73900.0,73900.0,0.0,4.6,,OLED Retina Display,,1.0,,,Stainless Steel,,,False,,False,kaggle_devsubhash,"Series 7 GPS + Cellular, 45 mm Stainless Steel by Apple is a smartwatch. Price: INR 73,900. Display size: not listed. Display type: OLED Retina Display. Battery life: 1 days. Strap material: Stainless Steel. Customer rating: 4.6/5.",missing,dataset,
99,Apple,"Series 7 GPS + Cellular, 45 mm Stainless Steel",smartwatch,77900.0,77900.0,0.0,4.6,,OLED Retina Display,,1.0,,,Stainless Steel,,,False,,False,kaggle_devsubhash,"Series 7 GPS + Cellular, 45 mm Stainless Steel by Apple is a smartwatch. Price: INR 77,900. Display size: not listed. Display type: OLED Retina Display. Battery life: 1 days. Strap material: Stainless Steel. Customer rating: 4.6/5.",missing,dataset,
100,Apple,Series 7 GPS 41 mm Aluminium Case,smartwatch,41900.0,41900.0,0.0,5.0,,OLED Retina Display,,1.0,,,Aluminium,,,False,,False,kaggle_devsubhash,"Series 7 GPS 41 mm Aluminium Case by Apple is a smartwatch. Price: INR 41,900. Display size: not listed. Display type: OLED Retina Display. Battery life: 1 days. Strap material: Aluminium. Customer rating: 5.0/5.",missing,dataset,
101,Apple,Series 7 GPS 45 mm,smartwatch,44900.0,44900.0,0.0,5.0,,OLED Retina Display,,1.0,,,Silicone,,,False,,False,kaggle_devsubhash,"Series 7 GPS 45 mm by Apple is a smartwatch. Price: INR 44,900. Display size: not listed. Display type: OLED Retina Display. Battery life: 1 days. Strap material: Silicone. Customer rating: 5.0/5.",missing,dataset,
102,Apple,Sport 42 mm Space Grey Aluminium Case,smartwatch,29900.0,29900.0,0.0,4.6,,OLED Retina Display,,1.0,,,Aluminium,,,True,,False,kaggle_devsubhash,"Sport 42 mm Space Grey Aluminium Case by Apple is a smartwatch. Price: INR 29,900. Display size: not listed. Display type: OLED Retina Display. Battery life: 1 days. Strap material: Aluminium. Customer rating: 4.6/5.",missing,dataset,
103,Apple,"Watch SE (GPS, 40mm) - Gold Aluminium Case with Starlight Sport Band - Regular",smartwatch,29900.0,,0.0,4.6,5502.0,,1.6,1.0,True,True,Silicon,Rectangle,Gold,False,,False,kaggle_arnabchaki,"Watch SE (GPS, 40mm) - Gold Aluminium Case with Starlight Sport Band - Regular by Apple is a smartwatch. Price: INR 29,900. Display size: 1.6 inches. Battery life: 1 days (estimate based on similar watches from this brand). Touchscreen: yes. Bluetooth: yes. Strap material: Silicon. Customer rating: 4.6/5 from 5,502 ratings.",dataset,imputed_brand_median,1.6
104,Apple,"Watch SE (GPS, 44mm) - Gold Aluminium Case with Starlight Sport Band - Regular",smartwatch,32900.0,,0.0,4.6,5502.0,,1.7,1.0,True,True,Silicon,Rectangle,Gold,False,,False,kaggle_arnabchaki,"Watch SE (GPS, 44mm) - Gold Aluminium Case with Starlight Sport Band - Regular by Apple is a smartwatch. Price: INR 32,900. Display size: 1.7 inches. Battery life: 1 days (estimate based on similar watches from this brand). Touchscreen: yes. Bluetooth: yes. Strap material: Silicon. Customer rating: 4.6/5 from 5,502 ratings.",dataset,imputed_brand_median,1.7
105,Apple,"Watch SE (GPS, 44mm) - Space Grey Aluminium Case with Midnight Sport Band",smartwatch,32899.0,32900.0,0.0,4.6,5502.0,,1.7,1.0,True,True,Silicon,Rectangle,Grey,False,,False,kaggle_arnabchaki,"Watch SE (GPS, 44mm) - Space Grey Aluminium Case with Midnight Sport Band by Apple is a smartwatch. Price: INR 32,899. Display size: 1.7 inches. Battery life: 1 days (estimate based on similar watches from this brand). Touchscreen: yes. Bluetooth: yes. Strap material: Silicon. Customer rating: 4.6/5 from 5,502 ratings.",dataset,imputed_brand_median,1.7
106,Apple,Watch SE GPS (2nd Gen),smartwatch,29650.0,29900.0,0.8,4.5,154.0,,1.6,1.0,True,True,Silicon,Rectangle,Midnight,False,,False,kaggle_arnabchaki,"Watch SE GPS (2nd Gen) by Apple is a smartwatch. Price: INR 29,650 (MRP INR 29,900, 0.8% off). Display size: 1.6 inches. Battery life: 1 days (estimate based on similar watches from this brand). Touchscreen: yes. Bluetooth: yes. Strap material: Silicon. Customer rating: 4.5/5 from 154 ratings.",dataset,imputed_brand_median,1.6
107,Apple,Watch SE GPS + Cellular,smartwatch,33900.0,,0.0,4.6,3440.0,,1.6,1.0,True,True,Silicon,Rectangle,Pink,False,,False,kaggle_arnabchaki,"Watch SE GPS + Cellular by Apple is a smartwatch. Price: INR 33,900. Display size: 1.6 inches. Battery life: 1 days (estimate based on similar watches from this brand). Touchscreen: yes. Bluetooth: yes. Strap material: Silicon. Customer rating: 4.6/5 from 3,440 ratings.",dataset,imputed_brand_median,1.6
108,Apple,Watch SE GPS + Cellular (2nd Gen),smartwatch,37900.0,,0.0,4.4,65.0,,1.7,1.0,True,True,Silicon,Rectangle,Starlight Sport,False,,False,kaggle_arnabchaki,"Watch SE GPS + Cellular (2nd Gen) by Apple is a smartwatch. Price: INR 37,900. Display size: 1.7 inches. Battery life: 1 days (estimate based on similar watches from this brand). Touchscreen: yes. Bluetooth: yes. Strap material: Silicon. Customer rating: 4.4/5 from 65 ratings.",dataset,imputed_brand_median,1.7
109,Apple,"Watch SE(GPS, 40mm) - Silver Aluminium Case with Abyss Blue Sport Band - Regular",smartwatch,29900.0,,0.0,4.6,5502.0,,1.6,1.0,True,True,Silicon,Rectangle,Silver,False,,False,kaggle_arnabchaki,"Watch SE(GPS, 40mm) - Silver Aluminium Case with Abyss Blue Sport Band - Regular by Apple is a smartwatch. Price: INR 29,900. Display size: 1.6 inches. Battery life: 1 days (estimate based on similar watches from this brand). Touchscreen: yes. Bluetooth: yes. Strap material: Silicon. Customer rating: 4.6/5 from 5,502 ratings.",dataset,imputed_brand_median,1.6
110,Apple,"Watch Series 3 (GPS, 42mm) - Silver Aluminium Case with White Sport Band",smartwatch,22900.0,23900.0,4.2,4.6,55800.0,,1.7,1.0,True,True,Silicon,Rectangle,White,False,,False,kaggle_arnabchaki,"Watch Series 3 (GPS, 42mm) - Silver Aluminium Case with White Sport Band by Apple is a smartwatch. Price: INR 22,900 (MRP INR 23,900, 4.2% off). Display size: 1.7 inches. Battery life: 1 days (estimate based on similar watches from this brand). Touchscreen: yes. Bluetooth: yes. Strap material: Silicon. Customer rating: 4.6/5 from 55,800 ratings.",dataset,imputed_brand_median,1.7
111,Apple,"Watch Series 3 (GPS, 42mm) - Space Grey Aluminium Case with Black Sport Band",smartwatch,23349.0,23900.0,2.3,4.6,55800.0,,1.7,1.0,True,True,Silicon,Rectangle,Black,False,,False,kaggle_arnabchaki,"Watch Series 3 (GPS, 42mm) - Space Grey Aluminium Case with Black Sport Band by Apple is a smartwatch. Price: INR 23,349 (MRP INR 23,900, 2.3% off). Display size: 1.7 inches. Battery life: 1 days (estimate based on similar watches from this brand). Touchscreen: yes. Bluetooth: yes. Strap material: Silicon. Customer rating: 4.6/5 from 55,800 ratings.",dataset,imputed_brand_median,1.7
112,Apple,Watch Series 6 GPS,smartwatch,40900.0,,0.0,4.5,1720.0,,1.6,1.0,True,True,Silicon,Rectangle,Black,False,,False,kaggle_arnabchaki,"Watch Series 6 GPS by Apple is a smartwatch. Price: INR 40,900. Display size: 1.6 inches. Battery life: 1 days (estimate based on similar watches from this brand). Touchscreen: yes. Bluetooth: yes. Strap material: Silicon. Customer rating: 4.5/5 from 1,720 ratings.",dataset,imputed_brand_median,1.6
113,Apple,Watch Series 6 GPS + Cellular,smartwatch,49900.0,,0.0,4.5,1349.0,,1.6,1.0,True,True,Silicon,Rectangle,Black,False,,False,kaggle_arnabchaki,"Watch Series 6 GPS + Cellular by Apple is a smartwatch. Price: INR 49,900. Display size: 1.6 inches. Battery life: 1 days (estimate based on similar watches from this brand). Touchscreen: yes. Bluetooth: yes. Strap material: Silicon. Customer rating: 4.5/5 from 1,349 ratings.",dataset,imputed_brand_median,1.6
114,Apple,Watch Series 8 GPS,smartwatch,48900.0,,0.0,4.3,158.0,,1.8,1.0,True,True,Silicon,Rectangle,Starlight Sport,False,,False,kaggle_arnabchaki,"Watch Series 8 GPS by Apple is a smartwatch. Price: INR 48,900. Display size: 1.8 inches. Battery life: 1 days (estimate based on similar watches from this brand). Touchscreen: yes. Bluetooth: yes. Strap material: Silicon. Customer rating: 4.3/5 from 158 ratings.",dataset,imputed_brand_median,1.8
115,Apple,Watch Series 8 GPS + Cellular,smartwatch,55900.0,,0.0,4.5,132.0,,1.6,1.0,True,True,Silicon,Rectangle,Starlight Sport,False,,False,kaggle_arnabchaki,"Watch Series 8 GPS + Cellular by Apple is a smartwatch. Price: INR 55,900. Display size: 1.6 inches. Battery life: 1 days (estimate based on similar watches from this brand). Touchscreen: yes. Bluetooth: yes. Strap material: Silicon. Customer rating: 4.5/5 from 132 ratings.",dataset,imputed_brand_median,1.6
116,Apple,"Watch Series7 (GPS + Cellular, 41mm)Blue Aluminium Case-Abyss Blue Sport Band",smartwatch,49666.0,50900.0,2.4,4.5,1519.0,,1.6,1.0,True,True,Aluminium,Rectangle,Blue,False,,False,kaggle_arnabchaki,"Watch Series7 (GPS + Cellular, 41mm)Blue Aluminium Case-Abyss Blue Sport Band by Apple is a smartwatch. Price: INR 49,666 (MRP INR 50,900, 2.4% off). Display size: 1.6 inches. Battery life: 1 days (estimate based on similar watches from this brand). Touchscreen: yes. Bluetooth: yes. Strap material: Aluminium. Customer rating: 4.5/5 from 1,519 ratings.",dataset,imputed_brand_median,1.6
117,Apple,"Watch Series7 (GPS + Cellular, 45mm)Blue Aluminium Case-Abyss Blue Sport Band",smartwatch,53900.0,,0.0,4.5,1519.0,,1.8,1.0,True,True,Aluminium,Rectangle,Blue,False,,False,kaggle_arnabchaki,"Watch Series7 (GPS + Cellular, 45mm)Blue Aluminium Case-Abyss Blue Sport Band by Apple is a smartwatch. Price: INR 53,900. Display size: 1.8 inches. Battery life: 1 days (estimate based on similar watches from this brand). Touchscreen: yes. Bluetooth: yes. Strap material: Aluminium. Customer rating: 4.5/5 from 1,519 ratings.",dataset,imputed_brand_median,1.8
118,Apple,Watch Series7 (GPS+Cellular-45mm)Green Aluminium Case-Clover Sport Band,smartwatch,53900.0,,0.0,4.5,1519.0,,1.8,1.0,True,True,Aluminium,Rectangle,Green,False,,False,kaggle_arnabchaki,"Watch Series7 (GPS+Cellular-45mm)Green Aluminium Case-Clover Sport Band by Apple is a smartwatch. Price: INR 53,900. Display size: 1.8 inches. Battery life: 1 days (estimate based on similar watches from this brand). Touchscreen: yes. Bluetooth: yes. Strap material: Aluminium. Customer rating: 4.5/5 from 1,519 ratings.",dataset,imputed_brand_median,1.8
119,Apple,"Watch Series7 (GPS, 41mm) - Blue Aluminium Case with Abyss Blue Sport Band",smartwatch,41900.0,,0.0,4.6,2847.0,,1.6,1.0,True,True,Aluminium,Rectangle,Blue,False,,False,kaggle_arnabchaki,"Watch Series7 (GPS, 41mm) - Blue Aluminium Case with Abyss Blue Sport Band by Apple is a smartwatch. Price: INR 41,900. Display size: 1.6 inches. Battery life: 1 days (estimate based on similar watches from this brand). Touchscreen: yes. Bluetooth: yes. Strap material: Aluminium. Customer rating: 4.6/5 from 2,847 ratings.",dataset,imputed_brand_median,1.6
120,Apple,"Watch Series7 (GPS, 41mm) - Green Aluminium Case with Clover Sport Band",smartwatch,41900.0,,0.0,4.6,2847.0,,1.6,1.0,True,True,Aluminium,Rectangle,Green,False,,False,kaggle_arnabchaki,"Watch Series7 (GPS, 41mm) - Green Aluminium Case with Clover Sport Band by Apple is a smartwatch. Price: INR 41,900. Display size: 1.6 inches. Battery life: 1 days (estimate based on similar watches from this brand). Touchscreen: yes. Bluetooth: yes. Strap material: Aluminium. Customer rating: 4.6/5 from 2,847 ratings.",dataset,imputed_brand_median,1.6
121,Apple,"Watch Series7 (GPS, 41mm) - Midnight Aluminium Case with Midnight Sport Band",smartwatch,41900.0,,0.0,4.6,2847.0,,1.6,1.0,True,True,Aluminium,Rectangle,Black,False,,False,kaggle_arnabchaki,"Watch Series7 (GPS, 41mm) - Midnight Aluminium Case with Midnight Sport Band by Apple is a smartwatch. Price: INR 41,900. Display size: 1.6 inches. Battery life: 1 days (estimate based on similar watches from this brand). Touchscreen: yes. Bluetooth: yes. Strap material: Aluminium. Customer rating: 4.6/5 from 2,847 ratings.",dataset,imputed_brand_median,1.6
122,Apple,"Watch Series7 (GPS, 41mm) - Starlight Aluminium Case with Starlight Sport Band",smartwatch,41900.0,,0.0,4.6,2847.0,,1.6,1.0,True,True,Aluminium,Rectangle,White,False,,False,kaggle_arnabchaki,"Watch Series7 (GPS, 41mm) - Starlight Aluminium Case with Starlight Sport Band by Apple is a smartwatch. Price: INR 41,900. Display size: 1.6 inches. Battery life: 1 days (estimate based on similar watches from this brand). Touchscreen: yes. Bluetooth: yes. Strap material: Aluminium. Customer rating: 4.6/5 from 2,847 ratings.",dataset,imputed_brand_median,1.6
123,Apple,"Watch Series7 (GPS, 45mm) - Blue Aluminium Case with Abyss Blue Sport Band",smartwatch,44900.0,,0.0,4.6,2847.0,,1.8,1.0,True,True,Aluminium,Rectangle,Blue,False,,False,kaggle_arnabchaki,"Watch Series7 (GPS, 45mm) - Blue Aluminium Case with Abyss Blue Sport Band by Apple is a smartwatch. Price: INR 44,900. Display size: 1.8 inches. Battery life: 1 days (estimate based on similar watches from this brand). Touchscreen: yes. Bluetooth: yes. Strap material: Aluminium. Customer rating: 4.6/5 from 2,847 ratings.",dataset,imputed_brand_median,1.8
124,Apple,"Watch Series7 (GPS, 45mm) - Green Aluminium Case with Clover Sport Band",smartwatch,44730.0,44900.0,0.4,4.6,2847.0,,1.8,1.0,True,True,Aluminium,Rectangle,Green,False,,False,kaggle_arnabchaki,"Watch Series7 (GPS, 45mm) - Green Aluminium Case with Clover Sport Band by Apple is a smartwatch. Price: INR 44,730 (MRP INR 44,900, 0.4% off). Display size: 1.8 inches. Battery life: 1 days (estimate based on similar watches from this brand). Touchscreen: yes. Bluetooth: yes. Strap material: Aluminium. Customer rating: 4.6/5 from 2,847 ratings.",dataset,imputed_brand_median,1.8
125,Apple,Watch Series7 (GPS-45mm) (PRODUCT)RED Aluminium Case-(PRODUCT)RED Sport Band,smartwatch,44900.0,,0.0,4.6,2847.0,,1.8,1.0,True,True,Aluminium,Rectangle,Red,False,,False,kaggle_arnabchaki,"Watch Series7 (GPS-45mm) (PRODUCT)RED Aluminium Case-(PRODUCT)RED Sport Band by Apple is a smartwatch. Price: INR 44,900. Display size: 1.8 inches. Battery life: 1 days (estimate based on similar watches from this brand). Touchscreen: yes. Bluetooth: yes. Strap material: Aluminium. Customer rating: 4.6/5 from 2,847 ratings.",dataset,imputed_brand_median,1.8
126,Apple,"Watch Series7(GPS+Cellular, 41mm)-Gold Stainless Steel Case-Gold Milanese Loop",smartwatch,73900.0,,0.0,4.5,1519.0,,1.6,1.0,True,True,Stainless Steel,Rectangle,Gold,False,,False,kaggle_arnabchaki,"Watch Series7(GPS+Cellular, 41mm)-Gold Stainless Steel Case-Gold Milanese Loop by Apple is a smartwatch. Price: INR 73,900. Display size: 1.6 inches. Battery life: 1 days (estimate based on similar watches from this brand). Touchscreen: yes. Bluetooth: yes. Strap material: Stainless Steel. Customer rating: 4.5/5 from 1,519 ratings.",dataset,imputed_brand_median,1.6
127,Apple,Watch Ultra GPS + Cellular,smartwatch,89900.0,,0.0,4.7,51.0,,1.9,1.0,True,True,Fabric,Rectangle,Orange Alpine,False,,False,kaggle_arnabchaki,"Watch Ultra GPS + Cellular by Apple is a smartwatch. Price: INR 89,900. Display size: 1.9 inches. Battery life: 1 days (estimate based on similar watches from this brand). Touchscreen: yes. Bluetooth: yes. Strap material: Fabric. Customer rating: 4.7/5 from 51 ratings.",dataset,imputed_brand_median,1.9
128,Apple,series 2 - 38 mm Stainless Steel Case,smartwatch,64900.0,64900.0,0.0,4.6,,OLED Retina Display,,1.0,,,Stainless Steel,,,True,,False,kaggle_devsubhash,"series 2 - 38 mm Stainless Steel Case by Apple is a smartwatch. Price: INR 64,900. Display size: not listed. Display type: OLED Retina Display. Battery life: 1 days. Strap material: Stainless Steel. Customer rating: 4.6/5.",missing,dataset,
129,Crossbeats,Ace,smartwatch,2999.0,9999.0,70.0,3.9,,IPS Display,1.8,15.0,,,Silicone,,,False,,False,kaggle_devsubhash,"Ace by Crossbeats is a smartwatch. Price: INR 2,999 (MRP INR 9,999, 70% off). Display size: 1.8 inches (estimate based on similar watches from this brand). Display type: IPS Display. Battery life: 15 days. Strap material: Silicone. Customer rating: 3.9/5.",imputed_brand_median,dataset,1.8
130,Crossbeats,Grit,smartwatch,2999.0,9999.0,70.0,4.3,674.0,,1.8,10.0,True,True,,,,False,,False,kaggle_arnabchaki,"Grit by Crossbeats is a smartwatch. Price: INR 2,999 (MRP INR 9,999, 70% off). Display size: 1.8 inches. Battery life: 10 days (estimate based on similar watches from this brand). Touchscreen: yes. Bluetooth: yes. Customer rating: 4.3/5 from 674 ratings.",dataset,imputed_brand_median,1.8
131,Crossbeats,Ignite,smartwatch,2799.0,7999.0,65.0,3.9,,IPS Display,1.8,10.0,,,Silicone,,,False,,False,kaggle_devsubhash,"Ignite by Crossbeats is a smartwatch. Price: INR 2,799 (MRP INR 7,999, 65% off). Display size: 1.8 inches (estimate based on similar watches from this brand). Display type: IPS Display. Battery life: 10 days. Strap material: Silicone. Customer rating: 3.9/5.",imputed_brand_median,dataset,1.8
132,Crossbeats,Ignite Pro,smartwatch,2999.0,9999.0,70.0,4.2,,IPS Display,1.8,7.0,,,Silicone,,,False,,False,kaggle_devsubhash,"Ignite Pro by Crossbeats is a smartwatch. Price: INR 2,999 (MRP INR 9,999, 70% off). Display size: 1.8 inches (estimate based on similar watches from this brand). Display type: IPS Display. Battery life: 7 days. Strap material: Silicone. Customer rating: 4.2/5.",imputed_brand_median,dataset,1.8
133,Crossbeats,Ignite S3,smartwatch,3999.0,9999.0,60.0,3.9,,IPS Display,1.8,7.0,,,Silicone,,,False,,False,kaggle_devsubhash,"Ignite S3 by Crossbeats is a smartwatch. Price: INR 3,999 (MRP INR 9,999, 60% off). Display size: 1.8 inches (estimate based on similar watches from this brand). Display type: IPS Display. Battery life: 7 days. Strap material: Silicone. Customer rating: 3.9/5.",imputed_brand_median,dataset,1.8
134,Crossbeats,Infinti 2.0,smartwatch,5999.0,14999.0,60.0,4.3,996.0,,1.4,10.0,True,True,,,,False,,False,kaggle_arnabchaki,"Infinti 2.0 by Crossbeats is a smartwatch. Price: INR 5,999 (MRP INR 14,999, 60% off). Display size: 1.4 inches. Battery life: 10 days (estimate based on similar watches from this brand). Touchscreen: yes. Bluetooth: yes. Customer rating: 4.3/5 from 996 ratings.",dataset,imputed_brand_median,1.4
135,Crossbeats,Orbit,smartwatch,3799.0,9999.0,62.0,3.7,,IPS Display,1.8,10.0,,,Silicone,,,False,,False,kaggle_devsubhash,"Orbit by Crossbeats is a smartwatch. Price: INR 3,799 (MRP INR 9,999, 62% off). Display size: 1.8 inches (estimate based on similar watches from this brand). Display type: IPS Display. Battery life: 10 days. Strap material: Silicone. Customer rating: 3.7/5.",imputed_brand_median,dataset,1.8
136,Crossbeats,Orbit - Special Edition,smartwatch,4190.0,9999.0,58.1,3.9,,IPS Display,1.8,10.0,,,Leather,,,False,,False,kaggle_devsubhash,"Orbit - Special Edition by Crossbeats is a smartwatch. Price: INR 4,190 (MRP INR 9,999, 58.1% off). Display size: 1.8 inches (estimate based on similar watches from this brand). Display type: IPS Display. Battery life: 10 days. Strap material: Leather. Customer rating: 3.9/5.",imputed_brand_median,dataset,1.8
137,Crossbeats,Orbit Sport,smartwatch,3799.0,9999.0,62.0,4.1,,IPS Display,1.8,10.0,,,Silicone,,,False,,False,kaggle_devsubhash,"Orbit Sport by Crossbeats is a smartwatch. Price: INR 3,799 (MRP INR 9,999, 62% off). Display size: 1.8 inches (estimate based on similar watches from this brand). Display type: IPS Display. Battery life: 10 days. Strap material: Silicone. Customer rating: 4.1/5.",imputed_brand_median,dataset,1.8
138,Crossbeats,S4 Max,smartwatch,3999.0,7999.0,50.0,3.9,3856.0,,1.9,10.0,True,True,,,,False,,False,kaggle_arnabchaki,"S4 Max by Crossbeats is a smartwatch. Price: INR 3,999 (MRP INR 7,999, 50% off). Display size: 1.9 inches. Battery life: 10 days (estimate based on similar watches from this brand). Touchscreen: yes. Bluetooth: yes. Customer rating: 3.9/5 from 3,856 ratings.",dataset,imputed_brand_median,1.9
139,Crossbeats,Trak,smartwatch,3999.0,9999.0,60.0,3.8,,IPS Display,1.8,15.0,,,Silicone,,,False,,False,kaggle_devsubhash,"Trak by Crossbeats is a smartwatch. Price: INR 3,999 (MRP INR 9,999, 60% off). Display size: 1.8 inches (estimate based on similar watches from this brand). Display type: IPS Display. Battery life: 15 days. Strap material: Silicone. Customer rating: 3.8/5.",imputed_brand_median,dataset,1.8
140,Dizo,D TALK SMART WATCH (SILVER GREY),smartwatch,3999.0,5999.0,33.3,4.2,42860.0,,1.8,10.0,True,True,Silicon,Rectangle,Grey,False,,False,kaggle_arnabchaki,"D TALK SMART WATCH (SILVER GREY) by Dizo is a smartwatch. Price: INR 3,999 (MRP INR 5,999, 33.3% off). Display size: 1.8 inches. Battery life: 10 days (estimate based on similar watches from this brand). Touchscreen: yes. Bluetooth: yes. Strap material: Silicon. Customer rating: 4.2/5 from 42,860 ratings.",dataset,imputed_brand_median,1.8
141,Dizo,"D Talk DW 32051 Smart Watch with Up to 7 Day Battery Life, Classic Black",smartwatch,3999.0,5999.0,33.3,4.2,42860.0,,1.8,7.0,True,True,Silicon,Rectangle,Black,False,,False,kaggle_arnabchaki,"D Talk DW 32051 Smart Watch with Up to 7 Day Battery Life, Classic Black by Dizo is a smartwatch. Price: INR 3,999 (MRP INR 5,999, 33.3% off). Display size: 1.8 inches. Battery life: 7 days (from the product title). Touchscreen: yes. Bluetooth: yes. Strap material: Silicon. Customer rating: 4.2/5 from 42,860 ratings.",dataset,extracted_from_title,1.8
142,Dizo,R TALK SMARTWATCH Amoled Display with Calling10 Days Battery(SilverGrey)FreeSize,smartwatch,5999.0,6999.0,14.3,4.2,13.0,,1.3,10.0,True,True,Silicon,Circle,Grey,False,,False,kaggle_arnabchaki,"R TALK SMARTWATCH Amoled Display with Calling10 Days Battery(SilverGrey)FreeSize by Dizo is a smartwatch. Price: INR 5,999 (MRP INR 6,999, 14.3% off). Display size: 1.3 inches. Battery life: 10 days (from the product title). Touchscreen: yes. Bluetooth: yes. Strap material: Silicon. Customer rating: 4.2/5 from 13 ratings.",dataset,extracted_from_title,1.3
143,Dizo,"R Talk, Amoled Display with Calling & 10 days battery",smartwatch,5999.0,6999.0,14.3,4.2,13.0,,1.3,10.0,True,True,Silicon,Circle,Black,False,,False,kaggle_arnabchaki,"R Talk, Amoled Display with Calling & 10 days battery by Dizo is a smartwatch. Price: INR 5,999 (MRP INR 6,999, 14.3% off). Display size: 1.3 inches. Battery life: 10 days (from the product title). Touchscreen: yes. Bluetooth: yes. Strap material: Silicon. Customer rating: 4.2/5 from 13 ratings.",dataset,extracted_from_title,1.3
144,Dizo,"WATCH D PRO WITH CALLING,D1 CHIPSET,OS,1.85 INCH DISPLAY",smartwatch,2699.0,5999.0,55.0,3.3,222.0,,1.9,10.0,True,True,Silicon,Square,Grey,False,,False,kaggle_arnabchaki,"WATCH D PRO WITH CALLING,D1 CHIPSET,OS,1.85 INCH DISPLAY by Dizo is a smartwatch. Price: INR 2,699 (MRP INR 5,999, 55% off). Display size: 1.9 inches. Battery life: 10 days (estimate based on similar watches from this brand). Touchscreen: yes. Bluetooth: yes. Strap material: Silicon. Customer rating: 3.3/5 from 222 ratings.",dataset,imputed_brand_median,1.9
145,Dizo,WATCH D ULTRA 1.78 AMOLED WITH CALLING,smartwatch,3299.0,6999.0,52.9,3.9,345.0,,1.8,10.0,True,True,Silicon,Square,Blue,False,,False,kaggle_arnabchaki,"WATCH D ULTRA 1.78 AMOLED WITH CALLING by Dizo is a smartwatch. Price: INR 3,299 (MRP INR 6,999, 52.9% off). Display size: 1.8 inches. Battery life: 10 days (estimate based on similar watches from this brand). Touchscreen: yes. Bluetooth: yes. Strap material: Silicon. Customer rating: 3.9/5 from 345 ratings.",dataset,imputed_brand_median,1.8
146,Dizo,Watch 2,smartwatch,1699.0,3999.0,57.5,4.2,110067.0,,1.7,10.0,True,True,Silicon,Rectangle,Pink,False,,False,kaggle_arnabchaki,"Watch 2 by Dizo is a smartwatch. Price: INR 1,699 (MRP INR 3,999, 57.5% off). Display size: 1.7 inches. Battery life: 10 days (estimate based on similar watches from this brand). Touchscreen: yes. Bluetooth: yes. Strap material: Silicon. Customer rating: 4.2/5 from 110,067 ratings.",dataset,imputed_brand_median,1.7
147,Dizo,Watch 2 Sports i,smartwatch,2499.0,3999.0,37.5,3.6,70.0,,1.7,10.0,True,True,Plastic,Square,Black,False,,False,kaggle_arnabchaki,"Watch 2 Sports i by Dizo is a smartwatch. Price: INR 2,499 (MRP INR 3,999, 37.5% off). Display size: 1.7 inches. Battery life: 10 days (estimate based on similar watches from this brand). Touchscreen: yes. Bluetooth: yes. Strap material: Plastic. Customer rating: 3.6/5 from 70 ratings.",dataset,imputed_brand_median,1.7
148,Dizo,"Watch 2 sports (by realme techlife) 1.69"" Bright screen with 110+ sports modes",smartwatch,1199.0,3499.0,65.7,4.2,62964.0,,1.7,10.0,True,True,Silicon,Square,Blue,False,,False,kaggle_arnabchaki,"Watch 2 sports (by realme techlife) 1.69"" Bright screen with 110+ sports modes by Dizo is a smartwatch. Price: INR 1,199 (MRP INR 3,499, 65.7% off). Display size: 1.7 inches. Battery life: 10 days (estimate based on similar watches from this brand). Touchscreen: yes. Bluetooth: yes. Strap material: Silicon. Customer rating: 4.2/5 from 62,964 ratings.",dataset,imputed_brand_median,1.7
149,Dizo,Watch D 1.8 inch Dynamic display with 550nits brightness,smartwatch,1799.0,4999.0,64.0,4.2,34953.0,,1.8,10.0,True,True,Silicon,Rectangle,Black,False,,False,kaggle_arnabchaki,"Watch D 1.8 inch Dynamic display with 550nits brightness by Dizo is a smartwatch. Price: INR 1,799 (MRP INR 4,999, 64% off). Display size: 1.8 inches. Battery life: 10 days (estimate based on similar watches from this brand). Touchscreen: yes. Bluetooth: yes. Strap material: Silicon. Customer rating: 4.2/5 from 34,953 ratings.",dataset,imputed_brand_median,1.8
150,Dizo,"Watch D Plus with 1.85inch,550nits display&14 day battery",smartwatch,1999.0,4999.0,60.0,4.1,717.0,,1.9,14.0,True,True,Silicon,Rectangle,Blue,False,,False,kaggle_arnabchaki,"Watch D Plus with 1.85inch,550nits display&14 day battery by Dizo is a smartwatch. Price: INR 1,999 (MRP INR 4,999, 60% off). Display size: 1.9 inches. Battery life: 14 days (from the product title). Touchscreen: yes. Bluetooth: yes. Strap material: Silicon. Customer rating: 4.1/5 from 717 ratings.",dataset,extracted_from_title,1.9
151,Dizo,"Watch D Sharp 1.75"" with High Res (320*390) Display (By realme techLife)",smartwatch,1299.0,5499.0,76.4,4.0,1598.0,,1.8,10.0,True,True,Silicon,Rectangle,Grey,False,,False,kaggle_arnabchaki,"Watch D Sharp 1.75"" with High Res (320*390) Display (By realme techLife) by Dizo is a smartwatch. Price: INR 1,299 (MRP INR 5,499, 76.4% off). Display size: 1.8 inches. Battery life: 10 days (estimate based on similar watches from this brand). Touchscreen: yes. Bluetooth: yes. Strap material: Silicon. Customer rating: 4.0/5 from 1,598 ratings.",dataset,imputed_brand_median,1.8
152,Dizo,Watch D Talk 1.8 display with calling&7 day battery (by realme Techlife),smartwatch,3499.0,5999.0,41.7,4.2,1785.0,,1.8,7.0,True,True,Silicon,Rectangle,Grey,False,,False,kaggle_arnabchaki,"Watch D Talk 1.8 display with calling&7 day battery (by realme Techlife) by Dizo is a smartwatch. Price: INR 3,499 (MRP INR 5,999, 41.7% off). Display size: 1.8 inches. Battery life: 7 days (from the product title). Touchscreen: yes. Bluetooth: yes. Strap material: Silicon. Customer rating: 4.2/5 from 1,785 ratings.",dataset,extracted_from_title,1.8
153,Dizo,"Watch D2 with 1.91 inch super big display ,BT Calling (by realme TechLife)",smartwatch,1999.0,5999.0,66.7,4.1,561.0,,1.9,10.0,True,True,Silicon,Rectangle,Black,False,,False,kaggle_arnabchaki,"Watch D2 with 1.91 inch super big display ,BT Calling (by realme TechLife) by Dizo is a smartwatch. Price: INR 1,999 (MRP INR 5,999, 66.7% off). Display size: 1.9 inches. Battery life: 10 days (estimate based on similar watches from this brand). Touchscreen: yes. Bluetooth: yes. Strap material: Silicon. Customer rating: 4.1/5 from 561 ratings.",dataset,imputed_brand_median,1.9
154,Dizo,Watch Pro,smartwatch,2799.0,3999.0,30.0,4.1,7586.0,,1.8,10.0,True,True,Silicon,Square,Black,False,,False,kaggle_arnabchaki,"Watch Pro by Dizo is a smartwatch. Price: INR 2,799 (MRP INR 3,999, 30% off). Display size: 1.8 inches. Battery life: 10 days (estimate based on similar watches from this brand). Touchscreen: yes. Bluetooth: yes. Strap material: Silicon. Customer rating: 4.1/5 from 7,586 ratings.",dataset,imputed_brand_median,1.8
155,Dizo,Watch R AMOLED with 45 mm Dial Size (by realme techLife),smartwatch,3299.0,5999.0,45.0,4.0,28926.0,,1.3,10.0,True,True,Silicon,Circle,Black,False,,False,kaggle_arnabchaki,"Watch R AMOLED with 45 mm Dial Size (by realme techLife) by Dizo is a smartwatch. Price: INR 3,299 (MRP INR 5,999, 45% off). Display size: 1.3 inches. Battery life: 10 days (estimate based on similar watches from this brand). Touchscreen: yes. Bluetooth: yes. Strap material: Silicon. Customer rating: 4.0/5 from 28,926 ratings.",dataset,imputed_brand_median,1.3
156,Dizo,"Watch R Talk Go, 1.39 inch, 550nits display, 10 day battery (by realme TechLife)",smartwatch,3999.0,6999.0,42.9,4.1,663.0,,1.4,10.0,True,True,Silicon,Circle,Blue,False,,False,kaggle_arnabchaki,"Watch R Talk Go, 1.39 inch, 550nits display, 10 day battery (by realme TechLife) by Dizo is a smartwatch. Price: INR 3,999 (MRP INR 6,999, 42.9% off). Display size: 1.4 inches. Battery life: 10 days (from the product title). Touchscreen: yes. Bluetooth: yes. Strap material: Silicon. Customer rating: 4.1/5 from 663 ratings.",dataset,extracted_from_title,1.4
157,Dizo,"Watch R Talk, Amoled Display with Calling & 10 days battery",smartwatch,4499.0,6999.0,35.7,4.2,6385.0,,1.3,10.0,True,True,Silicon,Circle,Grey,False,,False,kaggle_arnabchaki,"Watch R Talk, Amoled Display with Calling & 10 days battery by Dizo is a smartwatch. Price: INR 4,499 (MRP INR 6,999, 35.7% off). Display size: 1.3 inches. Battery life: 10 days (from the product title). Touchscreen: yes. Bluetooth: yes. Strap material: Silicon. Customer rating: 4.2/5 from 6,385 ratings.",dataset,extracted_from_title,1.3
158,Dizo,Watch S 1.57 Bright touch screen with rectangular display and 110+ sports modes,smartwatch,1999.0,3999.0,50.0,3.9,3492.0,,1.6,10.0,True,True,Silicon,Rectangle,Pink,False,,False,kaggle_arnabchaki,"Watch S 1.57 Bright touch screen with rectangular display and 110+ sports modes by Dizo is a smartwatch. Price: INR 1,999 (MRP INR 3,999, 50% off). Display size: 1.6 inches. Battery life: 10 days (estimate based on similar watches from this brand). Touchscreen: yes. Bluetooth: yes. Strap material: Silicon. Customer rating: 3.9/5 from 3,492 ratings.",dataset,imputed_brand_median,1.6
159,Dizo,Watch 2,smartwatch,2699.0,3999.0,32.5,4.3,,LCD Display,1.8,10.0,,,Silicone,,,False,,False,kaggle_devsubhash,"Watch 2 by Dizo is a smartwatch. Price: INR 2,699 (MRP INR 3,999, 32.5% off). Display size: 1.8 inches (estimate based on similar watches from this brand). Display type: LCD Display. Battery life: 10 days. Strap material: Silicone. Customer rating: 4.3/5.",imputed_brand_median,dataset,1.8
160,Dizo,Watch Pro,smartwatch,3799.0,5999.0,36.7,4.2,,LCD Display,1.8,14.0,,,Silicone,,,False,,False,kaggle_devsubhash,"Watch Pro by Dizo is a smartwatch. Price: INR 3,799 (MRP INR 5,999, 36.7% off). Display size: 1.8 inches (estimate based on similar watches from this brand). Display type: LCD Display. Battery life: 14 days. Strap material: Silicone. Customer rating: 4.2/5.",imputed_brand_median,dataset,1.8
161,Fastrack,Reflex 2.0,smartwatch,1395.0,1995.0,30.1,4.1,,TFT-LCD Display,,10.0,,,Silicone,,,False,,False,kaggle_devsubhash,"Reflex 2.0 by Fastrack is a smartwatch. Price: INR 1,395 (MRP INR 1,995, 30.1% off). Display size: not listed. Display type: TFT-LCD Display. Battery life: 10 days. Strap material: Silicone. Customer rating: 4.1/5.",missing,dataset,
162,Fastrack,Reflex 3.0,smartwatch,2200.0,2995.0,26.5,4.1,,TFT-LCD Display,,4.0,,,Silicone,,,False,,False,kaggle_devsubhash,"Reflex 3.0 by Fastrack is a smartwatch. Price: INR 2,200 (MRP INR 2,995, 26.5% off). Display size: not listed. Display type: TFT-LCD Display. Battery life: 4 days. Strap material: Silicone. Customer rating: 4.1/5.",missing,dataset,
163,Fastrack,Reflex 3.0,smartwatch,2495.0,2995.0,16.7,3.8,,TFT-LCD Display,,7.0,,,Silicone,,,False,,False,kaggle_devsubhash,"Reflex 3.0 by Fastrack is a smartwatch. Price: INR 2,495 (MRP INR 2,995, 16.7% off). Display size: not listed. Display type: TFT-LCD Display. Battery life: 7 days. Strap material: Silicone. Customer rating: 3.8/5.",missing,dataset,
164,Fastrack,Reflex Beat,smartwatch,1645.0,2195.0,25.1,4.0,,TFT-LCD Display,,4.0,,,Silicone,,,False,,False,kaggle_devsubhash,"Reflex Beat by Fastrack is a smartwatch. Price: INR 1,645 (MRP INR 2,195, 25.1% off). Display size: not listed. Display type: TFT-LCD Display. Battery life: 4 days. Strap material: Silicone. Customer rating: 4.0/5.",missing,dataset,
165,Fire-Boltt,AI-BT Calling,smartwatch,4499.0,9999.0,55.0,3.7,,HD Display,,10.0,,,Silicone,,,False,,False,kaggle_devsubhash,"AI-BT Calling by Fire-Boltt is a smartwatch. Price: INR 4,499 (MRP INR 9,999, 55% off). Display size: not listed. Display type: HD Display. Battery life: 10 days. Strap material: Silicone. Customer rating: 3.7/5.",missing,dataset,
166,Fire-Boltt,Almighty,smartwatch,4999.0,14999.0,66.7,4.1,,AMOLED Display,,10.0,,,Silicone,,,False,,False,kaggle_devsubhash,"Almighty by Fire-Boltt is a smartwatch. Price: INR 4,999 (MRP INR 14,999, 66.7% off). Display size: not listed. Display type: AMOLED Display. Battery life: 10 days. Strap material: Silicone. Customer rating: 4.1/5.",missing,dataset,
167,Fire-Boltt,BSW003,smartwatch,1899.0,8999.0,78.9,4.0,15543.0,,1.3,,True,True,Silicon,,,False,,False,kaggle_arnabchaki,"BSW003 by Fire-Boltt is a smartwatch. Price: INR 1,899 (MRP INR 8,999, 78.9% off). Display size: 1.3 inches. Battery life: not listed. Touchscreen: yes. Bluetooth: yes. Strap material: Silicon. Customer rating: 4.0/5 from 15,543 ratings.",dataset,missing,1.3
168,Fire-Boltt,BSW004,smartwatch,4800.0,9999.0,52.0,,,LCD Display,,7.0,,,Silicone,,,False,,False,kaggle_devsubhash,"BSW004 by Fire-Boltt is a smartwatch. Price: INR 4,800 (MRP INR 9,999, 52% off). Display size: not listed. Display type: LCD Display. Battery life: 7 days. Strap material: Silicone.",missing,dataset,
169,Fire-Boltt,BSW005,smartwatch,3499.0,11999.0,70.8,4.1,44170.0,,1.9,,True,True,Silicon,,,False,,False,kaggle_arnabchaki,"BSW005 by Fire-Boltt is a smartwatch. Price: INR 3,499 (MRP INR 11,999, 70.8% off). Display size: 1.9 inches. Battery life: not listed. Touchscreen: yes. Bluetooth: yes. Strap material: Silicon. Customer rating: 4.1/5 from 44,170 ratings.",dataset,missing,1.9
170,Fire-Boltt,BSW019,smartwatch,6499.0,12999.0,50.0,2.5,,,1.3,,True,True,Silicon,Circle,Black,False,,False,kaggle_arnabchaki,"BSW019 by Fire-Boltt is a smartwatch. Price: INR 6,499 (MRP INR 12,999, 50% off). Display size: 1.3 inches. Battery life: not listed. Touchscreen: yes. Bluetooth: yes. Strap material: Silicon. Customer rating: 2.5/5.",dataset,missing,1.3
171,Fire-Boltt,BSW024,smartwatch,1999.0,7999.0,75.0,4.1,33012.0,,1.7,,True,True,Silicon,,,False,,False,kaggle_arnabchaki,"BSW024 by Fire-Boltt is a smartwatch. Price: INR 1,999 (MRP INR 7,999, 75% off). Display size: 1.7 inches. Battery life: not listed. Touchscreen: yes. Bluetooth: yes. Strap material: Silicon. Customer rating: 4.1/5 from 33,012 ratings.",dataset,missing,1.7
172,Fire-Boltt,BSW024,smartwatch,1794.0,7999.0,77.6,4.1,33012.0,,1.7,,True,True,Silicon,,,False,,False,kaggle_arnabchaki,"BSW024 by Fire-Boltt is a smartwatch. Price: INR 1,794 (MRP INR 7,999, 77.6% off). Display size: 1.7 inches. Battery life: not listed. Touchscreen: yes. Bluetooth: yes. Strap material: Silicon. Customer rating: 4.1/5 from 33,012 ratings.",dataset,missing,1.7
173,Fire-Boltt,BSW030,smartwatch,1299.0,7999.0,83.8,4.2,25784.0,,1.7,,True,True,Silicon,,,False,,False,kaggle_arnabchaki,"BSW030 by Fire-Boltt is a smartwatch. Price: INR 1,299 (MRP INR 7,999, 83.8% off). Display size: 1.7 inches. Battery life: not listed. Touchscreen: yes. Bluetooth: yes. Strap material: Silicon. Customer rating: 4.2/5 from 25,784 ratings.",dataset,missing,1.7
174,Fire-Boltt,BSW037,smartwatch,1399.0,11999.0,88.3,4.1,1519.0,,1.8,,True,True,Silicon,,,False,,False,kaggle_arnabchaki,"BSW037 by Fire-Boltt is a smartwatch. Price: INR 1,399 (MRP INR 11,999, 88.3% off). Display size: 1.8 inches. Battery life: not listed. Touchscreen: yes. Bluetooth: yes. Strap material: Silicon. Customer rating: 4.1/5 from 1,519 ratings.",dataset,missing,1.8
175,Fire-Boltt,BSW042,smartwatch,1799.0,9999.0,82.0,4.2,33415.0,,1.3,,True,True,Silicon,,,False,,False,kaggle_arnabchaki,"BSW042 by Fire-Boltt is a smartwatch. Price: INR 1,799 (MRP INR 9,999, 82% off). Display size: 1.3 inches. Battery life: not listed. Touchscreen: yes. Bluetooth: yes. Strap material: Silicon. Customer rating: 4.2/5 from 33,415 ratings.",dataset,missing,1.3
176,Fire-Boltt,BSW043,smartwatch,2499.0,9999.0,75.0,4.2,23302.0,,1.8,,True,True,Silicon,,,False,,False,kaggle_arnabchaki,"BSW043 by Fire-Boltt is a smartwatch. Price: INR 2,499 (MRP INR 9,999, 75% off). Display size: 1.8 inches. Battery life: not listed. Touchscreen: yes. Bluetooth: yes. Strap material: Silicon. Customer rating: 4.2/5 from 23,302 ratings.",dataset,missing,1.8
177,Fire-Boltt,BSW046,smartwatch,3799.0,16999.0,77.7,4.3,20788.0,,1.8,,True,True,Silicon,,,False,,False,kaggle_arnabchaki,"BSW046 by Fire-Boltt is a smartwatch. Price: INR 3,799 (MRP INR 16,999, 77.7% off). Display size: 1.8 inches. Battery life: not listed. Touchscreen: yes. Bluetooth: yes. Strap material: Silicon. Customer rating: 4.3/5 from 20,788 ratings.",dataset,missing,1.8
178,Fire-Boltt,BSW049,smartwatch,1799.0,2199.0,18.2,4.3,39274.0,,1.3,,True,True,Silicon,,,False,,False,kaggle_arnabchaki,"BSW049 by Fire-Boltt is a smartwatch. Price: INR 1,799 (MRP INR 2,199, 18.2% off). Display size: 1.3 inches. Battery life: not listed. Touchscreen: yes. Bluetooth: yes. Strap material: Silicon. Customer rating: 4.3/5 from 39,274 ratings.",dataset,missing,1.3
179,Fire-Boltt,BSW053,smartwatch,1799.0,19999.0,91.0,4.3,13244.0,,1.8,,True,True,Silicon,,,False,,False,kaggle_arnabchaki,"BSW053 by Fire-Boltt is a smartwatch. Price: INR 1,799 (MRP INR 19,999, 91% off). Display size: 1.8 inches. Battery life: not listed. Touchscreen: yes. Bluetooth: yes. Strap material: Silicon. Customer rating: 4.3/5 from 13,244 ratings.",dataset,missing,1.8
180,Fire-Boltt,BSW070,smartwatch,2499.0,11999.0,79.2,4.1,1990.0,,1.9,,True,True,,,,False,,False,kaggle_arnabchaki,"BSW070 by Fire-Boltt is a smartwatch. Price: INR 2,499 (MRP INR 11,999, 79.2% off). Display size: 1.9 inches. Battery life: not listed. Touchscreen: yes. Bluetooth: yes. Customer rating: 4.1/5 from 1,990 ratings.",dataset,missing,1.9
181,Fire-Boltt,BSW072,smartwatch,2499.0,9999.0,75.0,4.1,2571.0,,2.0,,True,True,,,,False,,False,kaggle_arnabchaki,"BSW072 by Fire-Boltt is a smartwatch. Price: INR 2,499 (MRP INR 9,999, 75% off). Display size: 2 inches. Battery life: not listed. Touchscreen: yes. Bluetooth: yes. Customer rating: 4.1/5 from 2,571 ratings.",dataset,missing,2.0
182,Fire-Boltt,BSW073,smartwatch,2499.0,18999.0,86.8,4.2,11.0,,1.9,,True,True,,,,False,,False,kaggle_arnabchaki,"BSW073 by Fire-Boltt is a smartwatch. Price: INR 2,499 (MRP INR 18,999, 86.8% off). Display size: 1.9 inches. Battery life: not listed. Touchscreen: yes. Bluetooth: yes. Customer rating: 4.2/5 from 11 ratings.",dataset,missing,1.9
183,Fire-Boltt,BSW100,smartwatch,1799.0,11999.0,85.0,4.3,39274.0,,1.4,,True,True,,,,False,,False,kaggle_arnabchaki,"BSW100 by Fire-Boltt is a smartwatch. Price: INR 1,799 (MRP INR 11,999, 85% off). Display size: 1.4 inches. Battery life: not listed. Touchscreen: yes. Bluetooth: yes. Customer rating: 4.3/5 from 39,274 ratings.",dataset,missing,1.4
184,Fire-Boltt,DAZZLE PLUS,smartwatch,2399.0,11999.0,80.0,2.5,6022.0,,1.8,,True,True,Silicon,Square,Black,False,,False,kaggle_arnabchaki,"DAZZLE PLUS by Fire-Boltt is a smartwatch. Price: INR 2,399 (MRP INR 11,999, 80% off). Display size: 1.8 inches. Battery life: not listed. Touchscreen: yes. Bluetooth: yes. Strap material: Silicon. Customer rating: 2.5/5 from 6,022 ratings.",dataset,missing,1.8
185,Fire-Boltt,HULK BLUETOOTH CALLING,smartwatch,4599.0,17999.0,74.4,2.5,11.0,,1.8,,True,True,Silicon,Square,Black,False,,False,kaggle_arnabchaki,"HULK BLUETOOTH CALLING by Fire-Boltt is a smartwatch. Price: INR 4,599 (MRP INR 17,999, 74.4% off). Display size: 1.8 inches. Battery life: not listed. Touchscreen: yes. Bluetooth: yes. Strap material: Silicon. Customer rating: 2.5/5 from 11 ratings.",dataset,missing,1.8
186,Fire-Boltt,Max,smartwatch,4499.0,12999.0,65.4,4.0,,AMOLED Display,,10.0,,,Silicone,,,False,,False,kaggle_devsubhash,"Max by Fire-Boltt is a smartwatch. Price: INR 4,499 (MRP INR 12,999, 65.4% off). Display size: not listed. Display type: AMOLED Display. Battery life: 10 days. Strap material: Silicone. Customer rating: 4.0/5.",missing,dataset,
187,Fire-Boltt,Mercury,smartwatch,2999.0,7999.0,62.5,4.0,,HD Display,,8.0,,,Silicone,,,False,,False,kaggle_devsubhash,"Mercury by Fire-Boltt is a smartwatch. Price: INR 2,999 (MRP INR 7,999, 62.5% off). Display size: not listed. Display type: HD Display. Battery life: 8 days. Strap material: Silicone. Customer rating: 4.0/5.",missing,dataset,
188,Fire-Boltt,Mercury,smartwatch,2499.0,7999.0,68.8,4.0,,HD Display,,8.0,,,Silicone,,,False,,False,kaggle_devsubhash,"Mercury by Fire-Boltt is a smartwatch. Price: INR 2,499 (MRP INR 7,999, 68.8% off). Display size: not listed. Display type: HD Display. Battery life: 8 days. Strap material: Silicone. Customer rating: 4.0/5.",missing,dataset,
189,Fire-Boltt,NINJA 2 MAX,smartwatch,2499.0,5999.0,58.3,2.5,,,1.5,,True,True,Silicon,Square,Black,False,,False,kaggle_arnabchaki,"NINJA 2 MAX by Fire-Boltt is a smartwatch. Price: INR 2,499 (MRP INR 5,999, 58.3% off). Display size: 1.5 inches. Battery life: not listed. Touchscreen: yes. Bluetooth: yes. Strap material: Silicon. Customer rating: 2.5/5.",dataset,missing,1.5
190,Fire-Boltt,NINJA PRO,smartwatch,2699.0,4999.0,46.0,2.5,33.0,,1.3,,True,True,Silicon,Square,Black,False,,False,kaggle_arnabchaki,"NINJA PRO by Fire-Boltt is a smartwatch. Price: INR 2,699 (MRP INR 4,999, 46% off). Display size: 1.3 inches. Battery life: not listed. Touchscreen: yes. Bluetooth: yes. Strap material: Silicon. Customer rating: 2.5/5 from 33 ratings.",dataset,missing,1.3
191,Fire-Boltt,NINJA PRO MAX,smartwatch,2299.0,5999.0,61.7,2.5,201.0,,1.6,,True,True,Silicon,Square,Black,False,,False,kaggle_arnabchaki,"NINJA PRO MAX by Fire-Boltt is a smartwatch. Price: INR 2,299 (MRP INR 5,999, 61.7% off). Display size: 1.6 inches. Battery life: not listed. Touchscreen: yes. Bluetooth: yes. Strap material: Silicon. Customer rating: 2.5/5 from 201 ratings.",dataset,missing,1.6
192,Fire-Boltt,Ninja Pro,smartwatch,1999.0,4999.0,60.0,4.0,,HD Display,,10.0,,,Silicone,,,False,,False,kaggle_devsubhash,"Ninja Pro by Fire-Boltt is a smartwatch. Price: INR 1,999 (MRP INR 4,999, 60% off). Display size: not listed. Display type: HD Display. Battery life: 10 days. Strap material: Silicone. Customer rating: 4.0/5.",missing,dataset,
193,Fire-Boltt,Ninja touch to Wake,smartwatch,1899.0,4999.0,62.0,3.9,,HD Display,,5.0,,,Silicone,,,False,,False,kaggle_devsubhash,"Ninja touch to Wake by Fire-Boltt is a smartwatch. Price: INR 1,899 (MRP INR 4,999, 62% off). Display size: not listed. Display type: HD Display. Battery life: 5 days. Strap material: Silicone. Customer rating: 3.9/5.",missing,dataset,
194,Fire-Boltt,RING 2,smartwatch,3299.0,9999.0,67.0,2.5,5.0,,1.7,,True,True,Silicon,Square,Grey,False,,False,kaggle_arnabchaki,"RING 2 by Fire-Boltt is a smartwatch. Price: INR 3,299 (MRP INR 9,999, 67% off). Display size: 1.7 inches. Battery life: not listed. Touchscreen: yes. Bluetooth: yes. Strap material: Silicon. Customer rating: 2.5/5 from 5 ratings.",dataset,missing,1.7
195,Fire-Boltt,RING 3,smartwatch,3927.0,9999.0,60.7,2.5,,,1.8,,True,True,Silicon,Square,Black,False,,False,kaggle_arnabchaki,"RING 3 by Fire-Boltt is a smartwatch. Price: INR 3,927 (MRP INR 9,999, 60.7% off). Display size: 1.8 inches. Battery life: not listed. Touchscreen: yes. Bluetooth: yes. Strap material: Silicon. Customer rating: 2.5/5.",dataset,missing,1.8
196,Fire-Boltt,SpO2 Full Touch,smartwatch,2999.0,5999.0,50.0,4.0,,HD Display,,8.0,,,Silicone,,,False,,False,kaggle_devsubhash,"SpO2 Full Touch by Fire-Boltt is a smartwatch. Price: INR 2,999 (MRP INR 5,999, 50% off). Display size: not listed. Display type: HD Display. Battery life: 8 days. Strap material: Silicone. Customer rating: 4.0/5.",missing,dataset,
197,Fire-Boltt,"SpO2 Full Touch 1.4 inch Smart Watch with Blood Oxygen, Fitness (Black)",smartwatch,1999.0,5999.0,66.7,3.7,,,1.4,,True,True,Rubber,Square,Black,False,,False,kaggle_arnabchaki,"SpO2 Full Touch 1.4 inch Smart Watch with Blood Oxygen, Fitness (Black) by Fire-Boltt is a smartwatch. Price: INR 1,999 (MRP INR 5,999, 66.7% off). Display size: 1.4 inches (from the product title). Battery life: not listed. Touchscreen: yes. Bluetooth: yes. Strap material: Rubber. Customer rating: 3.7/5.",extracted_from_title,missing,1.4
198,Fire-Boltt,Spin,smartwatch,5846.0,5999.0,2.6,2.4,,TFT-LCD Display,,5.0,,,Silicone,,,False,,False,kaggle_devsubhash,"Spin by Fire-Boltt is a smartwatch. Price: INR 5,846 (MRP INR 5,999, 2.6% off). Display size: not listed. Display type: TFT-LCD Display. Battery life: 5 days. Strap material: Silicone. Customer rating: 2.4/5.",missing,dataset,
199,Fire-Boltt,Talk Bluetooth,smartwatch,3499.0,9999.0,65.0,4.1,,HD Display,,10.0,,,Silicone,,,False,,False,kaggle_devsubhash,"Talk Bluetooth by Fire-Boltt is a smartwatch. Price: INR 3,499 (MRP INR 9,999, 65% off). Display size: not listed. Display type: HD Display. Battery life: 10 days. Strap material: Silicone. Customer rating: 4.1/5.",missing,dataset,
200,Fire-Boltt,Ultron,smartwatch,3999.0,10999.0,63.6,4.1,,AMOLED Display,,5.0,,,Silicone,,,False,,False,kaggle_devsubhash,"Ultron by Fire-Boltt is a smartwatch. Price: INR 3,999 (MRP INR 10,999, 63.6% off). Display size: not listed. Display type: AMOLED Display. Battery life: 5 days. Strap material: Silicone. Customer rating: 4.1/5.",missing,dataset,
201,Fire-Boltt,beast pro,smartwatch,3799.0,9999.0,62.0,3.7,,,,,True,True,Rubber,Square,Black,False,,False,kaggle_arnabchaki,"beast pro by Fire-Boltt is a smartwatch. Price: INR 3,799 (MRP INR 9,999, 62% off). Display size: not listed. Battery life: not listed. Touchscreen: yes. Bluetooth: yes. Strap material: Rubber. Customer rating: 3.7/5.",missing,missing,
202,Fire-Boltt,beast pro,smartwatch,3499.0,9999.0,65.0,4.8,4.0,,,,True,True,Rubber,Square,Silver,False,,False,kaggle_arnabchaki,"beast pro by Fire-Boltt is a smartwatch. Price: INR 3,499 (MRP INR 9,999, 65% off). Display size: not listed. Battery life: not listed. Touchscreen: yes. Bluetooth: yes. Strap material: Rubber. Customer rating: 4.8/5 from 4 ratings.",missing,missing,
203,Fire-Boltt,beast pro,smartwatch,3700.0,9999.0,63.0,,,,,,True,True,Silicon,Square,Black,False,,False,kaggle_arnabchaki,"beast pro by Fire-Boltt is a smartwatch. Price: INR 3,700 (MRP INR 9,999, 63% off). Display size: not listed. Battery life: not listed. Touchscreen: yes. Bluetooth: yes. Strap material: Silicon.",missing,missing,
204,Fire-Boltt,bsw001,smartwatch,3599.0,5999.0,40.0,5.0,3.0,,1.4,,True,True,Silicon,Rectangle,Black,False,,False,kaggle_arnabchaki,"bsw001 by Fire-Boltt is a smartwatch. Price: INR 3,599 (MRP INR 5,999, 40% off). Display size: 1.4 inches. Battery life: not listed. Touchscreen: yes. Bluetooth: yes. Strap material: Silicon. Customer rating: 5.0/5 from 3 ratings.",dataset,missing,1.4
205,Fire-Boltt,bsw002,smartwatch,4599.0,7999.0,42.5,2.5,,,1.7,,True,True,Silicon,Square,Black,False,,False,kaggle_arnabchaki,"bsw002 by Fire-Boltt is a smartwatch. Price: INR 4,599 (MRP INR 7,999, 42.5% off). Display size: 1.7 inches. Battery life: not listed. Touchscreen: yes. Bluetooth: yes. Strap material: Silicon. Customer rating: 2.5/5.",dataset,missing,1.7
206,Fire-Boltt,bsw003,smartwatch,5999.0,8999.0,33.3,2.5,,,1.3,,True,True,Silicon,Circle,Grey,False,,False,kaggle_arnabchaki,"bsw003 by Fire-Boltt is a smartwatch. Price: INR 5,999 (MRP INR 8,999, 33.3% off). Display size: 1.3 inches. Battery life: not listed. Touchscreen: yes. Bluetooth: yes. Strap material: Silicon. Customer rating: 2.5/5.",dataset,missing,1.3
207,Fire-Boltt,bsw005,smartwatch,5599.0,9999.0,44.0,2.5,,,1.7,,True,True,Silicon,Square,White,False,,False,kaggle_arnabchaki,"bsw005 by Fire-Boltt is a smartwatch. Price: INR 5,599 (MRP INR 9,999, 44% off). Display size: 1.7 inches. Battery life: not listed. Touchscreen: yes. Bluetooth: yes. Strap material: Silicon. Customer rating: 2.5/5.",dataset,missing,1.7
208,Fire-Boltt,bsw011,smartwatch,2899.0,4999.0,42.0,2.5,,,1.3,,True,True,Silicon,Square,Grey,False,,False,kaggle_arnabchaki,"bsw011 by Fire-Boltt is a smartwatch. Price: INR 2,899 (MRP INR 4,999, 42% off). Display size: 1.3 inches. Battery life: not listed. Touchscreen: yes. Bluetooth: yes. Strap material: Silicon. Customer rating: 2.5/5.",dataset,missing,1.3
209,Fire-Boltt,bsw016,smartwatch,3999.0,9999.0,60.0,3.7,3.0,,1.7,,True,True,Silicon,Square,Pink,False,,False,kaggle_arnabchaki,"bsw016 by Fire-Boltt is a smartwatch. Price: INR 3,999 (MRP INR 9,999, 60% off). Display size: 1.7 inches. Battery life: not listed. Touchscreen: yes. Bluetooth: yes. Strap material: Silicon. Customer rating: 3.7/5 from 3 ratings.",dataset,missing,1.7
210,Fire-Boltt,bsw017,smartwatch,5599.0,9999.0,44.0,2.5,,,1.3,,True,True,Silicon,Square,Blue,False,,False,kaggle_arnabchaki,"bsw017 by Fire-Boltt is a smartwatch. Price: INR 5,599 (MRP INR 9,999, 44% off). Display size: 1.3 inches. Battery life: not listed. Touchscreen: yes. Bluetooth: yes. Strap material: Silicon. Customer rating: 2.5/5.",dataset,missing,1.3
211,Fire-Boltt,bsw020,smartwatch,6999.0,15999.0,56.3,2.6,,,1.4,,True,True,Silicon,Circle,Brown,False,,False,kaggle_arnabchaki,"bsw020 by Fire-Boltt is a smartwatch. Price: INR 6,999 (MRP INR 15,999, 56.3% off). Display size: 1.4 inches. Battery life: not listed. Touchscreen: yes. Bluetooth: yes. Strap material: Silicon. Customer rating: 2.6/5.",dataset,missing,1.4
212,Fire-Boltt,bsw360,smartwatch,3999.0,9999.0,60.0,3.7,,,,,True,True,Rubber,Circle,Blue,False,,False,kaggle_arnabchaki,"bsw360 by Fire-Boltt is a smartwatch. Price: INR 3,999 (MRP INR 9,999, 60% off). Display size: not listed. Battery life: not listed. Touchscreen: yes. Bluetooth: yes. Strap material: Rubber. Customer rating: 3.7/5.",missing,missing,
213,Fire-Boltt,call 2,smartwatch,3000.0,7999.0,62.5,,,,,,True,True,Silicon,Square,Black,False,,False,kaggle_arnabchaki,"call 2 by Fire-Boltt is a smartwatch. Price: INR 3,000 (MRP INR 7,999, 62.5% off). Display size: not listed. Battery life: not listed. Touchscreen: yes. Bluetooth: yes. Strap material: Silicon.",missing,missing,
214,Fire-Boltt,call 2,smartwatch,3200.0,7999.0,60.0,,,,,,True,True,Silicon,Square,Blue,False,,False,kaggle_arnabchaki,"call 2 by Fire-Boltt is a smartwatch. Price: INR 3,200 (MRP INR 7,999, 60% off). Display size: not listed. Battery life: not listed. Touchscreen: yes. Bluetooth: yes. Strap material: Silicon.",missing,missing,
215,Fire-Boltt,ninja 2 max,smartwatch,2298.0,5999.0,61.7,3.6,5.0,,,,True,True,Rubber,Square,Black,False,,False,kaggle_arnabchaki,"ninja 2 max by Fire-Boltt is a smartwatch. Price: INR 2,298 (MRP INR 5,999, 61.7% off). Display size: not listed. Battery life: not listed. Touchscreen: yes. Bluetooth: yes. Strap material: Rubber. Customer rating: 3.6/5 from 5 ratings.",missing,missing,
216,Fire-Boltt,ninja calling,smartwatch,2799.0,7999.0,65.0,4.2,5.0,,,,True,True,Rubber,Square,Black,False,,False,kaggle_arnabchaki,"ninja calling by Fire-Boltt is a smartwatch. Price: INR 2,799 (MRP INR 7,999, 65% off). Display size: not listed. Battery life: not listed. Touchscreen: yes. Bluetooth: yes. Strap material: Rubber. Customer rating: 4.2/5 from 5 ratings.",missing,missing,
217,Fire-Boltt,ring,smartwatch,3599.0,9999.0,64.0,3.7,,,,,True,True,Rubber,Square,Blue,False,,False,kaggle_arnabchaki,"ring by Fire-Boltt is a smartwatch. Price: INR 3,599 (MRP INR 9,999, 64% off). Display size: not listed. Battery life: not listed. Touchscreen: yes. Bluetooth: yes. Strap material: Rubber. Customer rating: 3.7/5.",missing,missing,
218,Fire-Boltt,ring,smartwatch,3449.0,9999.0,65.5,3.8,83.0,,,,True,True,Rubber,Square,Black,False,,False,kaggle_arnabchaki,"ring by Fire-Boltt is a smartwatch. Price: INR 3,449 (MRP INR 9,999, 65.5% off). Display size: not listed. Battery life: not listed. Touchscreen: yes. Bluetooth: yes. Strap material: Rubber. Customer rating: 3.8/5 from 83 ratings.",missing,missing,
219,Fire-Boltt,ring,smartwatch,3999.0,9999.0,60.0,3.1,8.0,,,,True,True,Silicon,Rectangle,Black,False,,False,kaggle_arnabchaki,"ring by Fire-Boltt is a smartwatch. Price: INR 3,999 (MRP INR 9,999, 60% off). Display size: not listed. Battery life: not listed. Touchscreen: yes. Bluetooth: yes. Strap material: Silicon. Customer rating: 3.1/5 from 8 ratings.",missing,missing,
220,Fire-Boltt,starcross,smartwatch,3699.0,11999.0,69.2,2.5,,,1.8,,True,True,Silicon,Square,Black,False,,False,kaggle_arnabchaki,"starcross by Fire-Boltt is a smartwatch. Price: INR 3,699 (MRP INR 11,999, 69.2% off). Display size: 1.8 inches. Battery life: not listed. Touchscreen: yes. Bluetooth: yes. Strap material: Silicon. Customer rating: 2.5/5.",dataset,missing,1.8
221,Fire-Boltt,starcross,smartwatch,3899.0,11999.0,67.5,2.5,,,1.8,,True,True,Silicon,Square,Green,False,,False,kaggle_arnabchaki,"starcross by Fire-Boltt is a smartwatch. Price: INR 3,899 (MRP INR 11,999, 67.5% off). Display size: 1.8 inches. Battery life: not listed. Touchscreen: yes. Bluetooth: yes. Strap material: Silicon. Customer rating: 2.5/5.",dataset,missing,1.8
222,Fire-Boltt,tamish,smartwatch,5998.0,9999.0,40.0,2.5,,,1.3,,True,True,Silicon,Rectangle,Blue,False,,False,kaggle_arnabchaki,"tamish by Fire-Boltt is a smartwatch. Price: INR 5,998 (MRP INR 9,999, 40% off). Display size: 1.3 inches. Battery life: not listed. Touchscreen: yes. Bluetooth: yes. Strap material: Silicon. Customer rating: 2.5/5.",dataset,missing,1.3
223,Fire-Boltt,wonder,smartwatch,3299.0,11999.0,72.5,2.5,,,1.8,,True,True,Silicon,Square,Black,False,,False,kaggle_arnabchaki,"wonder by Fire-Boltt is a smartwatch. Price: INR 3,299 (MRP INR 11,999, 72.5% off). Display size: 1.8 inches. Battery life: not listed. Touchscreen: yes. Bluetooth: yes. Strap material: Silicon. Customer rating: 2.5/5.",dataset,missing,1.8
224,Fitbit,Blaze,smartwatch,19999.0,,0.0,4.2,1583.0,,1.3,7.0,True,True,Rubber,Contemporary,Black,True,,False,kaggle_arnabchaki,"Blaze by Fitbit is a smartwatch. Price: INR 19,999. Display size: 1.3 inches. Battery life: 7 days (estimate based on similar watches from this brand). Touchscreen: yes. Bluetooth: yes. Strap material: Rubber. Customer rating: 4.2/5 from 1,583 ratings.",dataset,imputed_brand_median,1.3
225,Fitbit,Blaze,smartwatch,22999.0,22999.0,0.0,4.2,,LCD Display,,7.0,,,Elastomer,,,True,,False,kaggle_devsubhash,"Blaze by Fitbit is a smartwatch. Price: INR 22,999. Display size: not listed. Display type: LCD Display. Battery life: 7 days. Strap material: Elastomer. Customer rating: 4.2/5.",missing,dataset,
226,Fitbit,Blaze,smartwatch,17999.0,19999.0,10.0,4.2,,LCD Display,,7.0,,,Elastomer,,,True,,False,kaggle_devsubhash,"Blaze by Fitbit is a smartwatch. Price: INR 17,999 (MRP INR 19,999, 10% off). Display size: not listed. Display type: LCD Display. Battery life: 7 days. Strap material: Elastomer. Customer rating: 4.2/5.",missing,dataset,
227,Fitbit,Charge 5,smartwatch,14999.0,,0.0,4.7,,,1.0,7.0,True,True,Silicon,Rectangle,Black,False,,False,kaggle_arnabchaki,"Charge 5 by Fitbit is a smartwatch. Price: INR 14,999. Display size: 1 inches. Battery life: 7 days (estimate based on similar watches from this brand). Touchscreen: yes. Bluetooth: yes. Strap material: Silicon. Customer rating: 4.7/5.",dataset,imputed_brand_median,1.0
228,Fitbit,Fitbit Versa 4 Fitness Watch (Black / Graphite Aluminium)6-Month Membership,smartwatch,20499.0,,0.0,4.7,,,,7.0,True,True,Rubber,Curved,Black,False,,False,kaggle_arnabchaki,"Fitbit Versa 4 Fitness Watch (Black / Graphite Aluminium)6-Month Membership by Fitbit is a smartwatch. Price: INR 20,499. Display size: not listed. Battery life: 7 days (estimate based on similar watches from this brand). Touchscreen: yes. Bluetooth: yes. Strap material: Rubber. Customer rating: 4.7/5.",missing,imputed_brand_median,
229,Fitbit,Fitbit Versa 4 Fitness Watch (Pink Sand / Copper Rose Aluminium) 6Membership,smartwatch,20499.0,,0.0,4.7,114.0,,,7.0,True,True,Silicon,Curved,Pink,False,,False,kaggle_arnabchaki,"Fitbit Versa 4 Fitness Watch (Pink Sand / Copper Rose Aluminium) 6Membership by Fitbit is a smartwatch. Price: INR 20,499. Display size: not listed. Battery life: 7 days (estimate based on similar watches from this brand). Touchscreen: yes. Bluetooth: yes. Strap material: Silicon. Customer rating: 4.7/5 from 114 ratings.",missing,imputed_brand_median,
230,Fitbit,Fitbit Versa 4 Fitness Watch (Waterfall Blue / Platinum Aluminium) Membership,smartwatch,20499.0,,0.0,4.7,,,,7.0,True,True,Rubber,Curved,Blue,False,,False,kaggle_arnabchaki,"Fitbit Versa 4 Fitness Watch (Waterfall Blue / Platinum Aluminium) Membership by Fitbit is a smartwatch. Price: INR 20,499. Display size: not listed. Battery life: 7 days (estimate based on similar watches from this brand). Touchscreen: yes. Bluetooth: yes. Strap material: Rubber. Customer rating: 4.7/5.",missing,imputed_brand_median,
231,Fitbit,FitbitInspire 3 Health & Fitness Tracker (Lilac Bliss / Black,smartwatch,8999.0,,0.0,4.7,,,,7.0,True,False,Rubber,Rectangle,Passion Pink,False,,False,kaggle_arnabchaki,"FitbitInspire 3 Health & Fitness Tracker (Lilac Bliss / Black by Fitbit is a smartwatch. Price: INR 8,999. Display size: not listed. Battery life: 7 days (estimate based on similar watches from this brand). Touchscreen: yes. Bluetooth: no. Strap material: Rubber. Customer rating: 4.7/5.",missing,imputed_brand_median,
232,Fitbit,Inspire 3,smartwatch,8999.0,,0.0,4.7,,,,7.0,True,True,Silicon,Rectangle,Morning Glow,False,,False,kaggle_arnabchaki,"Inspire 3 by Fitbit is a smartwatch. Price: INR 8,999. Display size: not listed. Battery life: 7 days (estimate based on similar watches from this brand). Touchscreen: yes. Bluetooth: yes. Strap material: Silicon. Customer rating: 4.7/5.",missing,imputed_brand_median,
233,Fitbit,Ionic,smartwatch,26499.0,,0.0,4.1,367.0,,1.3,7.0,True,True,Rubber,Square,Grey,True,,False,kaggle_arnabchaki,"Ionic by Fitbit is a smartwatch. Price: INR 26,499. Display size: 1.3 inches. Battery life: 7 days (estimate based on similar watches from this brand). Touchscreen: yes. Bluetooth: yes. Strap material: Rubber. Customer rating: 4.1/5 from 367 ratings.",dataset,imputed_brand_median,1.3
234,Fitbit,Ionic,smartwatch,22499.0,24999.0,10.0,4.1,,LCD Display,,7.0,,,Elastomer,,,True,,False,kaggle_devsubhash,"Ionic by Fitbit is a smartwatch. Price: INR 22,499 (MRP INR 24,999, 10% off). Display size: not listed. Display type: LCD Display. Battery life: 7 days. Strap material: Elastomer. Customer rating: 4.1/5.",missing,dataset,
235,Fitbit,Ionic,smartwatch,18999.0,24999.0,24.0,4.1,,LCD Display,,7.0,,,Elastomer,,,True,,False,kaggle_devsubhash,"Ionic by Fitbit is a smartwatch. Price: INR 18,999 (MRP INR 24,999, 24% off). Display size: not listed. Display type: LCD Display. Battery life: 7 days. Strap material: Elastomer. Customer rating: 4.1/5.",missing,dataset,
236,Fitbit,Sense,smartwatch,20999.0,22999.0,8.7,4.2,547.0,,1.6,7.0,True,True,Rubber,Curved,Black,False,,False,kaggle_arnabchaki,"Sense by Fitbit is a smartwatch. Price: INR 20,999 (MRP INR 22,999, 8.7% off). Display size: 1.6 inches. Battery life: 7 days (estimate based on similar watches from this brand). Touchscreen: yes. Bluetooth: yes. Strap material: Rubber. Customer rating: 4.2/5 from 547 ratings.",dataset,imputed_brand_median,1.6
237,Fitbit,Sense,smartwatch,21499.0,22999.0,6.5,4.2,,AMOLED Display,,7.0,,,Elastomer,,,False,,False,kaggle_devsubhash,"Sense by Fitbit is a smartwatch. Price: INR 21,499 (MRP INR 22,999, 6.5% off). Display size: not listed. Display type: AMOLED Display. Battery life: 7 days. Strap material: Elastomer. Customer rating: 4.2/5.",missing,dataset,
238,Fitbit,Sense 2,smartwatch,24999.0,,0.0,4.7,,,1.5,7.0,True,True,Silicon,Square,White Platinum,False,,False,kaggle_arnabchaki,"Sense 2 by Fitbit is a smartwatch. Price: INR 24,999. Display size: 1.5 inches. Battery life: 7 days (estimate based on similar watches from this brand). Touchscreen: yes. Bluetooth: yes. Strap material: Silicon. Customer rating: 4.7/5.",dataset,imputed_brand_median,1.5
239,Fitbit,Surge,smartwatch,24990.0,,0.0,3.9,188.0,,1.3,7.0,True,True,Rubber,Square,Blue,True,,False,kaggle_arnabchaki,"Surge by Fitbit is a smartwatch. Price: INR 24,990. Display size: 1.3 inches. Battery life: 7 days (estimate based on similar watches from this brand). Touchscreen: yes. Bluetooth: yes. Strap material: Rubber. Customer rating: 3.9/5 from 188 ratings.",dataset,imputed_brand_median,1.3
240,Fitbit,Surge,smartwatch,9999.0,19990.0,50.0,3.8,,LCD Display,,7.0,,,Elastomer,,,True,,False,kaggle_devsubhash,"Surge by Fitbit is a smartwatch. Price: INR 9,999 (MRP INR 19,990, 50% off). Display size: not listed. Display type: LCD Display. Battery life: 7 days. Strap material: Elastomer. Customer rating: 3.8/5.",missing,dataset,
241,Fitbit,Surge,smartwatch,19990.0,19990.0,0.0,3.8,,LCD Display,,7.0,,,Elastomer,,,True,,False,kaggle_devsubhash,"Surge by Fitbit is a smartwatch. Price: INR 19,990. Display size: not listed. Display type: LCD Display. Battery life: 7 days. Strap material: Elastomer. Customer rating: 3.8/5.",missing,dataset,
242,Fitbit,Versa,smartwatch,20590.0,21499.0,4.2,4.1,4475.0,,1.3,7.0,True,True,Silicon,Square,Black,False,,False,kaggle_arnabchaki,"Versa by Fitbit is a smartwatch. Price: INR 20,590 (MRP INR 21,499, 4.2% off). Display size: 1.3 inches. Battery life: 7 days (estimate based on similar watches from this brand). Touchscreen: yes. Bluetooth: yes. Strap material: Silicon. Customer rating: 4.1/5 from 4,475 ratings.",dataset,imputed_brand_median,1.3
243,Fitbit,Versa,smartwatch,16124.0,19999.0,19.4,4.1,,AMOLED Display,,7.0,,,Silicone,,,False,,False,kaggle_devsubhash,"Versa by Fitbit is a smartwatch. Price: INR 16,124 (MRP INR 19,999, 19.4% off). Display size: not listed. Display type: AMOLED Display. Battery life: 7 days. Strap material: Silicone. Customer rating: 4.1/5.",missing,dataset,
244,Fitbit,Versa,smartwatch,17895.0,21499.0,16.8,4.2,,AMOLED Display,,7.0,,,Silicone,,,False,,False,kaggle_devsubhash,"Versa by Fitbit is a smartwatch. Price: INR 17,895 (MRP INR 21,499, 16.8% off). Display size: not listed. Display type: AMOLED Display. Battery life: 7 days. Strap material: Silicone. Customer rating: 4.2/5.",missing,dataset,
245,Fitbit,Versa,smartwatch,16990.0,23499.0,27.7,4.1,,AMOLED Display,,7.0,,,Silicone,,,False,,False,kaggle_devsubhash,"Versa by Fitbit is a smartwatch. Price: INR 16,990 (MRP INR 23,499, 27.7% off). Display size: not listed. Display type: AMOLED Display. Battery life: 7 days. Strap material: Silicone. Customer rating: 4.1/5.",missing,dataset,
246,Fitbit,Versa 2,smartwatch,11699.0,14999.0,22.0,4.3,3999.0,,1.3,7.0,True,True,Silicon,Square,Black,False,,False,kaggle_arnabchaki,"Versa 2 by Fitbit is a smartwatch. Price: INR 11,699 (MRP INR 14,999, 22% off). Display size: 1.3 inches. Battery life: 7 days (estimate based on similar watches from this brand). Touchscreen: yes. Bluetooth: yes. Strap material: Silicon. Customer rating: 4.3/5 from 3,999 ratings.",dataset,imputed_brand_median,1.3
247,Fitbit,Versa 2,smartwatch,13499.0,21999.0,38.6,4.3,,AMOLED Display,,7.0,,,Silicone,,,False,,False,kaggle_devsubhash,"Versa 2 by Fitbit is a smartwatch. Price: INR 13,499 (MRP INR 21,999, 38.6% off). Display size: not listed. Display type: AMOLED Display. Battery life: 7 days. Strap material: Silicone. Customer rating: 4.3/5.",missing,dataset,
248,Fitbit,Versa 2,smartwatch,11999.0,14999.0,20.0,4.3,,AMOLED Display,,7.0,,,Silicone,,,False,,False,kaggle_devsubhash,"Versa 2 by Fitbit is a smartwatch. Price: INR 11,999 (MRP INR 14,999, 20% off). Display size: not listed. Display type: AMOLED Display. Battery life: 7 days. Strap material: Silicone. Customer rating: 4.3/5.",missing,dataset,
249,Fitbit,Versa 2 Special Edition,smartwatch,15499.0,23999.0,35.4,4.5,92.0,,,7.0,True,True,Fabric,Square,Multicolor,False,,False,kaggle_arnabchaki,"Versa 2 Special Edition by Fitbit is a smartwatch. Price: INR 15,499 (MRP INR 23,999, 35.4% off). Display size: not listed. Battery life: 7 days (estimate based on similar watches from this brand). Touchscreen: yes. Bluetooth: yes. Strap material: Fabric. Customer rating: 4.5/5 from 92 ratings.",missing,imputed_brand_median,
250,Fitbit,Versa 3,smartwatch,17699.0,18999.0,6.8,4.3,455.0,,,7.0,True,True,Rubber,Curved,Black,False,,False,kaggle_arnabchaki,"Versa 3 by Fitbit is a smartwatch. Price: INR 17,699 (MRP INR 18,999, 6.8% off). Display size: not listed. Battery life: 7 days (estimate based on similar watches from this brand). Touchscreen: yes. Bluetooth: yes. Strap material: Rubber. Customer rating: 4.3/5 from 455 ratings.",missing,imputed_brand_median,
251,Fitbit,Versa 3,smartwatch,17999.0,18999.0,5.3,4.3,,AMOLED Display,,7.0,,,Elastomer,,,False,,False,kaggle_devsubhash,"Versa 3 by Fitbit is a smartwatch. Price: INR 17,999 (MRP INR 18,999, 5.3% off). Display size: not listed. Display type: AMOLED Display. Battery life: 7 days. Strap material: Elastomer. Customer rating: 4.3/5.",missing,dataset,
252,Fitbit,Versa 4,smartwatch,20499.0,,0.0,4.7,114.0,,1.5,7.0,True,True,Silicon,Square,Beet Juice,False,,False,kaggle_arnabchaki,"Versa 4 by Fitbit is a smartwatch. Price: INR 20,499. Display size: 1.5 inches. Battery life: 7 days (estimate based on similar watches from this brand). Touchscreen: yes. Bluetooth: yes. Strap material: Silicon. Customer rating: 4.7/5 from 114 ratings.",dataset,imputed_brand_median,1.5
253,Fitbit,Versa Lite Edition,smartwatch,16999.0,,0.0,4.2,426.0,,1.0,7.0,True,True,Silicon,Square,Purple,False,,False,kaggle_arnabchaki,"Versa Lite Edition by Fitbit is a smartwatch. Price: INR 16,999. Display size: 1 inches. Battery life: 7 days (estimate based on similar watches from this brand). Touchscreen: yes. Bluetooth: yes. Strap material: Silicon. Customer rating: 4.2/5 from 426 ratings.",dataset,imputed_brand_median,1.0
254,Fitbit,Versa Lite Edition,smartwatch,14399.0,15999.0,10.0,4.2,,AMOLED Display,,7.0,,,Elastomer,,,False,,False,kaggle_devsubhash,"Versa Lite Edition by Fitbit is a smartwatch. Price: INR 14,399 (MRP INR 15,999, 10% off). Display size: not listed. Display type: AMOLED Display. Battery life: 7 days. Strap material: Elastomer. Customer rating: 4.2/5.",missing,dataset,
255,Fitbit,Versa Special Edition,smartwatch,8999.0,23499.0,61.7,4.1,4475.0,,1.3,7.0,True,True,Fabric,Square,Charcoal,False,,False,kaggle_arnabchaki,"Versa Special Edition by Fitbit is a smartwatch. Price: INR 8,999 (MRP INR 23,499, 61.7% off). Display size: 1.3 inches. Battery life: 7 days (estimate based on similar watches from this brand). Touchscreen: yes. Bluetooth: yes. Strap material: Fabric. Customer rating: 4.1/5 from 4,475 ratings.",dataset,imputed_brand_median,1.3
256,Fitbit,Versa Special Edition,smartwatch,10365.0,23499.0,55.9,4.1,,AMOLED Display,,7.0,,,Fabric,,,False,,False,kaggle_devsubhash,"Versa Special Edition by Fitbit is a smartwatch. Price: INR 10,365 (MRP INR 23,499, 55.9% off). Display size: not listed. Display type: AMOLED Display. Battery life: 7 days. Strap material: Fabric. Customer rating: 4.1/5.",missing,dataset,
257,Fitbit,fitbit charge 5 black,smartwatch,14999.0,,0.0,4.7,6.0,,,7.0,True,False,Silicon,Rectangle,Black,False,,False,kaggle_arnabchaki,"fitbit charge 5 black by Fitbit is a smartwatch. Price: INR 14,999. Display size: not listed. Battery life: 7 days (estimate based on similar watches from this brand). Touchscreen: yes. Bluetooth: no. Strap material: Silicon. Customer rating: 4.7/5 from 6 ratings.",missing,imputed_brand_median,
258,Fitbit,fitbit charge 5 blue,smartwatch,14999.0,,0.0,4.7,5.0,,1.3,7.0,True,False,Silicon,Rectangle,Blue,False,,False,kaggle_arnabchaki,"fitbit charge 5 blue by Fitbit is a smartwatch. Price: INR 14,999. Display size: 1.3 inches. Battery life: 7 days (estimate based on similar watches from this brand). Touchscreen: yes. Bluetooth: no. Strap material: Silicon. Customer rating: 4.7/5 from 5 ratings.",dataset,imputed_brand_median,1.3
259,Fitbit,versa,smartwatch,21499.0,21499.0,0.0,4.1,,AMOLED Display,,7.0,,,Silicone,,,False,,False,kaggle_devsubhash,"versa by Fitbit is a smartwatch. Price: INR 21,499. Display size: not listed. Display type: AMOLED Display. Battery life: 7 days. Strap material: Silicone. Customer rating: 4.1/5.",missing,dataset,
260,Fossil,4th Gen Explorist HR,smartwatch,10998.0,21995.0,50.0,3.9,5182.0,,1.8,,True,True,Silicon,Circle,Black,False,,False,kaggle_arnabchaki,"4th Gen Explorist HR by Fossil is a smartwatch. Price: INR 10,998 (MRP INR 21,995, 50% off). Display size: 1.8 inches. Battery life: not listed. Touchscreen: yes. Bluetooth: yes. Strap material: Silicon. Customer rating: 3.9/5 from 5,182 ratings.",dataset,missing,1.8
261,Fossil,4th Gen Venture HR,smartwatch,13195.0,21995.0,40.0,3.9,510.0,,1.6,,True,True,Stainless Steel,Circle,Gold,False,,False,kaggle_arnabchaki,"4th Gen Venture HR by Fossil is a smartwatch. Price: INR 13,195 (MRP INR 21,995, 40% off). Display size: 1.6 inches. Battery life: not listed. Touchscreen: yes. Bluetooth: yes. Strap material: Stainless Steel. Customer rating: 3.9/5 from 510 ratings.",dataset,missing,1.6
262,Fossil,4th Gen Venture HR,smartwatch,10997.0,21995.0,50.0,3.9,,AMOLED Display,,14.0,,,Stainless Steel,,,False,,False,kaggle_devsubhash,"4th Gen Venture HR by Fossil is a smartwatch. Price: INR 10,997 (MRP INR 21,995, 50% off). Display size: not listed. Display type: AMOLED Display. Battery life: 14 days. Strap material: Stainless Steel. Customer rating: 3.9/5.",missing,dataset,
263,Fossil,4th Gen Venture HR,smartwatch,17596.0,21995.0,20.0,3.9,,AMOLED Display,,14.0,,,Stainless Steel,,,False,,False,kaggle_devsubhash,"4th Gen Venture HR by Fossil is a smartwatch. Price: INR 17,596 (MRP INR 21,995, 20% off). Display size: not listed. Display type: AMOLED Display. Battery life: 14 days. Strap material: Stainless Steel. Customer rating: 3.9/5.",missing,dataset,
264,Fossil,5th Gen Julianna,smartwatch,15995.0,22995.0,30.4,4.6,,AMOLED Display,,1.0,,,Stainless Steel,,,False,,False,kaggle_devsubhash,"5th Gen Julianna by Fossil is a smartwatch. Price: INR 15,995 (MRP INR 22,995, 30.4% off). Display size: not listed. Display type: AMOLED Display. Battery life: 1 days. Strap material: Stainless Steel. Customer rating: 4.6/5.",missing,dataset,
265,Fossil,Barstow Hybrid,smartwatch,8995.0,11995.0,25.0,4.6,,AMOLED Display,,12.0,,,Leather,,,False,,False,kaggle_devsubhash,"Barstow Hybrid by Fossil is a smartwatch. Price: INR 8,995 (MRP INR 11,995, 25% off). Display size: not listed. Display type: AMOLED Display. Battery life: 12 days. Strap material: Leather. Customer rating: 4.6/5.",missing,dataset,
266,Fossil,Cameron Hybrid,smartwatch,8995.0,13495.0,33.3,4.6,,AMOLED Display,,12.0,,,Stainless Steel,,,False,,False,kaggle_devsubhash,"Cameron Hybrid by Fossil is a smartwatch. Price: INR 8,995 (MRP INR 13,495, 33.3% off). Display size: not listed. Display type: AMOLED Display. Battery life: 12 days. Strap material: Stainless Steel. Customer rating: 4.6/5.",missing,dataset,
267,Fossil,Cameron Hybrid Smartwatch,smartwatch,13495.0,13495.0,0.0,4.6,,AMOLED Display,,12.0,,,Leather,,,False,,False,kaggle_devsubhash,"Cameron Hybrid Smartwatch by Fossil is a smartwatch. Price: INR 13,495. Display size: not listed. Display type: AMOLED Display. Battery life: 12 days. Strap material: Leather. Customer rating: 4.6/5.",missing,dataset,
268,Fossil,Carlie,smartwatch,11995.0,11995.0,0.0,4.8,,AMOLED Display,,10.0,,,Leather,,,False,,False,kaggle_devsubhash,"Carlie by Fossil is a smartwatch. Price: INR 11,995. Display size: not listed. Display type: AMOLED Display. Battery life: 10 days. Strap material: Leather. Customer rating: 4.8/5.",missing,dataset,
269,Fossil,Carlie Hybrid,smartwatch,13495.0,13495.0,0.0,4.6,,AMOLED Display,,12.0,,,Stainless Steel,,,False,,False,kaggle_devsubhash,"Carlie Hybrid by Fossil is a smartwatch. Price: INR 13,495. Display size: not listed. Display type: AMOLED Display. Battery life: 12 days. Strap material: Stainless Steel. Customer rating: 4.6/5.",missing,dataset,
270,Fossil,Carlie Hybrid,smartwatch,6995.0,11995.0,41.7,4.6,,AMOLED Display,,12.0,,,Stainless Steel,,,False,,False,kaggle_devsubhash,"Carlie Hybrid by Fossil is a smartwatch. Price: INR 6,995 (MRP INR 11,995, 41.7% off). Display size: not listed. Display type: AMOLED Display. Battery life: 12 days. Strap material: Stainless Steel. Customer rating: 4.6/5.",missing,dataset,
271,Fossil,Carlie Hybrid,smartwatch,8995.0,13495.0,33.3,4.6,,AMOLED Display,,12.0,,,Stainless Steel,,,False,,False,kaggle_devsubhash,"Carlie Hybrid by Fossil is a smartwatch. Price: INR 8,995 (MRP INR 13,495, 33.3% off). Display size: not listed. Display type: AMOLED Display. Battery life: 12 days. Strap material: Stainless Steel. Customer rating: 4.6/5.",missing,dataset,
272,Fossil,Charter Hybrid HR,smartwatch,13196.0,16495.0,20.0,3.9,,AMOLED Display,,12.0,,,Leather,,,False,,False,kaggle_devsubhash,"Charter Hybrid HR by Fossil is a smartwatch. Price: INR 13,196 (MRP INR 16,495, 20% off). Display size: not listed. Display type: AMOLED Display. Battery life: 12 days. Strap material: Leather. Customer rating: 3.9/5.",missing,dataset,
273,Fossil,Charter Hybrid HR,smartwatch,14021.0,16495.0,15.0,3.9,,AMOLED Display,,12.0,,,Leather,,,False,,False,kaggle_devsubhash,"Charter Hybrid HR by Fossil is a smartwatch. Price: INR 14,021 (MRP INR 16,495, 15% off). Display size: not listed. Display type: AMOLED Display. Battery life: 12 days. Strap material: Leather. Customer rating: 3.9/5.",missing,dataset,
274,Fossil,Charter Hybrid HR,smartwatch,12396.0,14995.0,17.3,3.9,,AMOLED Display,,12.0,,,Leather,,,False,,False,kaggle_devsubhash,"Charter Hybrid HR by Fossil is a smartwatch. Price: INR 12,396 (MRP INR 14,995, 17.3% off). Display size: not listed. Display type: AMOLED Display. Battery life: 12 days. Strap material: Leather. Customer rating: 3.9/5.",missing,dataset,
275,Fossil,Charter Hybrid HR Smartwatch,smartwatch,14995.0,,0.0,3.9,41.0,,1.2,,False,True,Leather,Circle,Black,False,,False,kaggle_arnabchaki,"Charter Hybrid HR Smartwatch by Fossil is a smartwatch. Price: INR 14,995. Display size: 1.2 inches. Battery life: not listed. Touchscreen: no. Bluetooth: yes. Strap material: Leather. Customer rating: 3.9/5 from 41 ratings.",dataset,missing,1.2
276,Fossil,Collider Hybrid,smartwatch,14995.0,14995.0,0.0,4.0,,AMOLED Display,,14.0,,,Silicone,,,False,,False,kaggle_devsubhash,"Collider Hybrid by Fossil is a smartwatch. Price: INR 14,995. Display size: not listed. Display type: AMOLED Display. Battery life: 14 days. Strap material: Silicone. Customer rating: 4.0/5.",missing,dataset,
277,Fossil,Collider Hybrid,smartwatch,16495.0,16495.0,0.0,4.0,,AMOLED Display,,14.0,,,Silicone,,,False,,False,kaggle_devsubhash,"Collider Hybrid by Fossil is a smartwatch. Price: INR 16,495. Display size: not listed. Display type: AMOLED Display. Battery life: 14 days. Strap material: Silicone. Customer rating: 4.0/5.",missing,dataset,
278,Fossil,Collider Hybrid HR,smartwatch,16495.0,,0.0,4.1,123.0,,1.1,,False,True,Stainless Steel,Circle,Grey,False,,False,kaggle_arnabchaki,"Collider Hybrid HR by Fossil is a smartwatch. Price: INR 16,495. Display size: 1.1 inches. Battery life: not listed. Touchscreen: no. Bluetooth: yes. Strap material: Stainless Steel. Customer rating: 4.1/5 from 123 ratings.",dataset,missing,1.1
279,Fossil,Commuter,smartwatch,11995.0,,0.0,4.3,4.0,,1.7,,False,True,Leather,Circle,Black,False,,False,kaggle_arnabchaki,"Commuter by Fossil is a smartwatch. Price: INR 11,995. Display size: 1.7 inches. Battery life: not listed. Touchscreen: no. Bluetooth: yes. Strap material: Leather. Customer rating: 4.3/5 from 4 ratings.",dataset,missing,1.7
280,Fossil,Commuter Hybrid,smartwatch,8995.0,11995.0,25.0,4.6,,AMOLED Display,,12.0,,,Leather,,,False,,False,kaggle_devsubhash,"Commuter Hybrid by Fossil is a smartwatch. Price: INR 8,995 (MRP INR 11,995, 25% off). Display size: not listed. Display type: AMOLED Display. Battery life: 12 days. Strap material: Leather. Customer rating: 4.6/5.",missing,dataset,
281,Fossil,Eleanor Hybrid,smartwatch,6995.0,11995.0,41.7,4.6,,AMOLED Display,,12.0,,,Stainless Steel,,,False,,False,kaggle_devsubhash,"Eleanor Hybrid by Fossil is a smartwatch. Price: INR 6,995 (MRP INR 11,995, 41.7% off). Display size: not listed. Display type: AMOLED Display. Battery life: 12 days. Strap material: Stainless Steel. Customer rating: 4.6/5.",missing,dataset,
282,Fossil,FB-01 Hybrid,smartwatch,8995.0,13495.0,33.3,3.9,,AMOLED Display,,14.0,,,Silicone,,,False,,False,kaggle_devsubhash,"FB-01 Hybrid by Fossil is a smartwatch. Price: INR 8,995 (MRP INR 13,495, 33.3% off). Display size: not listed. Display type: AMOLED Display. Battery life: 14 days. Strap material: Silicone. Customer rating: 3.9/5.",missing,dataset,
283,Fossil,FB-01 Hybrid HR,smartwatch,9995.0,16495.0,39.4,3.8,144.0,,1.1,,True,True,Stainless Steel,Circle,Black,False,,False,kaggle_arnabchaki,"FB-01 Hybrid HR by Fossil is a smartwatch. Price: INR 9,995 (MRP INR 16,495, 39.4% off). Display size: 1.1 inches. Battery life: not listed. Touchscreen: yes. Bluetooth: yes. Strap material: Stainless Steel. Customer rating: 3.8/5 from 144 ratings.",dataset,missing,1.1
284,Fossil,FB-01 Hybrid HR,smartwatch,14021.0,16495.0,15.0,4.0,,AMOLED Display,,14.0,,,Stainless Steel,,,False,,False,kaggle_devsubhash,"FB-01 Hybrid HR by Fossil is a smartwatch. Price: INR 14,021 (MRP INR 16,495, 15% off). Display size: not listed. Display type: AMOLED Display. Battery life: 14 days. Strap material: Stainless Steel. Customer rating: 4.0/5.",missing,dataset,
285,Fossil,FB-01 Hybrid HR,smartwatch,12396.0,14995.0,17.3,4.0,,AMOLED Display,,14.0,,,Silicone,,,False,,False,kaggle_devsubhash,"FB-01 Hybrid HR by Fossil is a smartwatch. Price: INR 12,396 (MRP INR 14,995, 17.3% off). Display size: not listed. Display type: AMOLED Display. Battery life: 14 days. Strap material: Silicone. Customer rating: 4.0/5.",missing,dataset,
286,Fossil,FTW1134 Q Hybrid,smartwatch,11995.0,11995.0,0.0,4.6,,AMOLED Display,,2.0,,,Stainless Steel,,,False,,False,kaggle_devsubhash,"FTW1134 Q Hybrid by Fossil is a smartwatch. Price: INR 11,995. Display size: not listed. Display type: AMOLED Display. Battery life: 2 days. Strap material: Stainless Steel. Customer rating: 4.6/5.",missing,dataset,
287,Fossil,FTW1136 Q Hybrid,smartwatch,11995.0,11995.0,0.0,4.6,,AMOLED Display,,2.0,,,Leather,,,False,,False,kaggle_devsubhash,"FTW1136 Q Hybrid by Fossil is a smartwatch. Price: INR 11,995. Display size: not listed. Display type: AMOLED Display. Battery life: 2 days. Strap material: Leather. Customer rating: 4.6/5.",missing,dataset,
288,Fossil,FTW1140 Q Hybrid,smartwatch,6995.0,13995.0,50.0,3.8,,AMOLED Display,,2.0,,,Stainless Steel,,,False,,False,kaggle_devsubhash,"FTW1140 Q Hybrid by Fossil is a smartwatch. Price: INR 6,995 (MRP INR 13,995, 50% off). Display size: not listed. Display type: AMOLED Display. Battery life: 2 days. Strap material: Stainless Steel. Customer rating: 3.8/5.",missing,dataset,
289,Fossil,FTW1140 Q Hybrid Watch,smartwatch,13995.0,,0.0,3.8,4.0,,,,False,True,Stainless Steel,Circle,Blue,False,,False,kaggle_arnabchaki,"FTW1140 Q Hybrid Watch by Fossil is a smartwatch. Price: INR 13,995. Display size: not listed. Battery life: not listed. Touchscreen: no. Bluetooth: yes. Strap material: Stainless Steel. Customer rating: 3.8/5 from 4 ratings.",missing,missing,
290,Fossil,FTW1141 Q Hybrid,smartwatch,6995.0,11995.0,41.7,4.6,,AMOLED Display,,2.0,,,Stainless Steel,,,False,,False,kaggle_devsubhash,"FTW1141 Q Hybrid by Fossil is a smartwatch. Price: INR 6,995 (MRP INR 11,995, 41.7% off). Display size: not listed. Display type: AMOLED Display. Battery life: 2 days. Strap material: Stainless Steel. Customer rating: 4.6/5.",missing,dataset,
291,Fossil,FTW1142 Q Hybrid,smartwatch,9796.0,13995.0,30.0,3.7,,AMOLED Display,,2.0,,,Stainless Steel,,,False,,False,kaggle_devsubhash,"FTW1142 Q Hybrid by Fossil is a smartwatch. Price: INR 9,796 (MRP INR 13,995, 30% off). Display size: not listed. Display type: AMOLED Display. Battery life: 2 days. Strap material: Stainless Steel. Customer rating: 3.7/5.",missing,dataset,
292,Fossil,FTW1144 Q Hybrid,smartwatch,8995.0,13995.0,35.7,4.6,,AMOLED Display,,2.0,,,Leather,,,False,,False,kaggle_devsubhash,"FTW1144 Q Hybrid by Fossil is a smartwatch. Price: INR 8,995 (MRP INR 13,995, 35.7% off). Display size: not listed. Display type: AMOLED Display. Battery life: 2 days. Strap material: Leather. Customer rating: 4.6/5.",missing,dataset,
293,Fossil,FTW1145 Q Hybrid,smartwatch,6995.0,13995.0,50.0,4.6,,AMOLED Display,,2.0,,,Leather,,,False,,False,kaggle_devsubhash,"FTW1145 Q Hybrid by Fossil is a smartwatch. Price: INR 6,995 (MRP INR 13,995, 50% off). Display size: not listed. Display type: AMOLED Display. Battery life: 2 days. Strap material: Leather. Customer rating: 4.6/5.",missing,dataset,
294,Fossil,FTW1146 Q Hybrid,smartwatch,11995.0,11995.0,0.0,4.6,,AMOLED Display,,2.0,,,Leather,,,False,,False,kaggle_devsubhash,"FTW1146 Q Hybrid by Fossil is a smartwatch. Price: INR 11,995. Display size: not listed. Display type: AMOLED Display. Battery life: 2 days. Strap material: Leather. Customer rating: 4.6/5.",missing,dataset,
295,Fossil,FTW1151 Hybrid,smartwatch,8995.0,11995.0,25.0,4.3,,AMOLED Display,,2.0,,,Leather,,,False,,False,kaggle_devsubhash,"FTW1151 Hybrid by Fossil is a smartwatch. Price: INR 8,995 (MRP INR 11,995, 25% off). Display size: not listed. Display type: AMOLED Display. Battery life: 2 days. Strap material: Leather. Customer rating: 4.3/5.",missing,dataset,
296,Fossil,FTW1154 Hybrid,smartwatch,8995.0,12995.0,30.8,4.3,,AMOLED Display,,2.0,,,Stainless Steel,,,False,,False,kaggle_devsubhash,"FTW1154 Hybrid by Fossil is a smartwatch. Price: INR 8,995 (MRP INR 12,995, 30.8% off). Display size: not listed. Display type: AMOLED Display. Battery life: 2 days. Strap material: Stainless Steel. Customer rating: 4.3/5.",missing,dataset,
297,Fossil,FTW1159 Hybrid,smartwatch,8995.0,12995.0,30.8,5.0,,AMOLED Display,,2.0,,,Stainless Steel,,,False,,False,kaggle_devsubhash,"FTW1159 Hybrid by Fossil is a smartwatch. Price: INR 8,995 (MRP INR 12,995, 30.8% off). Display size: not listed. Display type: AMOLED Display. Battery life: 2 days. Strap material: Stainless Steel. Customer rating: 5.0/5.",missing,dataset,
298,Fossil,FTW1161 Hybrid,smartwatch,8995.0,14495.0,37.9,4.3,,AMOLED Display,,2.0,,,Stainless Steel,,,False,,False,kaggle_devsubhash,"FTW1161 Hybrid by Fossil is a smartwatch. Price: INR 8,995 (MRP INR 14,495, 37.9% off). Display size: not listed. Display type: AMOLED Display. Battery life: 2 days. Strap material: Stainless Steel. Customer rating: 4.3/5.",missing,dataset,
299,Fossil,FTW20013 Q,smartwatch,21495.0,21495.0,0.0,4.6,,AMOLED Display,,2.0,,,Leather,,,False,,False,kaggle_devsubhash,"FTW20013 Q by Fossil is a smartwatch. Price: INR 21,495. Display size: not listed. Display type: AMOLED Display. Battery life: 2 days. Strap material: Leather. Customer rating: 4.6/5.",missing,dataset,
300,Fossil,FTW2114 Q,smartwatch,18995.0,18995.0,0.0,4.6,,AMOLED Display,,2.0,,,Stainless Steel,,,False,,False,kaggle_devsubhash,"FTW2114 Q by Fossil is a smartwatch. Price: INR 18,995. Display size: not listed. Display type: AMOLED Display. Battery life: 2 days. Strap material: Stainless Steel. Customer rating: 4.6/5.",missing,dataset,
301,Fossil,FTW2115 Q Watch,smartwatch,18995.0,18995.0,0.0,4.6,,AMOLED Display,,2.0,,,Stainless Steel,,,False,,False,kaggle_devsubhash,"FTW2115 Q Watch by Fossil is a smartwatch. Price: INR 18,995. Display size: not listed. Display type: AMOLED Display. Battery life: 2 days. Strap material: Stainless Steel. Customer rating: 4.6/5.",missing,dataset,
302,Fossil,FTW2120SET Q,smartwatch,23995.0,23995.0,0.0,4.6,,AMOLED Display,,2.0,,,Leather,,,False,,False,kaggle_devsubhash,"FTW2120SET Q by Fossil is a smartwatch. Price: INR 23,995. Display size: not listed. Display type: AMOLED Display. Battery life: 2 days. Strap material: Leather. Customer rating: 4.6/5.",missing,dataset,
303,Fossil,FTW4003,smartwatch,19995.0,19995.0,0.0,3.1,,AMOLED Display,,2.0,,,Leather,,,False,,False,kaggle_devsubhash,"FTW4003 by Fossil is a smartwatch. Price: INR 19,995. Display size: not listed. Display type: AMOLED Display. Battery life: 2 days. Strap material: Leather. Customer rating: 3.1/5.",missing,dataset,
304,Fossil,FTW4003 Smart Watch,smartwatch,19995.0,,0.0,3.1,28.0,,1.4,,True,True,Leather,Circle,Brown,False,,False,kaggle_arnabchaki,"FTW4003 Smart Watch by Fossil is a smartwatch. Price: INR 19,995. Display size: 1.4 inches. Battery life: not listed. Touchscreen: yes. Bluetooth: yes. Strap material: Leather. Customer rating: 3.1/5 from 28 ratings.",dataset,missing,1.4
305,Fossil,FTW4010 Gold HR,smartwatch,15995.0,15995.0,0.0,4.8,,AMOLED Display,,6.0,,,Stainless Steel,,,False,,False,kaggle_devsubhash,"FTW4010 Gold HR by Fossil is a smartwatch. Price: INR 15,995. Display size: not listed. Display type: AMOLED Display. Battery life: 6 days. Strap material: Stainless Steel. Customer rating: 4.8/5.",missing,dataset,
306,Fossil,FTW5003 Hybrid,smartwatch,12995.0,12995.0,0.0,4.6,,AMOLED Display,,2.0,,,Stainless Steel,,,False,,False,kaggle_devsubhash,"FTW5003 Hybrid by Fossil is a smartwatch. Price: INR 12,995. Display size: not listed. Display type: AMOLED Display. Battery life: 2 days. Strap material: Stainless Steel. Customer rating: 4.6/5.",missing,dataset,
307,Fossil,FTW5011 Hybrid,smartwatch,8995.0,14495.0,37.9,4.8,,AMOLED Display,,2.0,,,Leather,,,False,,False,kaggle_devsubhash,"FTW5011 Hybrid by Fossil is a smartwatch. Price: INR 8,995 (MRP INR 14,495, 37.9% off). Display size: not listed. Display type: AMOLED Display. Battery life: 2 days. Strap material: Leather. Customer rating: 4.8/5.",missing,dataset,
308,Fossil,FTW5012 Hybrid,smartwatch,9097.0,12995.0,30.0,4.6,,AMOLED Display,,2.0,,,Leather,,,False,,False,kaggle_devsubhash,"FTW5012 Hybrid by Fossil is a smartwatch. Price: INR 9,097 (MRP INR 12,995, 30% off). Display size: not listed. Display type: AMOLED Display. Battery life: 2 days. Strap material: Leather. Customer rating: 4.6/5.",missing,dataset,
309,Fossil,FTW5015 Hybrid,smartwatch,6995.0,14495.0,51.7,3.0,,AMOLED Display,,2.0,,,Stainless Steel,,,False,,False,kaggle_devsubhash,"FTW5015 Hybrid by Fossil is a smartwatch. Price: INR 6,995 (MRP INR 14,495, 51.7% off). Display size: not listed. Display type: AMOLED Display. Battery life: 2 days. Strap material: Stainless Steel. Customer rating: 3.0/5.",missing,dataset,
310,Fossil,FTW5016 Hybrid,smartwatch,6995.0,14495.0,51.7,4.6,,AMOLED Display,,2.0,,,Stainless Steel,,,False,,False,kaggle_devsubhash,"FTW5016 Hybrid by Fossil is a smartwatch. Price: INR 6,995 (MRP INR 14,495, 51.7% off). Display size: not listed. Display type: AMOLED Display. Battery life: 2 days. Strap material: Stainless Steel. Customer rating: 4.6/5.",missing,dataset,
311,Fossil,FTW5017 Hybrid,smartwatch,14495.0,14495.0,0.0,4.6,,AMOLED Display,,2.0,,,Stainless Steel,,,False,,False,kaggle_devsubhash,"FTW5017 Hybrid by Fossil is a smartwatch. Price: INR 14,495. Display size: not listed. Display type: AMOLED Display. Battery life: 2 days. Strap material: Stainless Steel. Customer rating: 4.6/5.",missing,dataset,
312,Fossil,FTW5018 Hybrid,smartwatch,11596.0,14495.0,20.0,4.5,,AMOLED Display,,2.0,,,Stainless Steel,,,False,,False,kaggle_devsubhash,"FTW5018 Hybrid by Fossil is a smartwatch. Price: INR 11,596 (MRP INR 14,495, 20% off). Display size: not listed. Display type: AMOLED Display. Battery life: 2 days. Strap material: Stainless Steel. Customer rating: 4.5/5.",missing,dataset,
313,Fossil,FTW6001,smartwatch,21995.0,21995.0,0.0,4.2,,AMOLED Display,,2.0,,,Stainless Steel,,,False,,False,kaggle_devsubhash,"FTW6001 by Fossil is a smartwatch. Price: INR 21,995. Display size: not listed. Display type: AMOLED Display. Battery life: 2 days. Strap material: Stainless Steel. Customer rating: 4.2/5.",missing,dataset,
314,Fossil,FTW6005,smartwatch,19995.0,19995.0,0.0,3.8,,AMOLED Display,,2.0,,,Stainless Steel,,,False,,False,kaggle_devsubhash,"FTW6005 by Fossil is a smartwatch. Price: INR 19,995. Display size: not listed. Display type: AMOLED Display. Battery life: 2 days. Strap material: Stainless Steel. Customer rating: 3.8/5.",missing,dataset,
315,Fossil,FTW6006 Gold HR,smartwatch,21995.0,21995.0,0.0,3.7,,AMOLED Display,,6.0,,,Stainless Steel,,,False,,False,kaggle_devsubhash,"FTW6006 Gold HR by Fossil is a smartwatch. Price: INR 21,995. Display size: not listed. Display type: AMOLED Display. Battery life: 6 days. Strap material: Stainless Steel. Customer rating: 3.7/5.",missing,dataset,
316,Fossil,FTW6007,smartwatch,19995.0,19995.0,0.0,4.1,,AMOLED Display,,2.0,,,Leather,,,False,,False,kaggle_devsubhash,"FTW6007 by Fossil is a smartwatch. Price: INR 19,995. Display size: not listed. Display type: AMOLED Display. Battery life: 2 days. Strap material: Leather. Customer rating: 4.1/5.",missing,dataset,
317,Fossil,FTW6009 Black HR,smartwatch,13995.0,13995.0,0.0,4.1,,AMOLED Display,,14.0,,,Leather,,,False,,False,kaggle_devsubhash,"FTW6009 Black HR by Fossil is a smartwatch. Price: INR 13,995. Display size: not listed. Display type: AMOLED Display. Battery life: 14 days. Strap material: Leather. Customer rating: 4.1/5.",missing,dataset,
318,Fossil,FTW6010 Pink HR,smartwatch,15995.0,15995.0,0.0,4.4,,AMOLED Display,,14.0,,,Stainless Steel,,,False,,False,kaggle_devsubhash,"FTW6010 Pink HR by Fossil is a smartwatch. Price: INR 15,995. Display size: not listed. Display type: AMOLED Display. Battery life: 14 days. Strap material: Stainless Steel. Customer rating: 4.4/5.",missing,dataset,
319,Fossil,Fb-01 Hybrid Smartwatch Hr,smartwatch,9995.0,14995.0,33.3,3.9,57.0,,1.1,,False,True,Silicon,Circle,Black,False,,False,kaggle_arnabchaki,"Fb-01 Hybrid Smartwatch Hr by Fossil is a smartwatch. Price: INR 9,995 (MRP INR 14,995, 33.3% off). Display size: 1.1 inches. Battery life: not listed. Touchscreen: no. Bluetooth: yes. Strap material: Silicon. Customer rating: 3.9/5 from 57 ratings.",dataset,missing,1.1
320,Fossil,Garrett,smartwatch,8995.0,11995.0,25.0,3.7,,AMOLED Display,,1.0,,,Leather,,,False,,False,kaggle_devsubhash,"Garrett by Fossil is a smartwatch. Price: INR 8,995 (MRP INR 11,995, 25% off). Display size: not listed. Display type: AMOLED Display. Battery life: 1 days. Strap material: Leather. Customer rating: 3.7/5.",missing,dataset,
321,Fossil,Garrett HR,smartwatch,15289.0,22995.0,33.5,4.0,470.0,,1.3,,True,True,Stainless Steel,Circle,Silver,False,,False,kaggle_arnabchaki,"Garrett HR by Fossil is a smartwatch. Price: INR 15,289 (MRP INR 22,995, 33.5% off). Display size: 1.3 inches. Battery life: not listed. Touchscreen: yes. Bluetooth: yes. Strap material: Stainless Steel. Customer rating: 4.0/5 from 470 ratings.",dataset,missing,1.3
322,Fossil,Garrett HR,smartwatch,15995.0,22995.0,30.4,4.1,,AMOLED Display,,14.0,,,Stainless Steel,,,False,,False,kaggle_devsubhash,"Garrett HR by Fossil is a smartwatch. Price: INR 15,995 (MRP INR 22,995, 30.4% off). Display size: not listed. Display type: AMOLED Display. Battery life: 14 days. Strap material: Stainless Steel. Customer rating: 4.1/5.",missing,dataset,
323,Fossil,Garrett HR,smartwatch,14995.0,22995.0,34.8,4.1,,AMOLED Display,,14.0,,,Leather,,,False,,False,kaggle_devsubhash,"Garrett HR by Fossil is a smartwatch. Price: INR 14,995 (MRP INR 22,995, 34.8% off). Display size: not listed. Display type: AMOLED Display. Battery life: 14 days. Strap material: Leather. Customer rating: 4.1/5.",missing,dataset,
324,Fossil,Garrett Hybrid,smartwatch,6995.0,11995.0,41.7,3.7,,AMOLED Display,,12.0,,,Stainless Steel,,,False,,False,kaggle_devsubhash,"Garrett Hybrid by Fossil is a smartwatch. Price: INR 6,995 (MRP INR 11,995, 41.7% off). Display size: not listed. Display type: AMOLED Display. Battery life: 12 days. Strap material: Stainless Steel. Customer rating: 3.7/5.",missing,dataset,
325,Fossil,Garrett Hybrid,smartwatch,11995.0,11995.0,0.0,3.7,,AMOLED Display,,12.0,,,Leather,,,False,,False,kaggle_devsubhash,"Garrett Hybrid by Fossil is a smartwatch. Price: INR 11,995. Display size: not listed. Display type: AMOLED Display. Battery life: 12 days. Strap material: Leather. Customer rating: 3.7/5.",missing,dataset,
326,Fossil,Garrett Hybrid,smartwatch,10496.0,14995.0,30.0,3.7,,AMOLED Display,,12.0,,,Stainless Steel,,,False,,False,kaggle_devsubhash,"Garrett Hybrid by Fossil is a smartwatch. Price: INR 10,496 (MRP INR 14,995, 30% off). Display size: not listed. Display type: AMOLED Display. Battery life: 12 days. Strap material: Stainless Steel. Customer rating: 3.7/5.",missing,dataset,
327,Fossil,Gen 3 Q Explorist,smartwatch,15034.0,15034.0,0.0,4.3,,AMOLED Display,,2.0,,,Stainless Steel,,,False,,False,kaggle_devsubhash,"Gen 3 Q Explorist by Fossil is a smartwatch. Price: INR 15,034. Display size: not listed. Display type: AMOLED Display. Battery life: 2 days. Strap material: Stainless Steel. Customer rating: 4.3/5.",missing,dataset,
328,Fossil,Gen 3 Q Explorist,smartwatch,15749.0,19995.0,21.2,4.1,,AMOLED Display,,2.0,,,Stainless Steel,,,False,,False,kaggle_devsubhash,"Gen 3 Q Explorist by Fossil is a smartwatch. Price: INR 15,749 (MRP INR 19,995, 21.2% off). Display size: not listed. Display type: AMOLED Display. Battery life: 2 days. Strap material: Stainless Steel. Customer rating: 4.1/5.",missing,dataset,
329,Fossil,Gen 3 Q Explorist,smartwatch,3999.0,19995.0,80.0,4.2,,AMOLED Display,,2.0,,,Stainless Steel,,,False,,False,kaggle_devsubhash,"Gen 3 Q Explorist by Fossil is a smartwatch. Price: INR 3,999 (MRP INR 19,995, 80% off). Display size: not listed. Display type: AMOLED Display. Battery life: 2 days. Strap material: Stainless Steel. Customer rating: 4.2/5.",missing,dataset,
330,Fossil,Gen 3 Q Explorist,smartwatch,21995.0,21995.0,0.0,4.4,,AMOLED Display,,2.0,,,Stainless Steel,,,False,,False,kaggle_devsubhash,"Gen 3 Q Explorist by Fossil is a smartwatch. Price: INR 21,995. Display size: not listed. Display type: AMOLED Display. Battery life: 2 days. Strap material: Stainless Steel. Customer rating: 4.4/5.",missing,dataset,
331,Fossil,Gen 3 Q Venture,smartwatch,15396.0,21995.0,30.0,4.3,,AMOLED Display,,1.0,,,Stainless Steel,,,False,,False,kaggle_devsubhash,"Gen 3 Q Venture by Fossil is a smartwatch. Price: INR 15,396 (MRP INR 21,995, 30% off). Display size: not listed. Display type: AMOLED Display. Battery life: 1 days. Strap material: Stainless Steel. Customer rating: 4.3/5.",missing,dataset,
332,Fossil,Gen 3 Q Venture,smartwatch,19995.0,19995.0,0.0,4.3,,AMOLED Display,,1.0,,,Stainless Steel,,,False,,False,kaggle_devsubhash,"Gen 3 Q Venture by Fossil is a smartwatch. Price: INR 19,995. Display size: not listed. Display type: AMOLED Display. Battery life: 1 days. Strap material: Stainless Steel. Customer rating: 4.3/5.",missing,dataset,
333,Fossil,Gen 5 Carlyle HR,smartwatch,14995.0,22995.0,34.8,4.2,,AMOLED Display,,2.0,,,Leather,,,False,,False,kaggle_devsubhash,"Gen 5 Carlyle HR by Fossil is a smartwatch. Price: INR 14,995 (MRP INR 22,995, 34.8% off). Display size: not listed. Display type: AMOLED Display. Battery life: 2 days. Strap material: Leather. Customer rating: 4.2/5.",missing,dataset,
334,Fossil,Gen 5 Carlyle HR,smartwatch,15995.0,22995.0,30.4,4.2,,AMOLED Display,,2.0,,,Leather,,,False,,False,kaggle_devsubhash,"Gen 5 Carlyle HR by Fossil is a smartwatch. Price: INR 15,995 (MRP INR 22,995, 30.4% off). Display size: not listed. Display type: AMOLED Display. Battery life: 2 days. Strap material: Leather. Customer rating: 4.2/5.",missing,dataset,
335,Fossil,Gen 5 Garrett HR,smartwatch,15995.0,22995.0,30.4,4.1,,AMOLED Display,,2.0,,,Stainless Steel,,,False,,False,kaggle_devsubhash,"Gen 5 Garrett HR by Fossil is a smartwatch. Price: INR 15,995 (MRP INR 22,995, 30.4% off). Display size: not listed. Display type: AMOLED Display. Battery life: 2 days. Strap material: Stainless Steel. Customer rating: 4.1/5.",missing,dataset,
336,Fossil,Gen 5 Garrett HR,smartwatch,14995.0,22995.0,34.8,4.1,,AMOLED Display,,2.0,,,Stainless Steel,,,False,,False,kaggle_devsubhash,"Gen 5 Garrett HR by Fossil is a smartwatch. Price: INR 14,995 (MRP INR 22,995, 34.8% off). Display size: not listed. Display type: AMOLED Display. Battery life: 2 days. Strap material: Stainless Steel. Customer rating: 4.1/5.",missing,dataset,
337,Fossil,Gen 5 Julianna HR,smartwatch,18495.0,18495.0,0.0,3.8,,AMOLED Display,,2.0,,,Stainless Steel,,,False,,False,kaggle_devsubhash,"Gen 5 Julianna HR by Fossil is a smartwatch. Price: INR 18,495. Display size: not listed. Display type: AMOLED Display. Battery life: 2 days. Strap material: Stainless Steel. Customer rating: 3.8/5.",missing,dataset,
338,Fossil,Gen 5 Julianna HR,smartwatch,18995.0,22995.0,17.4,4.3,,AMOLED Display,,2.0,,,Stainless Steel,,,False,,False,kaggle_devsubhash,"Gen 5 Julianna HR by Fossil is a smartwatch. Price: INR 18,995 (MRP INR 22,995, 17.4% off). Display size: not listed. Display type: AMOLED Display. Battery life: 2 days. Strap material: Stainless Steel. Customer rating: 4.3/5.",missing,dataset,
339,Fossil,Gen 5 Julianna HR,smartwatch,15995.0,22995.0,30.4,4.3,,AMOLED Display,,2.0,,,Stainless Steel,,,False,,False,kaggle_devsubhash,"Gen 5 Julianna HR by Fossil is a smartwatch. Price: INR 15,995 (MRP INR 22,995, 30.4% off). Display size: not listed. Display type: AMOLED Display. Battery life: 2 days. Strap material: Stainless Steel. Customer rating: 4.3/5.",missing,dataset,
340,Fossil,Gen 5 Julianna HR,smartwatch,14995.0,22995.0,34.8,4.3,,AMOLED Display,,2.0,,,Stainless Steel,,,False,,False,kaggle_devsubhash,"Gen 5 Julianna HR by Fossil is a smartwatch. Price: INR 14,995 (MRP INR 22,995, 34.8% off). Display size: not listed. Display type: AMOLED Display. Battery life: 2 days. Strap material: Stainless Steel. Customer rating: 4.3/5.",missing,dataset,
341,Fossil,Gen 5E,smartwatch,18495.0,,0.0,3.8,172.0,,1.7,,True,True,Stainless Steel,Circle,Black,False,,False,kaggle_arnabchaki,"Gen 5E by Fossil is a smartwatch. Price: INR 18,495. Display size: 1.7 inches. Battery life: not listed. Touchscreen: yes. Bluetooth: yes. Strap material: Stainless Steel. Customer rating: 3.8/5 from 172 ratings.",dataset,missing,1.7
342,Fossil,Gen 6,smartwatch,23995.0,,0.0,4.2,343.0,,1.3,,True,True,Silicon,Circle,Purple,False,,False,kaggle_arnabchaki,"Gen 6 by Fossil is a smartwatch. Price: INR 23,995. Display size: 1.3 inches. Battery life: not listed. Touchscreen: yes. Bluetooth: yes. Strap material: Silicon. Customer rating: 4.2/5 from 343 ratings.",dataset,missing,1.3
343,Fossil,Jacqueline,smartwatch,13495.0,,0.0,4.7,,,1.3,,False,True,Stainless Steel,Circle,Black,False,,False,kaggle_arnabchaki,"Jacqueline by Fossil is a smartwatch. Price: INR 13,495. Display size: 1.3 inches. Battery life: not listed. Touchscreen: no. Bluetooth: yes. Strap material: Stainless Steel. Customer rating: 4.7/5.",dataset,missing,1.3
344,Fossil,Jacqueline Hybrid,smartwatch,10796.0,13495.0,20.0,4.0,,AMOLED Display,,12.0,,,Leather,,,False,,False,kaggle_devsubhash,"Jacqueline Hybrid by Fossil is a smartwatch. Price: INR 10,796 (MRP INR 13,495, 20% off). Display size: not listed. Display type: AMOLED Display. Battery life: 12 days. Strap material: Leather. Customer rating: 4.0/5.",missing,dataset,
345,Fossil,Jacqueline Hybrid,smartwatch,8995.0,13495.0,33.3,4.0,,AMOLED Display,,12.0,,,Leather,,,False,,False,kaggle_devsubhash,"Jacqueline Hybrid by Fossil is a smartwatch. Price: INR 8,995 (MRP INR 13,495, 33.3% off). Display size: not listed. Display type: AMOLED Display. Battery life: 12 days. Strap material: Leather. Customer rating: 4.0/5.",missing,dataset,
346,Fossil,Jacqueline Hybrid,smartwatch,11995.0,11995.0,0.0,4.6,,AMOLED Display,,12.0,,,Leather,,,False,,False,kaggle_devsubhash,"Jacqueline Hybrid by Fossil is a smartwatch. Price: INR 11,995. Display size: not listed. Display type: AMOLED Display. Battery life: 12 days. Strap material: Leather. Customer rating: 4.6/5.",missing,dataset,
347,Fossil,Jacqueline Hybrid,smartwatch,13495.0,13495.0,0.0,4.6,,AMOLED Display,,12.0,,,Leather,,,False,,False,kaggle_devsubhash,"Jacqueline Hybrid by Fossil is a smartwatch. Price: INR 13,495. Display size: not listed. Display type: AMOLED Display. Battery life: 12 days. Strap material: Leather. Customer rating: 4.6/5.",missing,dataset,
348,Fossil,Jacqueline Hybrid,smartwatch,6995.0,11995.0,41.7,4.6,,AMOLED Display,,12.0,,,Leather,,,False,,False,kaggle_devsubhash,"Jacqueline Hybrid by Fossil is a smartwatch. Price: INR 6,995 (MRP INR 11,995, 41.7% off). Display size: not listed. Display type: AMOLED Display. Battery life: 12 days. Strap material: Leather. Customer rating: 4.6/5.",missing,dataset,
349,Fossil,Julianna HR,smartwatch,9198.0,22995.0,60.0,4.3,283.0,,1.3,,True,True,Leather,Circle,Beige,False,,False,kaggle_arnabchaki,"Julianna HR by Fossil is a smartwatch. Price: INR 9,198 (MRP INR 22,995, 60% off). Display size: 1.3 inches. Battery life: not listed. Touchscreen: yes. Bluetooth: yes. Strap material: Leather. Customer rating: 4.3/5 from 283 ratings.",dataset,missing,1.3
350,Fossil,Latitude Hybrid HR,smartwatch,13196.0,16495.0,20.0,4.3,,AMOLED Display,,14.0,,,Stainless Steel,,,False,,False,kaggle_devsubhash,"Latitude Hybrid HR by Fossil is a smartwatch. Price: INR 13,196 (MRP INR 16,495, 20% off). Display size: not listed. Display type: AMOLED Display. Battery life: 14 days. Strap material: Stainless Steel. Customer rating: 4.3/5.",missing,dataset,
351,Fossil,Latitude Hybrid HR,smartwatch,12396.0,14995.0,17.3,4.3,,AMOLED Display,,14.0,,,Stainless Steel,,,False,,False,kaggle_devsubhash,"Latitude Hybrid HR by Fossil is a smartwatch. Price: INR 12,396 (MRP INR 14,995, 17.3% off). Display size: not listed. Display type: AMOLED Display. Battery life: 14 days. Strap material: Stainless Steel. Customer rating: 4.3/5.",missing,dataset,
352,Fossil,Machine Hybrid,smartwatch,11995.0,11995.0,0.0,4.6,,AMOLED Display,,12.0,,,Stainless Steel,,,False,,False,kaggle_devsubhash,"Machine Hybrid by Fossil is a smartwatch. Price: INR 11,995. Display size: not listed. Display type: AMOLED Display. Battery life: 12 days. Strap material: Stainless Steel. Customer rating: 4.6/5.",missing,dataset,
353,Fossil,Marshall,smartwatch,18995.0,18995.0,0.0,4.0,,AMOLED Display,,1.0,,,Stainless Steel,,,False,,False,kaggle_devsubhash,"Marshall by Fossil is a smartwatch. Price: INR 18,995. Display size: not listed. Display type: AMOLED Display. Battery life: 1 days. Strap material: Stainless Steel. Customer rating: 4.0/5.",missing,dataset,
354,Fossil,Marshall,smartwatch,19995.0,19995.0,0.0,4.1,,AMOLED Display,,1.0,,,Stainless Steel,,,False,,False,kaggle_devsubhash,"Marshall by Fossil is a smartwatch. Price: INR 19,995. Display size: not listed. Display type: AMOLED Display. Battery life: 1 days. Strap material: Stainless Steel. Customer rating: 4.1/5.",missing,dataset,
355,Fossil,Neely,smartwatch,13495.0,,0.0,4.7,3.0,,1.3,,False,True,Stainless Steel,Circle,Blue,False,,False,kaggle_arnabchaki,"Neely by Fossil is a smartwatch. Price: INR 13,495. Display size: 1.3 inches. Battery life: not listed. Touchscreen: no. Bluetooth: yes. Strap material: Stainless Steel. Customer rating: 4.7/5 from 3 ratings.",dataset,missing,1.3
356,Fossil,Neely,smartwatch,8995.0,13495.0,33.3,4.7,,AMOLED Display,,1.0,,,Leather,,,False,,False,kaggle_devsubhash,"Neely by Fossil is a smartwatch. Price: INR 8,995 (MRP INR 13,495, 33.3% off). Display size: not listed. Display type: AMOLED Display. Battery life: 1 days. Strap material: Leather. Customer rating: 4.7/5.",missing,dataset,
357,Fossil,Neutra Hybrid,smartwatch,13495.0,13495.0,0.0,5.0,,AMOLED Display,,12.0,,,Stainless Steel,,,False,,False,kaggle_devsubhash,"Neutra Hybrid by Fossil is a smartwatch. Price: INR 13,495. Display size: not listed. Display type: AMOLED Display. Battery life: 12 days. Strap material: Stainless Steel. Customer rating: 5.0/5.",missing,dataset,
358,Fossil,Neutra Hybrid,smartwatch,11995.0,11995.0,0.0,5.0,,AMOLED Display,,12.0,,,Leather,,,False,,False,kaggle_devsubhash,"Neutra Hybrid by Fossil is a smartwatch. Price: INR 11,995. Display size: not listed. Display type: AMOLED Display. Battery life: 12 days. Strap material: Leather. Customer rating: 5.0/5.",missing,dataset,
359,Fossil,Neutra Hybrid HR,smartwatch,16495.0,,0.0,4.7,,,1.1,,False,True,Stainless Steel,Circle,Silver,False,,False,kaggle_arnabchaki,"Neutra Hybrid HR by Fossil is a smartwatch. Price: INR 16,495. Display size: 1.1 inches. Battery life: not listed. Touchscreen: no. Bluetooth: yes. Strap material: Stainless Steel. Customer rating: 4.7/5.",dataset,missing,1.1
360,Fossil,Q ACTIVIST,smartwatch,6995.0,6995.0,0.0,3.0,,AMOLED Display,,1.0,,,leather,,,False,,False,kaggle_devsubhash,"Q ACTIVIST by Fossil is a smartwatch. Price: INR 6,995. Display size: not listed. Display type: AMOLED Display. Battery life: 1 days. Strap material: leather. Customer rating: 3.0/5.",missing,dataset,
361,Fossil,Q Annette,smartwatch,6995.0,13495.0,48.2,4.6,,AMOLED Display,,1.0,,,Leather,,,False,,False,kaggle_devsubhash,"Q Annette by Fossil is a smartwatch. Price: INR 6,995 (MRP INR 13,495, 48.2% off). Display size: not listed. Display type: AMOLED Display. Battery life: 1 days. Strap material: Leather. Customer rating: 4.6/5.",missing,dataset,
362,Fossil,Q Control,smartwatch,15995.0,15995.0,0.0,4.3,,AMOLED Display,,1.0,,,Silicone,,,False,,False,kaggle_devsubhash,"Q Control by Fossil is a smartwatch. Price: INR 15,995. Display size: not listed. Display type: AMOLED Display. Battery life: 1 days. Strap material: Silicone. Customer rating: 4.3/5.",missing,dataset,
363,Fossil,Q Explorist,smartwatch,19995.0,,0.0,4.4,69.0,,1.7,,True,True,Leather,Circle,Black,False,,False,kaggle_arnabchaki,"Q Explorist by Fossil is a smartwatch. Price: INR 19,995. Display size: 1.7 inches. Battery life: not listed. Touchscreen: yes. Bluetooth: yes. Strap material: Leather. Customer rating: 4.4/5 from 69 ratings.",dataset,missing,1.7
364,Fossil,Q Founder,smartwatch,19995.0,19995.0,0.0,4.2,,AMOLED Display,,1.0,,,Stainless Steel,,,False,,False,kaggle_devsubhash,"Q Founder by Fossil is a smartwatch. Price: INR 19,995. Display size: not listed. Display type: AMOLED Display. Battery life: 1 days. Strap material: Stainless Steel. Customer rating: 4.2/5.",missing,dataset,
365,Fossil,Q Founder 2.0,smartwatch,19995.0,19995.0,0.0,4.2,,AMOLED Display,,1.0,,,Stainless Steel,,,False,,False,kaggle_devsubhash,"Q Founder 2.0 by Fossil is a smartwatch. Price: INR 19,995. Display size: not listed. Display type: AMOLED Display. Battery life: 1 days. Strap material: Stainless Steel. Customer rating: 4.2/5.",missing,dataset,
366,Fossil,Q Founder 2.0,smartwatch,11397.0,18995.0,40.0,4.1,,AMOLED Display,,1.0,,,Stainless Steel,,,False,,False,kaggle_devsubhash,"Q Founder 2.0 by Fossil is a smartwatch. Price: INR 11,397 (MRP INR 18,995, 40% off). Display size: not listed. Display type: AMOLED Display. Battery life: 1 days. Strap material: Stainless Steel. Customer rating: 4.1/5.",missing,dataset,
367,Fossil,Q GRANT,smartwatch,6995.0,6995.0,0.0,4.6,,AMOLED Display,,7.0,,,Stainless Steel,,,False,,False,kaggle_devsubhash,"Q GRANT by Fossil is a smartwatch. Price: INR 6,995. Display size: not listed. Display type: AMOLED Display. Battery life: 7 days. Strap material: Stainless Steel. Customer rating: 4.6/5.",missing,dataset,
368,Fossil,Q Jacqueline,smartwatch,13495.0,,0.0,4.4,11.0,,1.3,,False,True,Stainless Steel,Circle,Silver,False,,False,kaggle_arnabchaki,"Q Jacqueline by Fossil is a smartwatch. Price: INR 13,495. Display size: 1.3 inches. Battery life: not listed. Touchscreen: no. Bluetooth: yes. Strap material: Stainless Steel. Customer rating: 4.4/5 from 11 ratings.",dataset,missing,1.3
369,Fossil,Q Jacqueline,smartwatch,8995.0,13495.0,33.3,4.4,,AMOLED Display,,1.0,,,Silicone,,,False,,False,kaggle_devsubhash,"Q Jacqueline by Fossil is a smartwatch. Price: INR 8,995 (MRP INR 13,495, 33.3% off). Display size: not listed. Display type: AMOLED Display. Battery life: 1 days. Strap material: Silicone. Customer rating: 4.4/5.",missing,dataset,
370,Fossil,Q MACHINE,smartwatch,6995.0,6995.0,0.0,4.6,,AMOLED Display,,1.0,,,Stainless Steel,,,False,,False,kaggle_devsubhash,"Q MACHINE by Fossil is a smartwatch. Price: INR 6,995. Display size: not listed. Display type: AMOLED Display. Battery life: 1 days. Strap material: Stainless Steel. Customer rating: 4.6/5.",missing,dataset,
371,Fossil,Q Machine,smartwatch,10796.0,13495.0,20.0,4.6,,AMOLED Display,,1.0,,,Stainless Steel,,,False,,False,kaggle_devsubhash,"Q Machine by Fossil is a smartwatch. Price: INR 10,796 (MRP INR 13,495, 20% off). Display size: not listed. Display type: AMOLED Display. Battery life: 1 days. Strap material: Stainless Steel. Customer rating: 4.6/5.",missing,dataset,
372,Fossil,Q Neely,smartwatch,6995.0,12995.0,46.2,4.6,,AMOLED Display,,2.0,,,Leather,,,False,,False,kaggle_devsubhash,"Q Neely by Fossil is a smartwatch. Price: INR 6,995 (MRP INR 12,995, 46.2% off). Display size: not listed. Display type: AMOLED Display. Battery life: 2 days. Strap material: Leather. Customer rating: 4.6/5.",missing,dataset,
373,Fossil,Q Venture,smartwatch,19999.0,21995.0,9.1,3.8,53.0,,1.7,,True,True,Stainless Steel,Circle,Silver,False,,False,kaggle_arnabchaki,"Q Venture by Fossil is a smartwatch. Price: INR 19,999 (MRP INR 21,995, 9.1% off). Display size: 1.7 inches. Battery life: not listed. Touchscreen: yes. Bluetooth: yes. Strap material: Stainless Steel. Customer rating: 3.8/5 from 53 ratings.",dataset,missing,1.7
374,Fossil,Q Venture,smartwatch,15995.0,15995.0,0.0,4.6,,AMOLED Display,,1.0,,,Leather,,,False,,False,kaggle_devsubhash,"Q Venture by Fossil is a smartwatch. Price: INR 15,995. Display size: not listed. Display type: AMOLED Display. Battery life: 1 days. Strap material: Leather. Customer rating: 4.6/5.",missing,dataset,
375,Fossil,Q Venture,smartwatch,4399.0,21995.0,80.0,3.8,,AMOLED Display,,1.0,,,Leather,,,False,,False,kaggle_devsubhash,"Q Venture by Fossil is a smartwatch. Price: INR 4,399 (MRP INR 21,995, 80% off). Display size: not listed. Display type: AMOLED Display. Battery life: 1 days. Strap material: Leather. Customer rating: 3.8/5.",missing,dataset,
376,Fossil,Q Wander,smartwatch,19995.0,19995.0,0.0,4.0,,AMOLED Display,,1.0,,,Stainless Steel,,,False,,False,kaggle_devsubhash,"Q Wander by Fossil is a smartwatch. Price: INR 19,995. Display size: not listed. Display type: AMOLED Display. Battery life: 1 days. Strap material: Stainless Steel. Customer rating: 4.0/5.",missing,dataset,
377,Fossil,Q Wander,smartwatch,3799.0,18995.0,80.0,4.0,,AMOLED Display,,1.0,,,Stainless Steel,,,False,,False,kaggle_devsubhash,"Q Wander by Fossil is a smartwatch. Price: INR 3,799 (MRP INR 18,995, 80% off). Display size: not listed. Display type: AMOLED Display. Battery life: 1 days. Strap material: Stainless Steel. Customer rating: 4.0/5.",missing,dataset,
378,Fossil,Q Wander,smartwatch,11997.0,19995.0,40.0,4.1,,AMOLED Display,,1.0,,,Stainless Steel,,,False,,False,kaggle_devsubhash,"Q Wander by Fossil is a smartwatch. Price: INR 11,997 (MRP INR 19,995, 40% off). Display size: not listed. Display type: AMOLED Display. Battery life: 1 days. Strap material: Stainless Steel. Customer rating: 4.1/5.",missing,dataset,
379,Fossil,Rose Gold HR,smartwatch,21995.0,21995.0,0.0,2.8,,AMOLED Display,,3.0,,,Stainless Steel,,,False,,False,kaggle_devsubhash,"Rose Gold HR by Fossil is a smartwatch. Price: INR 21,995. Display size: not listed. Display type: AMOLED Display. Battery life: 3 days. Strap material: Stainless Steel. Customer rating: 2.8/5.",missing,dataset,
380,Fossil,Rose Gold Smart,smartwatch,21995.0,21995.0,0.0,4.6,,AMOLED Display,,3.0,,,Stainless Steel,,,False,,False,kaggle_devsubhash,"Rose Gold Smart by Fossil is a smartwatch. Price: INR 21,995. Display size: not listed. Display type: AMOLED Display. Battery life: 3 days. Strap material: Stainless Steel. Customer rating: 4.6/5.",missing,dataset,
381,Fossil,Sadie Hybrid,smartwatch,8995.0,13495.0,33.3,4.0,,AMOLED Display,,10.0,,,Stainless Steel,,,False,,False,kaggle_devsubhash,"Sadie Hybrid by Fossil is a smartwatch. Price: INR 8,995 (MRP INR 13,495, 33.3% off). Display size: not listed. Display type: AMOLED Display. Battery life: 10 days. Strap material: Stainless Steel. Customer rating: 4.0/5.",missing,dataset,
382,Fossil,Sloan HR,smartwatch,21995.0,21995.0,0.0,4.1,,AMOLED Display,,14.0,,,Silicone,,,False,,False,kaggle_devsubhash,"Sloan HR by Fossil is a smartwatch. Price: INR 21,995. Display size: not listed. Display type: AMOLED Display. Battery life: 14 days. Strap material: Silicone. Customer rating: 4.1/5.",missing,dataset,
383,Fossil,Sloan HR,smartwatch,24495.0,24495.0,0.0,4.1,,AMOLED Display,,14.0,,,Silicone,,,False,,False,kaggle_devsubhash,"Sloan HR by Fossil is a smartwatch. Price: INR 24,495. Display size: not listed. Display type: AMOLED Display. Battery life: 14 days. Strap material: Silicone. Customer rating: 4.1/5.",missing,dataset,
384,Fossil,Sport,smartwatch,17995.0,17995.0,0.0,3.9,,AMOLED Display,,2.0,,,Silicone,,,False,,False,kaggle_devsubhash,"Sport by Fossil is a smartwatch. Price: INR 17,995. Display size: not listed. Display type: AMOLED Display. Battery life: 2 days. Strap material: Silicone. Customer rating: 3.9/5.",missing,dataset,
385,Fossil,Sport 41,smartwatch,17995.0,,0.0,4.0,599.0,,1.2,,True,True,Silicon,Circle,Blue,False,,False,kaggle_arnabchaki,"Sport 41 by Fossil is a smartwatch. Price: INR 17,995. Display size: 1.2 inches. Battery life: not listed. Touchscreen: yes. Bluetooth: yes. Strap material: Silicon. Customer rating: 4.0/5 from 599 ratings.",dataset,missing,1.2
386,Fossil,Sport 41,smartwatch,9995.0,17995.0,44.5,4.0,,AMOLED Display,,2.0,,,Silicone,,,False,,False,kaggle_devsubhash,"Sport 41 by Fossil is a smartwatch. Price: INR 9,995 (MRP INR 17,995, 44.5% off). Display size: not listed. Display type: AMOLED Display. Battery life: 2 days. Strap material: Silicone. Customer rating: 4.0/5.",missing,dataset,
387,Fossil,Sport 43,smartwatch,9995.0,17995.0,44.5,4.0,1532.0,,1.2,,True,True,Silicon,Circle,Blue,False,,False,kaggle_arnabchaki,"Sport 43 by Fossil is a smartwatch. Price: INR 9,995 (MRP INR 17,995, 44.5% off). Display size: 1.2 inches. Battery life: not listed. Touchscreen: yes. Bluetooth: yes. Strap material: Silicon. Customer rating: 4.0/5 from 1,532 ratings.",dataset,missing,1.2
388,Fossil,Sport Smartwatch,smartwatch,17995.0,,0.0,3.9,46.0,,1.2,,True,True,Silicon,Circle,Multicolor,False,,False,kaggle_arnabchaki,"Sport Smartwatch by Fossil is a smartwatch. Price: INR 17,995. Display size: 1.2 inches. Battery life: not listed. Touchscreen: yes. Bluetooth: yes. Strap material: Silicon. Customer rating: 3.9/5 from 46 ratings.",dataset,missing,1.2
389,Fossil,The Carlyle HR,smartwatch,14995.0,22995.0,34.8,4.0,4483.0,,1.3,,True,True,Stainless Steel,Circle,Grey,False,,False,kaggle_arnabchaki,"The Carlyle HR by Fossil is a smartwatch. Price: INR 14,995 (MRP INR 22,995, 34.8% off). Display size: 1.3 inches. Battery life: not listed. Touchscreen: yes. Bluetooth: yes. Strap material: Stainless Steel. Customer rating: 4.0/5 from 4,483 ratings.",dataset,missing,1.3
390,Fossil,The Carlyle HR,smartwatch,25995.0,25995.0,0.0,4.2,,AMOLED Display,,14.0,,,Leather,,,False,,False,kaggle_devsubhash,"The Carlyle HR by Fossil is a smartwatch. Price: INR 25,995. Display size: not listed. Display type: AMOLED Display. Battery life: 14 days. Strap material: Leather. Customer rating: 4.2/5.",missing,dataset,
391,Fossil,Wander RG,smartwatch,18995.0,,0.0,4.0,102.0,,,,True,True,Silicon,Circle,Black,False,,False,kaggle_arnabchaki,"Wander RG by Fossil is a smartwatch. Price: INR 18,995. Display size: not listed. Battery life: not listed. Touchscreen: yes. Bluetooth: yes. Strap material: Silicon. Customer rating: 4.0/5 from 102 ratings.",missing,missing,
392,Garmin,Approach S12,smartwatch,18990.0,20990.0,9.5,4.0,,OLED Display,,12.0,,,Silicone,,,False,,False,kaggle_devsubhash,"Approach S12 by Garmin is a smartwatch. Price: INR 18,990 (MRP INR 20,990, 9.5% off). Display size: not listed. Display type: OLED Display. Battery life: 12 days. Strap material: Silicone. Customer rating: 4.0/5.",missing,dataset,
393,Garmin,Approach S20,smartwatch,15990.0,19990.0,20.0,4.1,,OLED Display,,12.0,,,Silicone,,,False,,False,kaggle_devsubhash,"Approach S20 by Garmin is a smartwatch. Price: INR 15,990 (MRP INR 19,990, 20% off). Display size: not listed. Display type: OLED Display. Battery life: 12 days. Strap material: Silicone. Customer rating: 4.1/5.",missing,dataset,
394,Garmin,Approach S62,smartwatch,49990.0,51990.0,3.8,4.7,,,1.3,14.0,True,True,Silicon,Circle,Black,False,,False,kaggle_arnabchaki,"Approach S62 by Garmin is a smartwatch. Price: INR 49,990 (MRP INR 51,990, 3.8% off). Display size: 1.3 inches. Battery life: 14 days (estimate based on similar watches from this brand). Touchscreen: yes. Bluetooth: yes. Strap material: Silicon. Customer rating: 4.7/5.",dataset,imputed_brand_median,1.3
395,Garmin,Approach S62,smartwatch,46990.0,51990.0,9.6,4.1,,OLED Display,,12.0,,,Silicone,,,False,,False,kaggle_devsubhash,"Approach S62 by Garmin is a smartwatch. Price: INR 46,990 (MRP INR 51,990, 9.6% off). Display size: not listed. Display type: OLED Display. Battery life: 12 days. Strap material: Silicone. Customer rating: 4.1/5.",missing,dataset,
396,Garmin,"Epix Gen 2, Sapphire, Up to 16 days Battery, AMOLED Display, Real Time Stamina",smartwatch,98990.0,,0.0,4.7,6022.0,,,16.0,True,True,Silicon,Circle,Black,False,,False,kaggle_arnabchaki,"Epix Gen 2, Sapphire, Up to 16 days Battery, AMOLED Display, Real Time Stamina by Garmin is a smartwatch. Price: INR 98,990. Display size: not listed. Battery life: 16 days (from the product title). Touchscreen: yes. Bluetooth: yes. Strap material: Silicon. Customer rating: 4.7/5 from 6,022 ratings.",missing,extracted_from_title,
397,Garmin,"Epix Gen 2, Up to 16 days Battery, AMOLED Display, Real Time Stamina",smartwatch,89490.0,89990.0,0.6,4.7,6022.0,,,16.0,True,True,Silicon,Circle,Grey,False,,False,kaggle_arnabchaki,"Epix Gen 2, Up to 16 days Battery, AMOLED Display, Real Time Stamina by Garmin is a smartwatch. Price: INR 89,490 (MRP INR 89,990, 0.6% off). Display size: not listed. Battery life: 16 days (from the product title). Touchscreen: yes. Bluetooth: yes. Strap material: Silicon. Customer rating: 4.7/5 from 6,022 ratings.",missing,extracted_from_title,
398,Garmin,FORERUNNER 745 Magma Red,smartwatch,46990.0,51990.0,9.6,,,AMOLED Display,,14.0,,,Silicone,,,False,,False,kaggle_devsubhash,"FORERUNNER 745 Magma Red by Garmin is a smartwatch. Price: INR 46,990 (MRP INR 51,990, 9.6% off). Display size: not listed. Display type: AMOLED Display. Battery life: 14 days. Strap material: Silicone.",missing,dataset,
399,Garmin,FORRUNNER 235,smartwatch,22990.0,22990.0,0.0,,,LED Display,,14.0,,,Silicone,,,False,,False,kaggle_devsubhash,"FORRUNNER 235 by Garmin is a smartwatch. Price: INR 22,990. Display size: not listed. Display type: LED Display. Battery life: 14 days. Strap material: Silicone.",missing,dataset,
400,Garmin,Fenix,smartwatch,54990.0,54990.0,0.0,,,AMOLED Display,,30.0,,,Leather,,,False,,False,kaggle_devsubhash,"Fenix by Garmin is a smartwatch. Price: INR 54,990. Display size: not listed. Display type: AMOLED Display. Battery life: 30 days. Strap material: Leather.",missing,dataset,
401,Garmin,Fenix 5,smartwatch,47990.0,52990.0,9.4,,,AMOLED Display,,30.0,,,Silicone,,,False,,False,kaggle_devsubhash,"Fenix 5 by Garmin is a smartwatch. Price: INR 47,990 (MRP INR 52,990, 9.4% off). Display size: not listed. Display type: AMOLED Display. Battery life: 30 days. Strap material: Silicone.",missing,dataset,
402,Garmin,Fenix 5S Frost Blue,smartwatch,39990.0,53190.0,24.8,,,AMOLED Display,,30.0,,,Silicone,,,False,,False,kaggle_devsubhash,"Fenix 5S Frost Blue by Garmin is a smartwatch. Price: INR 39,990 (MRP INR 53,190, 24.8% off). Display size: not listed. Display type: AMOLED Display. Battery life: 30 days. Strap material: Silicone.",missing,dataset,
403,Garmin,Fenix 5S Plus,smartwatch,49990.0,53190.0,6.0,,,AMOLED Display,,30.0,,,Silicone,,,False,,False,kaggle_devsubhash,"Fenix 5S Plus by Garmin is a smartwatch. Price: INR 49,990 (MRP INR 53,190, 6% off). Display size: not listed. Display type: AMOLED Display. Battery life: 30 days. Strap material: Silicone.",missing,dataset,
404,Garmin,Fenix 5X,smartwatch,58490.0,58490.0,0.0,,,OLED Display,,30.0,,,Silicone,,,False,,False,kaggle_devsubhash,"Fenix 5X by Garmin is a smartwatch. Price: INR 58,490. Display size: not listed. Display type: OLED Display. Battery life: 30 days. Strap material: Silicone.",missing,dataset,
405,Garmin,Fenix 5X Plus,smartwatch,59990.0,79990.0,25.0,,,AMOLED Display,,30.0,,,Silicone,,,False,,False,kaggle_devsubhash,"Fenix 5X Plus by Garmin is a smartwatch. Price: INR 59,990 (MRP INR 79,990, 25% off). Display size: not listed. Display type: AMOLED Display. Battery life: 30 days. Strap material: Silicone.",missing,dataset,
406,Garmin,Fenix 5s,smartwatch,34990.0,49990.0,30.0,,,AMOLED Display,,30.0,,,Silicone,,,False,,False,kaggle_devsubhash,"Fenix 5s by Garmin is a smartwatch. Price: INR 34,990 (MRP INR 49,990, 30% off). Display size: not listed. Display type: AMOLED Display. Battery life: 30 days. Strap material: Silicone.",missing,dataset,
407,Garmin,Fenix 5s,smartwatch,54990.0,54990.0,0.0,,,AMOLED Display,,30.0,,,Silicone,,,False,,False,kaggle_devsubhash,"Fenix 5s by Garmin is a smartwatch. Price: INR 54,990. Display size: not listed. Display type: AMOLED Display. Battery life: 30 days. Strap material: Silicone.",missing,dataset,
408,Garmin,Fenix 6,smartwatch,74990.0,82990.0,9.6,,,OLED Display,,30.0,,,Leather,,,False,,False,kaggle_devsubhash,"Fenix 6 by Garmin is a smartwatch. Price: INR 74,990 (MRP INR 82,990, 9.6% off). Display size: not listed. Display type: OLED Display. Battery life: 30 days. Strap material: Leather.",missing,dataset,
409,Garmin,Fenix 6,smartwatch,77990.0,86690.0,10.0,,,OLED Display,,45.0,,,Nylon,,,False,,False,kaggle_devsubhash,"Fenix 6 by Garmin is a smartwatch. Price: INR 77,990 (MRP INR 86,690, 10% off). Display size: not listed. Display type: OLED Display. Battery life: 45 days. Strap material: Nylon.",missing,dataset,
410,Garmin,Fenix 6,smartwatch,76990.0,86690.0,11.2,,,LED Display,,30.0,,,Nylon,,,False,,False,kaggle_devsubhash,"Fenix 6 by Garmin is a smartwatch. Price: INR 76,990 (MRP INR 86,690, 11.2% off). Display size: not listed. Display type: LED Display. Battery life: 30 days. Strap material: Nylon.",missing,dataset,
411,Garmin,Fenix 6 Pro Solar,smartwatch,72990.0,88490.0,17.5,,,AMOLED Display,,45.0,,,Nylon,,,False,,False,kaggle_devsubhash,"Fenix 6 Pro Solar by Garmin is a smartwatch. Price: INR 72,990 (MRP INR 88,490, 17.5% off). Display size: not listed. Display type: AMOLED Display. Battery life: 45 days. Strap material: Nylon.",missing,dataset,
412,Garmin,Fenix 6 Pro Solar,smartwatch,84490.0,88490.0,4.5,,,AMOLED Display,,45.0,,,Nylon,,,False,,False,kaggle_devsubhash,"Fenix 6 Pro Solar by Garmin is a smartwatch. Price: INR 84,490 (MRP INR 88,490, 4.5% off). Display size: not listed. Display type: AMOLED Display. Battery life: 45 days. Strap material: Nylon.",missing,dataset,
413,Garmin,"Fenix 6 Sapphire Carbon Gray DLC, Wrist-Based Heart Rate and Pulse OX, Sensors",smartwatch,76990.0,96390.0,20.1,4.7,7.0,,1.3,14.0,True,True,Silicon,Circle,Silver,False,,False,kaggle_arnabchaki,"Fenix 6 Sapphire Carbon Gray DLC, Wrist-Based Heart Rate and Pulse OX, Sensors by Garmin is a smartwatch. Price: INR 76,990 (MRP INR 96,390, 20.1% off). Display size: 1.3 inches. Battery life: 14 days (estimate based on similar watches from this brand). Touchscreen: yes. Bluetooth: yes. Strap material: Silicon. Customer rating: 4.7/5 from 7 ratings.",dataset,imputed_brand_median,1.3
414,Garmin,Fenix 6 Sapphire Gray DLC,smartwatch,74990.0,82990.0,9.6,,,AMOLED Display,,30.0,,,Leather,,,False,,False,kaggle_devsubhash,"Fenix 6 Sapphire Gray DLC by Garmin is a smartwatch. Price: INR 74,990 (MRP INR 82,990, 9.6% off). Display size: not listed. Display type: AMOLED Display. Battery life: 30 days. Strap material: Leather.",missing,dataset,
415,Garmin,Fenix 6 Sapphire Titanium,smartwatch,81990.0,96690.0,15.2,,,AMOLED Display,,45.0,,,Leather ,,,False,,False,kaggle_devsubhash,"Fenix 6 Sapphire Titanium by Garmin is a smartwatch. Price: INR 81,990 (MRP INR 96,690, 15.2% off). Display size: not listed. Display type: AMOLED Display. Battery life: 45 days. Strap material: Leather .",missing,dataset,
416,Garmin,Fenix 6S,smartwatch,70990.0,84090.0,15.6,,,LED Display,,30.0,,,Stainless Steel,,,False,,False,kaggle_devsubhash,"Fenix 6S by Garmin is a smartwatch. Price: INR 70,990 (MRP INR 84,090, 15.6% off). Display size: not listed. Display type: LED Display. Battery life: 30 days. Strap material: Stainless Steel.",missing,dataset,
417,Garmin,Fenix 6S,smartwatch,77990.0,86690.0,10.0,,,AMOLED Display,,45.0,,,Nylon,,,False,,False,kaggle_devsubhash,"Fenix 6S by Garmin is a smartwatch. Price: INR 77,990 (MRP INR 86,690, 10% off). Display size: not listed. Display type: AMOLED Display. Battery life: 45 days. Strap material: Nylon.",missing,dataset,
418,Garmin,"Fenix 6S Sapphire, Premium GPS Watch, Music, Pace Guidance and Pulse Ox Sensors",smartwatch,64990.0,82990.0,21.7,4.7,,,1.2,14.0,True,True,Silicon,Circle,Black,False,,False,kaggle_arnabchaki,"Fenix 6S Sapphire, Premium GPS Watch, Music, Pace Guidance and Pulse Ox Sensors by Garmin is a smartwatch. Price: INR 64,990 (MRP INR 82,990, 21.7% off). Display size: 1.2 inches. Battery life: 14 days (estimate based on similar watches from this brand). Touchscreen: yes. Bluetooth: yes. Strap material: Silicon. Customer rating: 4.7/5.",dataset,imputed_brand_median,1.2
419,Garmin,Fenix 6X,smartwatch,79990.0,88490.0,9.6,,,AMOLED Display,,45.0,,,Nylon,,,False,,False,kaggle_devsubhash,"Fenix 6X by Garmin is a smartwatch. Price: INR 79,990 (MRP INR 88,490, 9.6% off). Display size: not listed. Display type: AMOLED Display. Battery life: 45 days. Strap material: Nylon.",missing,dataset,
420,Garmin,Fenix 6X,smartwatch,86990.0,96390.0,9.8,,,OLED Display,,45.0,,,Leather,,,False,,False,kaggle_devsubhash,"Fenix 6X by Garmin is a smartwatch. Price: INR 86,990 (MRP INR 96,390, 9.8% off). Display size: not listed. Display type: OLED Display. Battery life: 45 days. Strap material: Leather.",missing,dataset,
421,Garmin,Fenix 6X Solar,smartwatch,105990.0,119490.0,11.3,,,AMOLED Display,,45.0,,,Leather,,,False,,False,kaggle_devsubhash,"Fenix 6X Solar by Garmin is a smartwatch. Price: INR 105,990 (MRP INR 119,490, 11.3% off). Display size: not listed. Display type: AMOLED Display. Battery life: 45 days. Strap material: Leather.",missing,dataset,
422,Garmin,"Fenix 7 Multisport GPS Watch, Upto 18 Days Battery, Climbpro, Stamina, HRV",smartwatch,67490.0,67990.0,0.7,4.7,6022.0,,,18.0,True,True,Silicon,Circle,Grey,False,,False,kaggle_arnabchaki,"Fenix 7 Multisport GPS Watch, Upto 18 Days Battery, Climbpro, Stamina, HRV by Garmin is a smartwatch. Price: INR 67,490 (MRP INR 67,990, 0.7% off). Display size: not listed. Battery life: 18 days (from the product title). Touchscreen: yes. Bluetooth: yes. Strap material: Silicon. Customer rating: 4.7/5 from 6,022 ratings.",missing,extracted_from_title,
423,Garmin,"Fenix 7 Solar Multisport Watch, PacePro Technology, ClimbPro, Stamina Tracking",smartwatch,89490.0,93990.0,4.8,4.7,,,,14.0,True,True,Silicon,Circle,Black,False,,False,kaggle_arnabchaki,"Fenix 7 Solar Multisport Watch, PacePro Technology, ClimbPro, Stamina Tracking by Garmin is a smartwatch. Price: INR 89,490 (MRP INR 93,990, 4.8% off). Display size: not listed. Battery life: 14 days (estimate based on similar watches from this brand). Touchscreen: yes. Bluetooth: yes. Strap material: Silicon. Customer rating: 4.7/5.",missing,imputed_brand_median,
424,Garmin,"Fenix 7X Sapphire Solar, Up to 28 days/37 days with solar*, Built in Flashlight",smartwatch,139990.0,,0.0,4.7,6022.0,,,14.0,True,True,Stainless Steel,Circle,Silver,False,,False,kaggle_arnabchaki,"Fenix 7X Sapphire Solar, Up to 28 days/37 days with solar*, Built in Flashlight by Garmin is a smartwatch. Price: INR 139,990. Display size: not listed. Battery life: 14 days (estimate based on similar watches from this brand). Touchscreen: yes. Bluetooth: yes. Strap material: Stainless Steel. Customer rating: 4.7/5 from 6,022 ratings.",missing,imputed_brand_median,
425,Garmin,Forerunner,smartwatch,27990.0,27990.0,0.0,,,LED Display,,14.0,,,Silicone,,,False,,False,kaggle_devsubhash,"Forerunner by Garmin is a smartwatch. Price: INR 27,990. Display size: not listed. Display type: LED Display. Battery life: 14 days. Strap material: Silicone.",missing,dataset,
426,Garmin,Forerunner,smartwatch,29990.0,29990.0,0.0,,,AMOLED Display,,14.0,,,Silicone,,,False,,False,kaggle_devsubhash,"Forerunner by Garmin is a smartwatch. Price: INR 29,990. Display size: not listed. Display type: AMOLED Display. Battery life: 14 days. Strap material: Silicone.",missing,dataset,
427,Garmin,Forerunner,smartwatch,16990.0,16990.0,0.0,,,AMOLED Display,,14.0,,,Silicone,,,False,,False,kaggle_devsubhash,"Forerunner by Garmin is a smartwatch. Price: INR 16,990. Display size: not listed. Display type: AMOLED Display. Battery life: 14 days. Strap material: Silicone.",missing,dataset,
428,Garmin,Forerunner,smartwatch,44990.0,44990.0,0.0,,,AMOLED Display,,14.0,,,Leather,,,False,,False,kaggle_devsubhash,"Forerunner by Garmin is a smartwatch. Price: INR 44,990. Display size: not listed. Display type: AMOLED Display. Battery life: 14 days. Strap material: Leather.",missing,dataset,
429,Garmin,Forerunner 235,smartwatch,24990.0,31197.0,19.9,4.7,,LED Display,,14.0,,,Silicone,,,False,,False,kaggle_devsubhash,"Forerunner 235 by Garmin is a smartwatch. Price: INR 24,990 (MRP INR 31,197, 19.9% off). Display size: not listed. Display type: LED Display. Battery life: 14 days. Strap material: Silicone. Customer rating: 4.7/5.",missing,dataset,
430,Garmin,Forerunner 235,smartwatch,18990.0,22990.0,17.4,4.7,,LED Display,,14.0,,,Silicone,,,False,,False,kaggle_devsubhash,"Forerunner 235 by Garmin is a smartwatch. Price: INR 18,990 (MRP INR 22,990, 17.4% off). Display size: not listed. Display type: LED Display. Battery life: 14 days. Strap material: Silicone. Customer rating: 4.7/5.",missing,dataset,
431,Garmin,Forerunner 235,smartwatch,21999.0,27790.0,20.8,4.7,,LED Display,,14.0,,,Silicone,,,False,,False,kaggle_devsubhash,"Forerunner 235 by Garmin is a smartwatch. Price: INR 21,999 (MRP INR 27,790, 20.8% off). Display size: not listed. Display type: LED Display. Battery life: 14 days. Strap material: Silicone. Customer rating: 4.7/5.",missing,dataset,
432,Garmin,Forerunner 235 Activity Tracker,smartwatch,22990.0,22990.0,0.0,,,AMOLED Display,,14.0,,,Silicone,,,False,,False,kaggle_devsubhash,"Forerunner 235 Activity Tracker by Garmin is a smartwatch. Price: INR 22,990. Display size: not listed. Display type: AMOLED Display. Battery life: 14 days. Strap material: Silicone.",missing,dataset,
433,Garmin,Forerunner 245,smartwatch,24990.0,31490.0,20.6,4.6,,LCD Display,,7.0,,,Silicone,,,False,,False,kaggle_devsubhash,"Forerunner 245 by Garmin is a smartwatch. Price: INR 24,990 (MRP INR 31,490, 20.6% off). Display size: not listed. Display type: LCD Display. Battery life: 7 days. Strap material: Silicone. Customer rating: 4.6/5.",missing,dataset,
434,Garmin,Forerunner 245 Music,smartwatch,30000.0,36490.0,17.8,4.2,,LED Display,,7.0,,,Silicone,,,False,,False,kaggle_devsubhash,"Forerunner 245 Music by Garmin is a smartwatch. Price: INR 30,000 (MRP INR 36,490, 17.8% off). Display size: not listed. Display type: LED Display. Battery life: 7 days. Strap material: Silicone. Customer rating: 4.2/5.",missing,dataset,
435,Garmin,Forerunner 245 Music,smartwatch,33490.0,34990.0,4.3,4.2,,AMOLED Display,,14.0,,,Silicone,,,False,,False,kaggle_devsubhash,"Forerunner 245 Music by Garmin is a smartwatch. Price: INR 33,490 (MRP INR 34,990, 4.3% off). Display size: not listed. Display type: AMOLED Display. Battery life: 14 days. Strap material: Silicone. Customer rating: 4.2/5.",missing,dataset,
436,Garmin,Forerunner 245 Music Japan Edition,smartwatch,29990.0,36490.0,17.8,,,LED Display,,14.0,,,Silicone,,,False,,False,kaggle_devsubhash,"Forerunner 245 Music Japan Edition by Garmin is a smartwatch. Price: INR 29,990 (MRP INR 36,490, 17.8% off). Display size: not listed. Display type: LED Display. Battery life: 14 days. Strap material: Silicone.",missing,dataset,
437,Garmin,"Forerunner 245 Music, GPS Running Smartwatch, Advanced Running Dynamics",smartwatch,24990.0,36490.0,31.5,4.4,43.0,,1.2,14.0,False,True,Silicon,Circle,Red,False,,False,kaggle_arnabchaki,"Forerunner 245 Music, GPS Running Smartwatch, Advanced Running Dynamics by Garmin is a smartwatch. Price: INR 24,990 (MRP INR 36,490, 31.5% off). Display size: 1.2 inches. Battery life: 14 days (estimate based on similar watches from this brand). Touchscreen: no. Bluetooth: yes. Strap material: Silicon. Customer rating: 4.4/5 from 43 ratings.",dataset,imputed_brand_median,1.2
438,Garmin,"Forerunner 255, GPS Running Smartwatch, Advanced Insights, HRV Status",smartwatch,39490.0,,0.0,5.0,6.0,,1.3,14.0,False,True,Silicon,Circle,Grey,False,,False,kaggle_arnabchaki,"Forerunner 255, GPS Running Smartwatch, Advanced Insights, HRV Status by Garmin is a smartwatch. Price: INR 39,490. Display size: 1.3 inches. Battery life: 14 days (estimate based on similar watches from this brand). Touchscreen: no. Bluetooth: yes. Strap material: Silicon. Customer rating: 5.0/5 from 6 ratings.",dataset,imputed_brand_median,1.3
439,Garmin,Forerunner 35,smartwatch,16990.0,16990.0,0.0,,,AMOLED Display,,14.0,,,Silicone,,,False,,False,kaggle_devsubhash,"Forerunner 35 by Garmin is a smartwatch. Price: INR 16,990. Display size: not listed. Display type: AMOLED Display. Battery life: 14 days. Strap material: Silicone.",missing,dataset,
440,Garmin,Forerunner 45,smartwatch,14990.0,20990.0,28.6,4.4,,OLED Display,,7.0,,,Silicone,,,False,,False,kaggle_devsubhash,"Forerunner 45 by Garmin is a smartwatch. Price: INR 14,990 (MRP INR 20,990, 28.6% off). Display size: not listed. Display type: OLED Display. Battery life: 7 days. Strap material: Silicone. Customer rating: 4.4/5.",missing,dataset,
441,Garmin,Forerunner 55,smartwatch,20990.0,20990.0,0.0,,,AMOLED Display,,7.0,,,Silicone,,,False,,False,kaggle_devsubhash,"Forerunner 55 by Garmin is a smartwatch. Price: INR 20,990. Display size: not listed. Display type: AMOLED Display. Battery life: 7 days. Strap material: Silicone.",missing,dataset,
442,Garmin,"Forerunner 55, GPS Smartwatch, upto 2 Weeks of Battery Life, PacePro Technology",smartwatch,20990.0,,0.0,4.2,61.0,,1.0,14.0,False,True,Silicon,Circle,Blue,False,,False,kaggle_arnabchaki,"Forerunner 55, GPS Smartwatch, upto 2 Weeks of Battery Life, PacePro Technology by Garmin is a smartwatch. Price: INR 20,990. Display size: 1 inches. Battery life: 14 days (estimate based on similar watches from this brand). Touchscreen: no. Bluetooth: yes. Strap material: Silicon. Customer rating: 4.2/5 from 61 ratings.",dataset,imputed_brand_median,1.0
443,Garmin,Forerunner 735XT,smartwatch,39990.0,39990.0,0.0,,,LED Display,,14.0,,,Silicone,,,False,,False,kaggle_devsubhash,"Forerunner 735XT by Garmin is a smartwatch. Price: INR 39,990. Display size: not listed. Display type: LED Display. Battery life: 14 days. Strap material: Silicone.",missing,dataset,
444,Garmin,Forerunner 745 Black,smartwatch,46990.0,51990.0,9.6,5.0,,AMOLED Display,,14.0,,,Silicone,,,False,,False,kaggle_devsubhash,"Forerunner 745 Black by Garmin is a smartwatch. Price: INR 46,990 (MRP INR 51,990, 9.6% off). Display size: not listed. Display type: AMOLED Display. Battery life: 14 days. Strap material: Silicone. Customer rating: 5.0/5.",missing,dataset,
445,Garmin,Forerunner 745 Whitestone,smartwatch,46990.0,51990.0,9.6,,,OLED Display,,14.0,,,Silicone,,,False,,False,kaggle_devsubhash,"Forerunner 745 Whitestone by Garmin is a smartwatch. Price: INR 46,990 (MRP INR 51,990, 9.6% off). Display size: not listed. Display type: OLED Display. Battery life: 14 days. Strap material: Silicone.",missing,dataset,
446,Garmin,"Forerunner 745, GPS Multisport Watch, Training Stats, Advanced Running Dynamics",smartwatch,34990.0,51990.0,32.7,4.3,6.0,,1.2,14.0,False,True,Silicon,Circle,Red,False,,False,kaggle_arnabchaki,"Forerunner 745, GPS Multisport Watch, Training Stats, Advanced Running Dynamics by Garmin is a smartwatch. Price: INR 34,990 (MRP INR 51,990, 32.7% off). Display size: 1.2 inches. Battery life: 14 days (estimate based on similar watches from this brand). Touchscreen: no. Bluetooth: yes. Strap material: Silicon. Customer rating: 4.3/5 from 6 ratings.",dataset,imputed_brand_median,1.2
447,Garmin,Forerunner 935,smartwatch,42990.0,42990.0,0.0,4.7,,OLED Display,,14.0,,,Silicone,,,False,,False,kaggle_devsubhash,"Forerunner 935 by Garmin is a smartwatch. Price: INR 42,990. Display size: not listed. Display type: OLED Display. Battery life: 14 days. Strap material: Silicone. Customer rating: 4.7/5.",missing,dataset,
448,Garmin,Forerunner 935,smartwatch,33742.0,48990.0,31.1,4.7,,OLED Display,,14.0,,,Silicone,,,False,,False,kaggle_devsubhash,"Forerunner 935 by Garmin is a smartwatch. Price: INR 33,742 (MRP INR 48,990, 31.1% off). Display size: not listed. Display type: OLED Display. Battery life: 14 days. Strap material: Silicone. Customer rating: 4.7/5.",missing,dataset,
449,Garmin,Forerunner 935,smartwatch,39990.0,48790.0,18.0,4.7,,AMOLED Display,,14.0,,,Silicone,,,False,,False,kaggle_devsubhash,"Forerunner 935 by Garmin is a smartwatch. Price: INR 39,990 (MRP INR 48,790, 18% off). Display size: not listed. Display type: AMOLED Display. Battery life: 14 days. Strap material: Silicone. Customer rating: 4.7/5.",missing,dataset,
450,Garmin,Forerunner 945,smartwatch,56490.0,62490.0,9.6,4.2,,OLED Display,,14.0,,,Silicone,,,False,,False,kaggle_devsubhash,"Forerunner 945 by Garmin is a smartwatch. Price: INR 56,490 (MRP INR 62,490, 9.6% off). Display size: not listed. Display type: OLED Display. Battery life: 14 days. Strap material: Silicone. Customer rating: 4.2/5.",missing,dataset,
451,Garmin,"Forerunner 945, Premium GPS Running/Triathlon Smartwatch with Music",smartwatch,46990.0,62490.0,24.8,4.1,10.0,,1.9,14.0,False,True,Silicon,Circle,Black,False,,False,kaggle_arnabchaki,"Forerunner 945, Premium GPS Running/Triathlon Smartwatch with Music by Garmin is a smartwatch. Price: INR 46,990 (MRP INR 62,490, 24.8% off). Display size: 1.9 inches. Battery life: 14 days (estimate based on similar watches from this brand). Touchscreen: no. Bluetooth: yes. Strap material: Silicon. Customer rating: 4.1/5 from 10 ratings.",dataset,imputed_brand_median,1.9
452,Garmin,"Forerunner 955 Solar charging upto 20 days, HRV & Stamina Status, Triathlon",smartwatch,67490.0,,0.0,4.7,,,1.3,14.0,False,True,Silicon,Circle,White,False,,False,kaggle_arnabchaki,"Forerunner 955 Solar charging upto 20 days, HRV & Stamina Status, Triathlon by Garmin is a smartwatch. Price: INR 67,490. Display size: 1.3 inches. Battery life: 14 days (estimate based on similar watches from this brand). Touchscreen: no. Bluetooth: yes. Strap material: Silicon. Customer rating: 4.7/5.",dataset,imputed_brand_median,1.3
453,Garmin,Forerunner Fitness Notifier,smartwatch,15990.0,16743.0,4.5,,,LED Display,,14.0,,,Silicone,,,False,,False,kaggle_devsubhash,"Forerunner Fitness Notifier by Garmin is a smartwatch. Price: INR 15,990 (MRP INR 16,743, 4.5% off). Display size: not listed. Display type: LED Display. Battery life: 14 days. Strap material: Silicone.",missing,dataset,
454,Garmin,Forerunner15 Heart,smartwatch,12999.0,14499.0,10.3,4.7,,AMOLED Display,,14.0,,,Silicone,,,False,,False,kaggle_devsubhash,"Forerunner15 Heart by Garmin is a smartwatch. Price: INR 12,999 (MRP INR 14,499, 10.3% off). Display size: not listed. Display type: AMOLED Display. Battery life: 14 days. Strap material: Silicone. Customer rating: 4.7/5.",missing,dataset,
455,Garmin,Garmin Instinct HR,smartwatch,34990.0,41490.0,15.7,4.1,,AMOLED Display,,14.0,,,Silicone,,,False,,False,kaggle_devsubhash,"Garmin Instinct HR by Garmin is a smartwatch. Price: INR 34,990 (MRP INR 41,490, 15.7% off). Display size: not listed. Display type: AMOLED Display. Battery life: 14 days. Strap material: Silicone. Customer rating: 4.1/5.",missing,dataset,
456,Garmin,Garmin Instinct HR,smartwatch,20990.0,28490.0,26.3,3.7,,AMOLED Display,,7.0,,,Silicone,,,False,,False,kaggle_devsubhash,"Garmin Instinct HR by Garmin is a smartwatch. Price: INR 20,990 (MRP INR 28,490, 26.3% off). Display size: not listed. Display type: AMOLED Display. Battery life: 7 days. Strap material: Silicone. Customer rating: 3.7/5.",missing,dataset,
457,Garmin,Garmin Instinct Solar Tactical,smartwatch,46990.0,51990.0,9.6,,,AMOLED Display,,14.0,,,Silicone,,,False,,False,kaggle_devsubhash,"Garmin Instinct Solar Tactical by Garmin is a smartwatch. Price: INR 46,990 (MRP INR 51,990, 9.6% off). Display size: not listed. Display type: AMOLED Display. Battery life: 14 days. Strap material: Silicone.",missing,dataset,
458,Garmin,Garmin Instinct Solar Tactical,smartwatch,42990.0,47490.0,9.5,,,AMOLED Display,,14.0,,,Silicone,,,False,,False,kaggle_devsubhash,"Garmin Instinct Solar Tactical by Garmin is a smartwatch. Price: INR 42,990 (MRP INR 47,490, 9.5% off). Display size: not listed. Display type: AMOLED Display. Battery life: 14 days. Strap material: Silicone.",missing,dataset,
459,Garmin,Garmin Instinct Tactical,smartwatch,19990.0,31490.0,36.5,4.7,,AMOLED Display,,7.0,,,Silicone,,,False,,False,kaggle_devsubhash,"Garmin Instinct Tactical by Garmin is a smartwatch. Price: INR 19,990 (MRP INR 31,490, 36.5% off). Display size: not listed. Display type: AMOLED Display. Battery life: 7 days. Strap material: Silicone. Customer rating: 4.7/5.",missing,dataset,
460,Garmin,HR GPS Smart,smartwatch,15999.0,20000.0,20.0,,,AMOLED Display,,14.0,,,Silicone,,,False,,False,kaggle_devsubhash,"HR GPS Smart by Garmin is a smartwatch. Price: INR 15,999 (MRP INR 20,000, 20% off). Display size: not listed. Display type: AMOLED Display. Battery life: 14 days. Strap material: Silicone.",missing,dataset,
461,Garmin,HRM-Swim,smartwatch,8990.0,8990.0,0.0,,,AMOLED Display,,14.0,,,Silicone,,,False,,False,kaggle_devsubhash,"HRM-Swim by Garmin is a smartwatch. Price: INR 8,990. Display size: not listed. Display type: AMOLED Display. Battery life: 14 days. Strap material: Silicone.",missing,dataset,
462,Garmin,Hybrid,smartwatch,15911.0,21335.0,25.4,,,LED Display,,7.0,,,Silicone,,,False,,False,kaggle_devsubhash,"Hybrid by Garmin is a smartwatch. Price: INR 15,911 (MRP INR 21,335, 25.4% off). Display size: not listed. Display type: LED Display. Battery life: 7 days. Strap material: Silicone.",missing,dataset,
463,Garmin,Hybrid 3,smartwatch,19990.0,25990.0,23.1,,,LED Display,,14.0,,,Silicone,,,False,,False,kaggle_devsubhash,"Hybrid 3 by Garmin is a smartwatch. Price: INR 19,990 (MRP INR 25,990, 23.1% off). Display size: not listed. Display type: LED Display. Battery life: 14 days. Strap material: Silicone.",missing,dataset,
464,Garmin,Instinct,smartwatch,19990.0,28490.0,29.8,4.4,,LED Display,,7.0,,,Silicone,,,False,,False,kaggle_devsubhash,"Instinct by Garmin is a smartwatch. Price: INR 19,990 (MRP INR 28,490, 29.8% off). Display size: not listed. Display type: LED Display. Battery life: 7 days. Strap material: Silicone. Customer rating: 4.4/5.",missing,dataset,
465,Garmin,Instinct,smartwatch,25249.0,26990.0,6.5,4.4,,OLED Display,,14.0,,,Silicone,,,False,,False,kaggle_devsubhash,"Instinct by Garmin is a smartwatch. Price: INR 25,249 (MRP INR 26,990, 6.5% off). Display size: not listed. Display type: OLED Display. Battery life: 14 days. Strap material: Silicone. Customer rating: 4.4/5.",missing,dataset,
466,Garmin,"Instinct 2 Solar, Battery Up to 28 days/Unlimited with solar*, Tracback Routing",smartwatch,44990.0,46990.0,4.3,4.0,6.0,,0.9,28.0,False,True,Silicon,Circle,Black,False,,False,kaggle_arnabchaki,"Instinct 2 Solar, Battery Up to 28 days/Unlimited with solar*, Tracback Routing by Garmin is a smartwatch. Price: INR 44,990 (MRP INR 46,990, 4.3% off). Display size: 0.9 inches. Battery life: 28 days (from the product title). Touchscreen: no. Bluetooth: yes. Strap material: Silicon. Customer rating: 4.0/5 from 6 ratings.",dataset,extracted_from_title,0.9
467,Garmin,"Instinct 2 Solar, Rugged Outdoor SmartWatch, Multi GNSS, Tracback Routing",smartwatch,44990.0,50490.0,10.9,4.0,6.0,,0.9,14.0,False,True,Silicon,Circle,Blue,False,,False,kaggle_arnabchaki,"Instinct 2 Solar, Rugged Outdoor SmartWatch, Multi GNSS, Tracback Routing by Garmin is a smartwatch. Price: INR 44,990 (MRP INR 50,490, 10.9% off). Display size: 0.9 inches. Battery life: 14 days (estimate based on similar watches from this brand). Touchscreen: no. Bluetooth: yes. Strap material: Silicon. Customer rating: 4.0/5 from 6 ratings.",dataset,imputed_brand_median,0.9
468,Garmin,"Instinct 2 Solar, Tactical Rugged SmartWatch, Multi GNSS, Tracback Routing",smartwatch,50490.0,55990.0,9.8,4.7,109.0,,0.9,14.0,False,True,Silicon,Circle,Brown,False,,False,kaggle_arnabchaki,"Instinct 2 Solar, Tactical Rugged SmartWatch, Multi GNSS, Tracback Routing by Garmin is a smartwatch. Price: INR 50,490 (MRP INR 55,990, 9.8% off). Display size: 0.9 inches. Battery life: 14 days (estimate based on similar watches from this brand). Touchscreen: no. Bluetooth: yes. Strap material: Silicon. Customer rating: 4.7/5 from 109 ratings.",dataset,imputed_brand_median,0.9
469,Garmin,"Instinct 2, Battery Upto 28 days, Tracback Routing, Multi GNSS, Health Snapshot",smartwatch,33490.0,36990.0,9.5,4.6,5.0,,0.9,28.0,False,True,Silicon,Circle,Black,False,,False,kaggle_arnabchaki,"Instinct 2, Battery Upto 28 days, Tracback Routing, Multi GNSS, Health Snapshot by Garmin is a smartwatch. Price: INR 33,490 (MRP INR 36,990, 9.5% off). Display size: 0.9 inches. Battery life: 28 days (from the product title). Touchscreen: no. Bluetooth: yes. Strap material: Silicon. Customer rating: 4.6/5 from 5 ratings.",dataset,extracted_from_title,0.9
470,Garmin,"Instinct 2, Rugged Outdoor Watch with GPS, Built for All Elements, Multi-GNSS",smartwatch,39490.0,44990.0,12.2,4.7,109.0,,0.9,14.0,False,True,Silicon,Circle,Grey,False,,False,kaggle_arnabchaki,"Instinct 2, Rugged Outdoor Watch with GPS, Built for All Elements, Multi-GNSS by Garmin is a smartwatch. Price: INR 39,490 (MRP INR 44,990, 12.2% off). Display size: 0.9 inches. Battery life: 14 days (estimate based on similar watches from this brand). Touchscreen: no. Bluetooth: yes. Strap material: Silicon. Customer rating: 4.7/5 from 109 ratings.",dataset,imputed_brand_median,0.9
471,Garmin,"Instinct 2S Solar, Battery Upto 21 days/51 days with solar*, SPO2, HIIT workout",smartwatch,44990.0,50490.0,10.9,4.7,,,,21.0,False,True,Silicon,Circle,Green,False,,False,kaggle_arnabchaki,"Instinct 2S Solar, Battery Upto 21 days/51 days with solar*, SPO2, HIIT workout by Garmin is a smartwatch. Price: INR 44,990 (MRP INR 50,490, 10.9% off). Display size: not listed. Battery life: 21 days (from the product title). Touchscreen: no. Bluetooth: yes. Strap material: Silicon. Customer rating: 4.7/5.",missing,extracted_from_title,
472,Garmin,"Instinct 2S, Battery Upto 21 days, Health Snapshot, SPO2, HIIT workout, VO2 Max",smartwatch,33490.0,39490.0,15.2,4.7,109.0,,,21.0,False,False,Silicon,Circle,Red,False,,False,kaggle_arnabchaki,"Instinct 2S, Battery Upto 21 days, Health Snapshot, SPO2, HIIT workout, VO2 Max by Garmin is a smartwatch. Price: INR 33,490 (MRP INR 39,490, 15.2% off). Display size: not listed. Battery life: 21 days (from the product title). Touchscreen: no. Bluetooth: no. Strap material: Silicon. Customer rating: 4.7/5 from 109 ratings.",missing,extracted_from_title,
473,Garmin,"Instinct Esports Edition, Broadcast stress level & HR to PC gaming streams*",smartwatch,22990.0,31490.0,27.0,4.1,20.0,,0.9,14.0,False,True,Silicon,Circle,Black,False,,False,kaggle_arnabchaki,"Instinct Esports Edition, Broadcast stress level & HR to PC gaming streams* by Garmin is a smartwatch. Price: INR 22,990 (MRP INR 31,490, 27% off). Display size: 0.9 inches. Battery life: 14 days (estimate based on similar watches from this brand). Touchscreen: no. Bluetooth: yes. Strap material: Silicon. Customer rating: 4.1/5 from 20 ratings.",dataset,imputed_brand_median,0.9
474,Garmin,Instinct Solar Camo Edition,smartwatch,47490.0,47490.0,0.0,4.7,,AMOLED Display,,14.0,,,Silicone,,,False,,False,kaggle_devsubhash,"Instinct Solar Camo Edition by Garmin is a smartwatch. Price: INR 47,490. Display size: not listed. Display type: AMOLED Display. Battery life: 14 days. Strap material: Silicone. Customer rating: 4.7/5.",missing,dataset,
475,Garmin,Instinct Solar Tidal,smartwatch,34990.0,41490.0,15.7,,,AMOLED Display,,14.0,,,Silicone,,,False,,False,kaggle_devsubhash,"Instinct Solar Tidal by Garmin is a smartwatch. Price: INR 34,990 (MRP INR 41,490, 15.7% off). Display size: not listed. Display type: AMOLED Display. Battery life: 14 days. Strap material: Silicone.",missing,dataset,
476,Garmin,Lily,smartwatch,18990.0,20990.0,9.5,3.3,,AMOLED Display,,7.0,,,Silicone,,,False,,False,kaggle_devsubhash,"Lily by Garmin is a smartwatch. Price: INR 18,990 (MRP INR 20,990, 9.5% off). Display size: not listed. Display type: AMOLED Display. Battery life: 7 days. Strap material: Silicone. Customer rating: 3.3/5.",missing,dataset,
477,Garmin,Lily,smartwatch,23490.0,25990.0,9.6,3.3,,AMOLED Display,,7.0,,,Silicone,,,False,,False,kaggle_devsubhash,"Lily by Garmin is a smartwatch. Price: INR 23,490 (MRP INR 25,990, 9.6% off). Display size: not listed. Display type: AMOLED Display. Battery life: 7 days. Strap material: Silicone. Customer rating: 3.3/5.",missing,dataset,
478,Garmin,Rubber 35,smartwatch,16990.0,16990.0,0.0,2.0,,LED Display,,14.0,,,Silicone,,,False,,False,kaggle_devsubhash,"Rubber 35 by Garmin is a smartwatch. Price: INR 16,990. Display size: not listed. Display type: LED Display. Battery life: 14 days. Strap material: Silicone. Customer rating: 2.0/5.",missing,dataset,
479,Garmin,Running GPS 935,smartwatch,42990.0,42990.0,0.0,,,AMOLED Display,,14.0,,,Leather,,,False,,False,kaggle_devsubhash,"Running GPS 935 by Garmin is a smartwatch. Price: INR 42,990. Display size: not listed. Display type: AMOLED Display. Battery life: 14 days. Strap material: Leather.",missing,dataset,
480,Garmin,Swim 2,smartwatch,20990.0,26990.0,22.2,,,AMOLED Display,,7.0,,,Silicone,,,False,,False,kaggle_devsubhash,"Swim 2 by Garmin is a smartwatch. Price: INR 20,990 (MRP INR 26,990, 22.2% off). Display size: not listed. Display type: AMOLED Display. Battery life: 7 days. Strap material: Silicone.",missing,dataset,
481,Garmin,VIVOACTIVE 4S,smartwatch,34990.0,34990.0,0.0,,,OLED Display,,14.0,,,Silicone,,,False,,False,kaggle_devsubhash,"VIVOACTIVE 4S by Garmin is a smartwatch. Price: INR 34,990. Display size: not listed. Display type: OLED Display. Battery life: 14 days. Strap material: Silicone.",missing,dataset,
482,Garmin,VIVOMOVE 3S Navy,smartwatch,19990.0,25990.0,23.1,,,LED Display,,14.0,,,Silicone,,,False,,False,kaggle_devsubhash,"VIVOMOVE 3S Navy by Garmin is a smartwatch. Price: INR 19,990 (MRP INR 25,990, 23.1% off). Display size: not listed. Display type: LED Display. Battery life: 14 days. Strap material: Silicone.",missing,dataset,
483,Garmin,VIVOMOVE LUXE,smartwatch,35990.0,47490.0,24.2,,,AMOLED Display,,14.0,,,Silicone,,,False,,False,kaggle_devsubhash,"VIVOMOVE LUXE by Garmin is a smartwatch. Price: INR 35,990 (MRP INR 47,490, 24.2% off). Display size: not listed. Display type: AMOLED Display. Battery life: 14 days. Strap material: Silicone.",missing,dataset,
484,Garmin,Venu,smartwatch,31990.0,39990.0,20.0,4.0,,AMOLED Display,,7.0,,,Silicone,,,False,,False,kaggle_devsubhash,"Venu by Garmin is a smartwatch. Price: INR 31,990 (MRP INR 39,990, 20% off). Display size: not listed. Display type: AMOLED Display. Battery life: 7 days. Strap material: Silicone. Customer rating: 4.0/5.",missing,dataset,
485,Garmin,Venu,smartwatch,32990.0,39990.0,17.5,4.0,,LED Display,,14.0,,,Silicone,,,False,,False,kaggle_devsubhash,"Venu by Garmin is a smartwatch. Price: INR 32,990 (MRP INR 39,990, 17.5% off). Display size: not listed. Display type: LED Display. Battery life: 14 days. Strap material: Silicone. Customer rating: 4.0/5.",missing,dataset,
486,Garmin,Venu 2,smartwatch,41990.0,41990.0,0.0,4.7,,AMOLED Display,,14.0,,,Leather,,,False,,False,kaggle_devsubhash,"Venu 2 by Garmin is a smartwatch. Price: INR 41,990. Display size: not listed. Display type: AMOLED Display. Battery life: 14 days. Strap material: Leather. Customer rating: 4.7/5.",missing,dataset,
487,Garmin,"Venu 2 Plus, AMOLED Display, Built in Speaker & MIC, Upto 9 Days Battery, SPO2",smartwatch,46990.0,,0.0,4.5,8.0,,1.3,9.0,True,True,Silicon,Circle,White,False,,False,kaggle_arnabchaki,"Venu 2 Plus, AMOLED Display, Built in Speaker & MIC, Upto 9 Days Battery, SPO2 by Garmin is a smartwatch. Price: INR 46,990. Display size: 1.3 inches. Battery life: 9 days (from the product title). Touchscreen: yes. Bluetooth: yes. Strap material: Silicon. Customer rating: 4.5/5 from 8 ratings.",dataset,extracted_from_title,1.3
488,Garmin,"Venu 2, GPS Smartwatch, AMOLED Display, Upto 11 Days Battery, SPO2 & Music",smartwatch,39490.0,41990.0,6.0,4.8,6.0,,,11.0,True,True,Silicon,Circle,Blue,False,,False,kaggle_arnabchaki,"Venu 2, GPS Smartwatch, AMOLED Display, Upto 11 Days Battery, SPO2 & Music by Garmin is a smartwatch. Price: INR 39,490 (MRP INR 41,990, 6% off). Display size: not listed. Battery life: 11 days (from the product title). Touchscreen: yes. Bluetooth: yes. Strap material: Silicon. Customer rating: 4.8/5 from 6 ratings.",missing,extracted_from_title,
489,Garmin,Venu 2S,smartwatch,37990.0,37990.0,0.0,4.2,,AMOLED Display,,14.0,,,Silicone,,,False,,False,kaggle_devsubhash,"Venu 2S by Garmin is a smartwatch. Price: INR 37,990. Display size: not listed. Display type: AMOLED Display. Battery life: 14 days. Strap material: Silicone. Customer rating: 4.2/5.",missing,dataset,
490,Garmin,"Venu 2S, GPS Smartwatch, AMOLED Display, Upto 11 Days Battery, SPO2 & Music",smartwatch,39490.0,44990.0,12.2,4.7,109.0,,,11.0,True,True,Silicon,Circle,White,False,,False,kaggle_arnabchaki,"Venu 2S, GPS Smartwatch, AMOLED Display, Upto 11 Days Battery, SPO2 & Music by Garmin is a smartwatch. Price: INR 39,490 (MRP INR 44,990, 12.2% off). Display size: not listed. Battery life: 11 days (from the product title). Touchscreen: yes. Bluetooth: yes. Strap material: Silicon. Customer rating: 4.7/5 from 109 ratings.",missing,extracted_from_title,
491,Garmin,Venu Sq,smartwatch,15990.0,20990.0,23.8,4.2,,AMOLED Display,,7.0,,,Silicone,,,False,,False,kaggle_devsubhash,"Venu Sq by Garmin is a smartwatch. Price: INR 15,990 (MRP INR 20,990, 23.8% off). Display size: not listed. Display type: AMOLED Display. Battery life: 7 days. Strap material: Silicone. Customer rating: 4.2/5.",missing,dataset,
492,Garmin,Venu Sq - Music Edition,smartwatch,20990.0,25990.0,19.2,4.3,,AMOLED Display,,7.0,,,Silicone,,,False,,False,kaggle_devsubhash,"Venu Sq - Music Edition by Garmin is a smartwatch. Price: INR 20,990 (MRP INR 25,990, 19.2% off). Display size: not listed. Display type: AMOLED Display. Battery life: 7 days. Strap material: Silicone. Customer rating: 4.3/5.",missing,dataset,
493,Garmin,"Venu Sq 2 Music, AMOLED, Mindful Breathing, Upto 11 Days Battery",smartwatch,33490.0,,0.0,4.7,,,1.4,11.0,True,True,Silicon,Square,Black,False,,False,kaggle_arnabchaki,"Venu Sq 2 Music, AMOLED, Mindful Breathing, Upto 11 Days Battery by Garmin is a smartwatch. Price: INR 33,490. Display size: 1.4 inches. Battery life: 11 days (from the product title). Touchscreen: yes. Bluetooth: yes. Strap material: Silicon. Customer rating: 4.7/5.",dataset,extracted_from_title,1.4
494,Garmin,"Venu Sq 2, AMOLED, Mindful Breathing, Upto 11 Days of Battery",smartwatch,27990.0,,0.0,5.0,3.0,,1.4,11.0,True,True,Rubber,Square,Grey,False,,False,kaggle_arnabchaki,"Venu Sq 2, AMOLED, Mindful Breathing, Upto 11 Days of Battery by Garmin is a smartwatch. Price: INR 27,990. Display size: 1.4 inches. Battery life: 11 days (from the product title). Touchscreen: yes. Bluetooth: yes. Strap material: Rubber. Customer rating: 5.0/5 from 3 ratings.",dataset,extracted_from_title,1.4
495,Garmin,"Venu Sq Music, Smartwatch, Advanced Sleep Monitoring, Upto 6 Days Battery, SPO2",smartwatch,20990.0,25990.0,19.2,3.4,7.0,,1.3,6.0,True,True,Silicon,Square,Blue,False,,False,kaggle_arnabchaki,"Venu Sq Music, Smartwatch, Advanced Sleep Monitoring, Upto 6 Days Battery, SPO2 by Garmin is a smartwatch. Price: INR 20,990 (MRP INR 25,990, 19.2% off). Display size: 1.3 inches. Battery life: 6 days (from the product title). Touchscreen: yes. Bluetooth: yes. Strap material: Silicon. Customer rating: 3.4/5 from 7 ratings.",dataset,extracted_from_title,1.3
496,Garmin,"Venu Sq, Smartwatch, Advanced Sleep Monitoring, Upto 6 Days of Battery, SPO2",smartwatch,16990.0,20990.0,19.1,4.4,90.0,,1.3,6.0,True,True,Silicon,Square,Grey,False,,False,kaggle_arnabchaki,"Venu Sq, Smartwatch, Advanced Sleep Monitoring, Upto 6 Days of Battery, SPO2 by Garmin is a smartwatch. Price: INR 16,990 (MRP INR 20,990, 19.1% off). Display size: 1.3 inches. Battery life: 6 days (from the product title). Touchscreen: yes. Bluetooth: yes. Strap material: Silicon. Customer rating: 4.4/5 from 90 ratings.",dataset,extracted_from_title,1.3
497,Garmin,"Venu, GPS Smartwatch with Music, Body Energy Monitoring, Animated Workouts",smartwatch,27990.0,39990.0,30.0,3.7,10.0,,1.2,14.0,True,True,Silicon,Circle,Blue,False,,False,kaggle_arnabchaki,"Venu, GPS Smartwatch with Music, Body Energy Monitoring, Animated Workouts by Garmin is a smartwatch. Price: INR 27,990 (MRP INR 39,990, 30% off). Display size: 1.2 inches. Battery life: 14 days (estimate based on similar watches from this brand). Touchscreen: yes. Bluetooth: yes. Strap material: Silicon. Customer rating: 3.7/5 from 10 ratings.",dataset,imputed_brand_median,1.2
498,Garmin,Vivoactive,smartwatch,27990.0,27990.0,0.0,4.8,,AMOLED Display,,14.0,,,Silicone,,,False,,False,kaggle_devsubhash,"Vivoactive by Garmin is a smartwatch. Price: INR 27,990. Display size: not listed. Display type: AMOLED Display. Battery life: 14 days. Strap material: Silicone. Customer rating: 4.8/5.",missing,dataset,
499,Garmin,Vivoactive 3 Element,smartwatch,14990.0,16990.0,11.8,3.0,,AMOLED Display,,7.0,,,Silicone,,,False,,False,kaggle_devsubhash,"Vivoactive 3 Element by Garmin is a smartwatch. Price: INR 14,990 (MRP INR 16,990, 11.8% off). Display size: not listed. Display type: AMOLED Display. Battery life: 7 days. Strap material: Silicone. Customer rating: 3.0/5.",missing,dataset,
500,Garmin,Vivoactive 3 Element Cerise,smartwatch,14990.0,16990.0,11.8,,,LED Display,,14.0,,,Silicone,,,False,,False,kaggle_devsubhash,"Vivoactive 3 Element Cerise by Garmin is a smartwatch. Price: INR 14,990 (MRP INR 16,990, 11.8% off). Display size: not listed. Display type: LED Display. Battery life: 14 days. Strap material: Silicone.",missing,dataset,
501,Garmin,Vivoactive 3 Music,smartwatch,23990.0,29290.0,18.1,3.6,,OLED Display,,14.0,,,Silicone,,,False,,False,kaggle_devsubhash,"Vivoactive 3 Music by Garmin is a smartwatch. Price: INR 23,990 (MRP INR 29,290, 18.1% off). Display size: not listed. Display type: OLED Display. Battery life: 14 days. Strap material: Silicone. Customer rating: 3.6/5.",missing,dataset,
502,Garmin,Vivoactive 3 Music,smartwatch,26990.0,26990.0,0.0,3.6,,OLED Display,,14.0,,,Silicone,,,False,,False,kaggle_devsubhash,"Vivoactive 3 Music by Garmin is a smartwatch. Price: INR 26,990. Display size: not listed. Display type: OLED Display. Battery life: 14 days. Strap material: Silicone. Customer rating: 3.6/5.",missing,dataset,
503,Garmin,Vivoactive 3 Music,smartwatch,19144.0,26990.0,29.1,3.6,,LED Display,,14.0,,,Silicone,,,False,,False,kaggle_devsubhash,"Vivoactive 3 Music by Garmin is a smartwatch. Price: INR 19,144 (MRP INR 26,990, 29.1% off). Display size: not listed. Display type: LED Display. Battery life: 14 days. Strap material: Silicone. Customer rating: 3.6/5.",missing,dataset,
504,Garmin,Vivoactive 3 element,smartwatch,13578.0,24990.0,45.7,3.6,,LED Display,,14.0,,,Silicone,,,False,,False,kaggle_devsubhash,"Vivoactive 3 element by Garmin is a smartwatch. Price: INR 13,578 (MRP INR 24,990, 45.7% off). Display size: not listed. Display type: LED Display. Battery life: 14 days. Strap material: Silicone. Customer rating: 3.6/5.",missing,dataset,
505,Garmin,Vivoactive 3 element,smartwatch,22990.0,29990.0,23.3,3.6,,AMOLED Display,,14.0,,,Silicone,,,False,,False,kaggle_devsubhash,"Vivoactive 3 element by Garmin is a smartwatch. Price: INR 22,990 (MRP INR 29,990, 23.3% off). Display size: not listed. Display type: AMOLED Display. Battery life: 14 days. Strap material: Silicone. Customer rating: 3.6/5.",missing,dataset,
506,Garmin,Vivoactive 3 element,smartwatch,16990.0,16990.0,0.0,3.6,,AMOLED Display,,14.0,,,Silicone,,,False,,False,kaggle_devsubhash,"Vivoactive 3 element by Garmin is a smartwatch. Price: INR 16,990. Display size: not listed. Display type: AMOLED Display. Battery life: 14 days. Strap material: Silicone. Customer rating: 3.6/5.",missing,dataset,
507,Garmin,Vivoactive 4,smartwatch,28990.0,34990.0,17.1,4.3,,AMOLED Display,,14.0,,,Silicone,,,False,,False,kaggle_devsubhash,"Vivoactive 4 by Garmin is a smartwatch. Price: INR 28,990 (MRP INR 34,990, 17.1% off). Display size: not listed. Display type: AMOLED Display. Battery life: 14 days. Strap material: Silicone. Customer rating: 4.3/5.",missing,dataset,
508,Garmin,Vivoactive HR,smartwatch,21990.0,21990.0,0.0,3.5,,AMOLED Display,,14.0,,,Silicone,,,False,,False,kaggle_devsubhash,"Vivoactive HR by Garmin is a smartwatch. Price: INR 21,990. Display size: not listed. Display type: AMOLED Display. Battery life: 14 days. Strap material: Silicone. Customer rating: 3.5/5.",missing,dataset,
509,Garmin,Vivomove,smartwatch,31990.0,36790.0,13.0,3.3,,AMOLED Display,,7.0,,,Silicone,,,False,,False,kaggle_devsubhash,"Vivomove by Garmin is a smartwatch. Price: INR 31,990 (MRP INR 36,790, 13% off). Display size: not listed. Display type: AMOLED Display. Battery life: 7 days. Strap material: Silicone. Customer rating: 3.3/5.",missing,dataset,
510,Garmin,Vivomove 3,smartwatch,19990.0,25990.0,23.1,,,OLED Display,,7.0,,,Silicone,,,False,,False,kaggle_devsubhash,"Vivomove 3 by Garmin is a smartwatch. Price: INR 19,990 (MRP INR 25,990, 23.1% off). Display size: not listed. Display type: OLED Display. Battery life: 7 days. Strap material: Silicone.",missing,dataset,
511,Garmin,Vivomove 3S,smartwatch,19990.0,25990.0,23.1,,,AMOLED Display,,14.0,,,Silicone,,,False,,False,kaggle_devsubhash,"Vivomove 3S by Garmin is a smartwatch. Price: INR 19,990 (MRP INR 25,990, 23.1% off). Display size: not listed. Display type: AMOLED Display. Battery life: 14 days. Strap material: Silicone.",missing,dataset,
512,Garmin,Vivomove HR,smartwatch,16990.0,17990.0,5.6,3.6,,OLED Display,,14.0,,,Silicone,,,False,,False,kaggle_devsubhash,"Vivomove HR by Garmin is a smartwatch. Price: INR 16,990 (MRP INR 17,990, 5.6% off). Display size: not listed. Display type: OLED Display. Battery life: 14 days. Strap material: Silicone. Customer rating: 3.6/5.",missing,dataset,
513,Garmin,Vivomove HR,smartwatch,12990.0,19990.0,35.0,3.7,,LED Display,,14.0,,,Silicone,,,False,,False,kaggle_devsubhash,"Vivomove HR by Garmin is a smartwatch. Price: INR 12,990 (MRP INR 19,990, 35% off). Display size: not listed. Display type: LED Display. Battery life: 14 days. Strap material: Silicone. Customer rating: 3.7/5.",missing,dataset,
514,Garmin,Vivomove Luxe,smartwatch,39990.0,52990.0,24.5,,,AMOLED Display,,14.0,,,Silicone,,,False,,False,kaggle_devsubhash,"Vivomove Luxe by Garmin is a smartwatch. Price: INR 39,990 (MRP INR 52,990, 24.5% off). Display size: not listed. Display type: AMOLED Display. Battery life: 14 days. Strap material: Silicone.",missing,dataset,
515,Garmin,Vivomove Sports,smartwatch,20490.0,,0.0,5.0,3.0,,,14.0,False,True,Silicon,Circle,Brown,False,,False,kaggle_arnabchaki,"Vivomove Sports by Garmin is a smartwatch. Price: INR 20,490. Display size: not listed. Battery life: 14 days (estimate based on similar watches from this brand). Touchscreen: no. Bluetooth: yes. Strap material: Silicon. Customer rating: 5.0/5 from 3 ratings.",missing,imputed_brand_median,
516,Garmin,Vivomove Style,smartwatch,26990.0,31490.0,14.3,3.3,,AMOLED Display,,14.0,,,Nylon,,,False,,False,kaggle_devsubhash,"Vivomove Style by Garmin is a smartwatch. Price: INR 26,990 (MRP INR 31,490, 14.3% off). Display size: not listed. Display type: AMOLED Display. Battery life: 14 days. Strap material: Nylon. Customer rating: 3.3/5.",missing,dataset,
517,Garmin,Vivosmart 4,smartwatch,12150.0,13490.0,9.9,3.9,,OLED Display,,5.0,,,Silicone,,,False,,False,kaggle_devsubhash,"Vivosmart 4 by Garmin is a smartwatch. Price: INR 12,150 (MRP INR 13,490, 9.9% off). Display size: not listed. Display type: OLED Display. Battery life: 5 days. Strap material: Silicone. Customer rating: 3.9/5.",missing,dataset,
518,Garmin,vivoactive 4S 40mm,smartwatch,28990.0,34990.0,17.1,5.0,,AMOLED Display,,14.0,,,Silicone,,,False,,False,kaggle_devsubhash,"vivoactive 4S 40mm by Garmin is a smartwatch. Price: INR 28,990 (MRP INR 34,990, 17.1% off). Display size: not listed. Display type: AMOLED Display. Battery life: 14 days. Strap material: Silicone. Customer rating: 5.0/5.",missing,dataset,
519,Gizmore,910,smartwatch,3299.0,5999.0,45.0,4.0,102.0,,1.3,,True,True,Plastic,,,False,,False,kaggle_arnabchaki,"910 by Gizmore is a smartwatch. Price: INR 3,299 (MRP INR 5,999, 45% off). Display size: 1.3 inches. Battery life: not listed. Touchscreen: yes. Bluetooth: yes. Strap material: Plastic. Customer rating: 4.0/5 from 102 ratings.",dataset,missing,1.3
520,Gizmore,"Blaze Max 1.85"" BT Calling Edge to Edge Display, Voice Assistance, Bluetooth",smartwatch,1999.0,5999.0,66.7,4.0,1178.0,,1.9,,True,True,Silicon,Square,Grey,False,,False,kaggle_arnabchaki,"Blaze Max 1.85"" BT Calling Edge to Edge Display, Voice Assistance, Bluetooth by Gizmore is a smartwatch. Price: INR 1,999 (MRP INR 5,999, 66.7% off). Display size: 1.9 inches. Battery life: not listed. Touchscreen: yes. Bluetooth: yes. Strap material: Silicon. Customer rating: 4.0/5 from 1,178 ratings.",dataset,missing,1.9
521,Gizmore,GIZFIT 908 Pro_Black,smartwatch,1599.0,5999.0,73.3,4.3,37.0,,1.7,,True,True,,,,False,,False,kaggle_arnabchaki,"GIZFIT 908 Pro_Black by Gizmore is a smartwatch. Price: INR 1,599 (MRP INR 5,999, 73.3% off). Display size: 1.7 inches. Battery life: not listed. Touchscreen: yes. Bluetooth: yes. Customer rating: 4.3/5 from 37 ratings.",dataset,missing,1.7
522,Gizmore,GIZFIT BLAZE X 1.85 Inch Ultra HD Display | 600 NITS | BT Calling Smartwatch,smartwatch,2399.0,5499.0,56.4,5.0,3.0,,1.9,,True,True,Silicon,Square,Burgundy,False,,False,kaggle_arnabchaki,"GIZFIT BLAZE X 1.85 Inch Ultra HD Display | 600 NITS | BT Calling Smartwatch by Gizmore is a smartwatch. Price: INR 2,399 (MRP INR 5,499, 56.4% off). Display size: 1.9 inches. Battery life: not listed. Touchscreen: yes. Bluetooth: yes. Strap material: Silicon. Customer rating: 5.0/5 from 3 ratings.",dataset,missing,1.9
523,Gizmore,GizFIt Vogue 1.95 Always On 600 NITS HD Display Bluetooth Calling,smartwatch,6999.0,,0.0,4.7,,,1.9,,True,True,Silicon,Square,Orange,False,,False,kaggle_arnabchaki,"GizFIt Vogue 1.95 Always On 600 NITS HD Display Bluetooth Calling by Gizmore is a smartwatch. Price: INR 6,999. Display size: 1.9 inches. Battery life: not listed. Touchscreen: yes. Bluetooth: yes. Strap material: Silicon. Customer rating: 4.7/5.",dataset,missing,1.9
524,Gizmore,GizFit 902,smartwatch,1799.0,2999.0,40.0,3.8,645.0,,1.0,,True,True,Silicon,Square,Black,False,,False,kaggle_arnabchaki,"GizFit 902 by Gizmore is a smartwatch. Price: INR 1,799 (MRP INR 2,999, 40% off). Display size: 1 inches. Battery life: not listed. Touchscreen: yes. Bluetooth: yes. Strap material: Silicon. Customer rating: 3.8/5 from 645 ratings.",dataset,missing,1.0
525,Gizmore,GizFit BLAZE BT Calling Smartwatch | 1.69 Inch IPS Curved 500 NITS Display,smartwatch,1299.0,5499.0,76.4,3.8,3137.0,,1.69,,True,True,Silicon,Square,Black,False,,False,kaggle_arnabchaki,"GizFit BLAZE BT Calling Smartwatch | 1.69 Inch IPS Curved 500 NITS Display by Gizmore is a smartwatch. Price: INR 1,299 (MRP INR 5,499, 76.4% off). Display size: 1.69 inches (from the product title). Battery life: not listed. Touchscreen: yes. Bluetooth: yes. Strap material: Silicon. Customer rating: 3.8/5 from 3,137 ratings.",extracted_from_title,missing,1.69
526,Gizmore,GizFit CLOUD 1.85 IPS Large Display | AI Voice Assistant | Bluetooth Calling,smartwatch,1199.0,4499.0,73.3,4.7,,,1.8,,True,True,Silicon,Square,Blue,False,,False,kaggle_arnabchaki,"GizFit CLOUD 1.85 IPS Large Display | AI Voice Assistant | Bluetooth Calling by Gizmore is a smartwatch. Price: INR 1,199 (MRP INR 4,499, 73.3% off). Display size: 1.8 inches. Battery life: not listed. Touchscreen: yes. Bluetooth: yes. Strap material: Silicon. Customer rating: 4.7/5.",dataset,missing,1.8
527,Gizmore,GizFit GLOW AMOLED with 3.4 Cm | ALWAYS-ON | 550 NITS Brightness | BT Calling,smartwatch,2799.0,8999.0,68.9,4.0,1994.0,,1.4,,True,True,Silicon,Circle,Black,False,,False,kaggle_arnabchaki,"GizFit GLOW AMOLED with 3.4 Cm | ALWAYS-ON | 550 NITS Brightness | BT Calling by Gizmore is a smartwatch. Price: INR 2,799 (MRP INR 8,999, 68.9% off). Display size: 1.4 inches. Battery life: not listed. Touchscreen: yes. Bluetooth: yes. Strap material: Silicon. Customer rating: 4.0/5 from 1,994 ratings.",dataset,missing,1.4
528,Gizmore,GizFit GLOW LUXE AMOLED with 3.35 Cm Display | 500 NITS| Bluetooth Calling,smartwatch,3499.0,8999.0,61.1,3.7,475.0,,1.3,,True,True,Leather,Circle,Black,False,,False,kaggle_arnabchaki,"GizFit GLOW LUXE AMOLED with 3.35 Cm Display | 500 NITS| Bluetooth Calling by Gizmore is a smartwatch. Price: INR 3,499 (MRP INR 8,999, 61.1% off). Display size: 1.3 inches. Battery life: not listed. Touchscreen: yes. Bluetooth: yes. Strap material: Leather. Customer rating: 3.7/5 from 475 ratings.",dataset,missing,1.3
529,Gizmore,GizFit ORBIT BT Calling with 1.32 Inch Ultra Sharp HD Display|500 NITS|ALWAYS-ON,smartwatch,2799.0,6999.0,60.0,4.3,7.0,,1.3,,True,True,Silicon,Circle,Burgundy,False,,False,kaggle_arnabchaki,"GizFit ORBIT BT Calling with 1.32 Inch Ultra Sharp HD Display|500 NITS|ALWAYS-ON by Gizmore is a smartwatch. Price: INR 2,799 (MRP INR 6,999, 60% off). Display size: 1.3 inches. Battery life: not listed. Touchscreen: yes. Bluetooth: yes. Strap material: Silicon. Customer rating: 4.3/5 from 7 ratings.",dataset,missing,1.3
530,Gizmore,GizFit ORBIT BT Calling with 3.3 Cm | ALWAYS-ON | 500 NITS Brightness,smartwatch,2799.0,6999.0,60.0,4.7,,,1.3,,True,True,Silicon,Circle,Black,False,,False,kaggle_arnabchaki,"GizFit ORBIT BT Calling with 3.3 Cm | ALWAYS-ON | 500 NITS Brightness by Gizmore is a smartwatch. Price: INR 2,799 (MRP INR 6,999, 60% off). Display size: 1.3 inches. Battery life: not listed. Touchscreen: yes. Bluetooth: yes. Strap material: Silicon. Customer rating: 4.7/5.",dataset,missing,1.3
531,Gizmore,GizFit PLASMA Bluetooth Calling Smartwatch | 1.9 Inch HD Display | 550 NITS,smartwatch,1999.0,6999.0,71.4,3.8,927.0,,1.9,,True,True,Silicon,Square,Blue,False,,False,kaggle_arnabchaki,"GizFit PLASMA Bluetooth Calling Smartwatch | 1.9 Inch HD Display | 550 NITS by Gizmore is a smartwatch. Price: INR 1,999 (MRP INR 6,999, 71.4% off). Display size: 1.9 inches. Battery life: not listed. Touchscreen: yes. Bluetooth: yes. Strap material: Silicon. Customer rating: 3.8/5 from 927 ratings.",dataset,missing,1.9
532,Gizmore,"GizFit Ultra BT Calling Smartwatch With 1.69"" HD Display| 60+ Sports Mode",smartwatch,1799.0,5999.0,70.0,4.2,4813.0,,1.69,,True,True,Silicon,Square,Grey,False,,False,kaggle_arnabchaki,"GizFit Ultra BT Calling Smartwatch With 1.69"" HD Display| 60+ Sports Mode by Gizmore is a smartwatch. Price: INR 1,799 (MRP INR 5,999, 70% off). Display size: 1.69 inches (from the product title). Battery life: not listed. Touchscreen: yes. Bluetooth: yes. Strap material: Silicon. Customer rating: 4.2/5 from 4,813 ratings.",extracted_from_title,missing,1.69
533,Gizmore,Gizfit 910,smartwatch,3299.0,5999.0,45.0,4.0,102.0,,1.3,,True,True,,,,False,,False,kaggle_arnabchaki,"Gizfit 910 by Gizmore is a smartwatch. Price: INR 3,299 (MRP INR 5,999, 45% off). Display size: 1.3 inches. Battery life: not listed. Touchscreen: yes. Bluetooth: yes. Customer rating: 4.0/5 from 102 ratings.",dataset,missing,1.3
534,Gizmore,Gizfit 910 Pro Bluetooth Calling with AI Voice Assistance,smartwatch,2199.0,5999.0,63.3,3.5,10.0,,1.7,,True,True,Silicon,Square,Black,False,,False,kaggle_arnabchaki,"Gizfit 910 Pro Bluetooth Calling with AI Voice Assistance by Gizmore is a smartwatch. Price: INR 2,199 (MRP INR 5,999, 63.3% off). Display size: 1.7 inches. Battery life: not listed. Touchscreen: yes. Bluetooth: yes. Strap material: Silicon. Customer rating: 3.5/5 from 10 ratings.",dataset,missing,1.7
535,Gizmore,Gizfit Slate BT Calling | 1.57 Inch display | AI voice Assistance,smartwatch,1999.0,5999.0,66.7,3.5,30.0,,1.6,,True,True,Silicon,Rectangle,Black,False,,False,kaggle_arnabchaki,"Gizfit Slate BT Calling | 1.57 Inch display | AI voice Assistance by Gizmore is a smartwatch. Price: INR 1,999 (MRP INR 5,999, 66.7% off). Display size: 1.6 inches. Battery life: not listed. Touchscreen: yes. Bluetooth: yes. Strap material: Silicon. Customer rating: 3.5/5 from 30 ratings.",dataset,missing,1.6
536,Gizmore,Vogue 1.95 Edge to Edge Larger IPS HD Display Bluetooth Calling,smartwatch,1499.0,6999.0,78.6,4.7,,,1.9,,True,True,Silicon,Square,Grey,False,,False,kaggle_arnabchaki,"Vogue 1.95 Edge to Edge Larger IPS HD Display Bluetooth Calling by Gizmore is a smartwatch. Price: INR 1,499 (MRP INR 6,999, 78.6% off). Display size: 1.9 inches. Battery life: not listed. Touchscreen: yes. Bluetooth: yes. Strap material: Silicon. Customer rating: 4.7/5.",dataset,missing,1.9
537,Honor,GS Pro,smartwatch,17999.0,20999.0,14.3,4.4,,AMOLED Display,,25.0,,,Nylon,,,False,,False,kaggle_devsubhash,"GS Pro by Honor is a smartwatch. Price: INR 17,999 (MRP INR 20,999, 14.3% off). Display size: not listed. Display type: AMOLED Display. Battery life: 25 days. Strap material: Nylon. Customer rating: 4.4/5.",missing,dataset,
538,Honor,GS Pro,smartwatch,13999.0,20999.0,33.3,4.4,,AMOLED Display,,25.0,,,Nylon,,,False,,False,kaggle_devsubhash,"GS Pro by Honor is a smartwatch. Price: INR 13,999 (MRP INR 20,999, 33.3% off). Display size: not listed. Display type: AMOLED Display. Battery life: 25 days. Strap material: Nylon. Customer rating: 4.4/5.",missing,dataset,
539,Honor,MUS-B19,smartwatch,11499.0,18999.0,39.5,3.9,406.0,,1.4,,True,True,,,,False,,False,kaggle_arnabchaki,"MUS-B19 by Honor is a smartwatch. Price: INR 11,499 (MRP INR 18,999, 39.5% off). Display size: 1.4 inches. Battery life: not listed. Touchscreen: yes. Bluetooth: yes. Customer rating: 3.9/5 from 406 ratings.",dataset,missing,1.4
540,Honor,Magic SmartWatch,smartwatch,9047.0,17999.0,49.7,4.3,1779.0,,1.2,,True,True,Leather,Circle,Brown,False,,False,kaggle_arnabchaki,"Magic SmartWatch by Honor is a smartwatch. Price: INR 9,047 (MRP INR 17,999, 49.7% off). Display size: 1.2 inches. Battery life: not listed. Touchscreen: yes. Bluetooth: yes. Strap material: Leather. Customer rating: 4.3/5 from 1,779 ratings.",dataset,missing,1.2
541,Honor,Magic Watch,smartwatch,9047.0,17999.0,49.7,4.3,,AMOLED Display,,7.0,,,Silicone,,,False,,False,kaggle_devsubhash,"Magic Watch by Honor is a smartwatch. Price: INR 9,047 (MRP INR 17,999, 49.7% off). Display size: not listed. Display type: AMOLED Display. Battery life: 7 days. Strap material: Silicone. Customer rating: 4.3/5.",missing,dataset,
542,Honor,Magic Watch 2,smartwatch,13999.0,15999.0,12.5,4.4,,AMOLED Display,,14.0,,,Leather,,,False,,False,kaggle_devsubhash,"Magic Watch 2 by Honor is a smartwatch. Price: INR 13,999 (MRP INR 15,999, 12.5% off). Display size: not listed. Display type: AMOLED Display. Battery life: 14 days. Strap material: Leather. Customer rating: 4.4/5.",missing,dataset,
543,Honor,Magic Watch 2 (42 mm),smartwatch,10999.0,13999.0,21.4,4.4,14613.0,,1.7,,True,True,Fluoroelastomer,Circle,Black,False,,False,kaggle_arnabchaki,"Magic Watch 2 (42 mm) by Honor is a smartwatch. Price: INR 10,999 (MRP INR 13,999, 21.4% off). Display size: 1.7 inches. Battery life: not listed. Touchscreen: yes. Bluetooth: yes. Strap material: Fluoroelastomer. Customer rating: 4.4/5 from 14,613 ratings.",dataset,missing,1.7
544,Honor,Magic Watch 2 (46 mm),smartwatch,13999.0,15999.0,12.5,4.4,14613.0,,1.8,,True,True,Leather,Circle,Brown,False,,False,kaggle_arnabchaki,"Magic Watch 2 (46 mm) by Honor is a smartwatch. Price: INR 13,999 (MRP INR 15,999, 12.5% off). Display size: 1.8 inches. Battery life: not listed. Touchscreen: yes. Bluetooth: yes. Strap material: Leather. Customer rating: 4.4/5 from 14,613 ratings.",dataset,missing,1.8
545,Honor,Magic Watch 2 (46mm),smartwatch,8999.0,14999.0,40.0,4.4,14613.0,,1.4,,True,True,Fluoroelastomer,Circle,Black,False,,False,kaggle_arnabchaki,"Magic Watch 2 (46mm) by Honor is a smartwatch. Price: INR 8,999 (MRP INR 14,999, 40% off). Display size: 1.4 inches. Battery life: not listed. Touchscreen: yes. Bluetooth: yes. Strap material: Fluoroelastomer. Customer rating: 4.4/5 from 14,613 ratings.",dataset,missing,1.4
546,Honor,Watch ES,smartwatch,4999.0,10999.0,54.6,4.3,2241.0,,1.6,,True,True,Silicon,Rectangle,Pink,False,,False,kaggle_arnabchaki,"Watch ES by Honor is a smartwatch. Price: INR 4,999 (MRP INR 10,999, 54.6% off). Display size: 1.6 inches. Battery life: not listed. Touchscreen: yes. Bluetooth: yes. Strap material: Silicon. Customer rating: 4.3/5 from 2,241 ratings.",dataset,missing,1.6
547,Honor,Watch GS 3,smartwatch,12999.0,18999.0,31.6,4.2,84.0,,1.4,,True,True,Leather,Circle,Blue,False,,False,kaggle_arnabchaki,"Watch GS 3 by Honor is a smartwatch. Price: INR 12,999 (MRP INR 18,999, 31.6% off). Display size: 1.4 inches. Battery life: not listed. Touchscreen: yes. Bluetooth: yes. Strap material: Leather. Customer rating: 4.2/5 from 84 ratings.",dataset,missing,1.4
548,Honor,Watch GS Pro,smartwatch,17999.0,20999.0,14.3,4.4,1111.0,,1.4,,True,True,Nylon,Circle,Blue,False,,False,kaggle_arnabchaki,"Watch GS Pro by Honor is a smartwatch. Price: INR 17,999 (MRP INR 20,999, 14.3% off). Display size: 1.4 inches. Battery life: not listed. Touchscreen: yes. Bluetooth: yes. Strap material: Nylon. Customer rating: 4.4/5 from 1,111 ratings.",dataset,missing,1.4
549,Honor,Watch Magic,smartwatch,7999.0,17333.0,53.9,4.3,1779.0,,1.2,,True,True,Silicon,Circle,Black,False,,False,kaggle_arnabchaki,"Watch Magic by Honor is a smartwatch. Price: INR 7,999 (MRP INR 17,333, 53.9% off). Display size: 1.2 inches. Battery life: not listed. Touchscreen: yes. Bluetooth: yes. Strap material: Silicon. Customer rating: 4.3/5 from 1,779 ratings.",dataset,missing,1.2
550,Honor,Z1,smartwatch,5499.0,5499.0,0.0,3.1,,OLED Display,,14.0,,,Silicone,,,False,,False,kaggle_devsubhash,"Z1 by Honor is a smartwatch. Price: INR 5,499. Display size: not listed. Display type: OLED Display. Battery life: 14 days. Strap material: Silicone. Customer rating: 3.1/5.",missing,dataset,
551,Amazfit,Amazfit Bip,smartwatch,5499.0,6999.0,21.4,4.2,,AMOLED Display,,28.0,,,Silicone,,,False,,False,kaggle_devsubhash,"Amazfit Bip by Amazfit is a smartwatch. Price: INR 5,499 (MRP INR 6,999, 21.4% off). Display size: not listed. Display type: AMOLED Display. Battery life: 28 days. Strap material: Silicone. Customer rating: 4.2/5.",missing,dataset,
552,Amazfit,Amazfit Bip,smartwatch,4950.0,5990.0,17.4,4.2,,AMOLED Display,,28.0,,,Silicone,,,False,,False,kaggle_devsubhash,"Amazfit Bip by Amazfit is a smartwatch. Price: INR 4,950 (MRP INR 5,990, 17.4% off). Display size: not listed. Display type: AMOLED Display. Battery life: 28 days. Strap material: Silicone. Customer rating: 4.2/5.",missing,dataset,
553,Amazfit,Amazfit Bip,smartwatch,6399.0,7399.0,13.5,4.4,,AMOLED Display,,28.0,,,Silicone,,,False,,False,kaggle_devsubhash,"Amazfit Bip by Amazfit is a smartwatch. Price: INR 6,399 (MRP INR 7,399, 13.5% off). Display size: not listed. Display type: AMOLED Display. Battery life: 28 days. Strap material: Silicone. Customer rating: 4.4/5.",missing,dataset,
554,Amazfit,Amazfit Bip Lite,smartwatch,3499.0,5499.0,36.4,4.0,,AMOLED Display,,7.0,,,Thermoplastic polyurethane,,,False,,False,kaggle_devsubhash,"Amazfit Bip Lite by Amazfit is a smartwatch. Price: INR 3,499 (MRP INR 5,499, 36.4% off). Display size: not listed. Display type: AMOLED Display. Battery life: 7 days. Strap material: Thermoplastic polyurethane. Customer rating: 4.0/5.",missing,dataset,
555,Amazfit,Amazfit Bip S,smartwatch,4999.0,5999.0,16.7,4.0,,AMOLED Display,,15.0,,,Thermoplastic polyurethane,,,False,,False,kaggle_devsubhash,"Amazfit Bip S by Amazfit is a smartwatch. Price: INR 4,999 (MRP INR 5,999, 16.7% off). Display size: not listed. Display type: AMOLED Display. Battery life: 15 days. Strap material: Thermoplastic polyurethane. Customer rating: 4.0/5.",missing,dataset,
556,Amazfit,Amazfit Bip S,smartwatch,3799.0,4999.0,24.0,3.9,,AMOLED Display,,15.0,,,Thermoplastic polyurethane,,,False,,False,kaggle_devsubhash,"Amazfit Bip S by Amazfit is a smartwatch. Price: INR 3,799 (MRP INR 4,999, 24% off). Display size: not listed. Display type: AMOLED Display. Battery life: 15 days. Strap material: Thermoplastic polyurethane. Customer rating: 3.9/5.",missing,dataset,
557,Amazfit,Amazfit Bip S,smartwatch,2999.0,4999.0,40.0,3.9,,AMOLED Display,,15.0,,,Thermoplastic polyurethane,,,False,,False,kaggle_devsubhash,"Amazfit Bip S by Amazfit is a smartwatch. Price: INR 2,999 (MRP INR 4,999, 40% off). Display size: not listed. Display type: AMOLED Display. Battery life: 15 days. Strap material: Thermoplastic polyurethane. Customer rating: 3.9/5.",missing,dataset,
558,Amazfit,Amazfit Bip S,smartwatch,5299.0,6499.0,18.5,4.0,,AMOLED Display,,15.0,,,Thermoplastic polyurethane,,,False,,False,kaggle_devsubhash,"Amazfit Bip S by Amazfit is a smartwatch. Price: INR 5,299 (MRP INR 6,499, 18.5% off). Display size: not listed. Display type: AMOLED Display. Battery life: 15 days. Strap material: Thermoplastic polyurethane. Customer rating: 4.0/5.",missing,dataset,
559,Amazfit,Amazfit Bip S Lite,smartwatch,1999.0,4999.0,60.0,3.9,,AMOLED Display,,14.0,,,Silicone,,,False,,False,kaggle_devsubhash,"Amazfit Bip S Lite by Amazfit is a smartwatch. Price: INR 1,999 (MRP INR 4,999, 60% off). Display size: not listed. Display type: AMOLED Display. Battery life: 14 days. Strap material: Silicone. Customer rating: 3.9/5.",missing,dataset,
560,Amazfit,Amazfit Bip U,smartwatch,2999.0,5999.0,50.0,4.2,,AMOLED Display,,9.0,,,Silicone,,,False,,False,kaggle_devsubhash,"Amazfit Bip U by Amazfit is a smartwatch. Price: INR 2,999 (MRP INR 5,999, 50% off). Display size: not listed. Display type: AMOLED Display. Battery life: 9 days. Strap material: Silicone. Customer rating: 4.2/5.",missing,dataset,
561,Amazfit,Amazfit GTR 2 Aluminium,smartwatch,11999.0,17999.0,33.3,4.1,,AMOLED Display,,10.0,,,Silicone,,,False,,False,kaggle_devsubhash,"Amazfit GTR 2 Aluminium by Amazfit is a smartwatch. Price: INR 11,999 (MRP INR 17,999, 33.3% off). Display size: not listed. Display type: AMOLED Display. Battery life: 10 days. Strap material: Silicone. Customer rating: 4.1/5.",missing,dataset,
562,Amazfit,Amazfit GTR 2 Stainless Steel,smartwatch,12499.0,17999.0,30.6,4.1,,AMOLED Display,,10.0,,,Silicone,,,False,,False,kaggle_devsubhash,"Amazfit GTR 2 Stainless Steel by Amazfit is a smartwatch. Price: INR 12,499 (MRP INR 17,999, 30.6% off). Display size: not listed. Display type: AMOLED Display. Battery life: 10 days. Strap material: Silicone. Customer rating: 4.1/5.",missing,dataset,
563,Amazfit,Amazfit GTR 42,smartwatch,9999.0,12999.0,23.1,4.3,,AMOLED Display,,12.0,,,Silicone,,,False,,False,kaggle_devsubhash,"Amazfit GTR 42 by Amazfit is a smartwatch. Price: INR 9,999 (MRP INR 12,999, 23.1% off). Display size: not listed. Display type: AMOLED Display. Battery life: 12 days. Strap material: Silicone. Customer rating: 4.3/5.",missing,dataset,
564,Amazfit,Amazfit GTR 42,smartwatch,8999.0,12999.0,30.8,4.3,,AMOLED Display,,14.0,,,Silicone,,,False,,False,kaggle_devsubhash,"Amazfit GTR 42 by Amazfit is a smartwatch. Price: INR 8,999 (MRP INR 12,999, 30.8% off). Display size: not listed. Display type: AMOLED Display. Battery life: 14 days. Strap material: Silicone. Customer rating: 4.3/5.",missing,dataset,
565,Amazfit,Amazfit GTR 42 mm Glitter,smartwatch,9999.0,16999.0,41.2,4.2,,AMOLED Display,,12.0,,,Silicone,,,False,,False,kaggle_devsubhash,"Amazfit GTR 42 mm Glitter by Amazfit is a smartwatch. Price: INR 9,999 (MRP INR 16,999, 41.2% off). Display size: not listed. Display type: AMOLED Display. Battery life: 12 days. Strap material: Silicone. Customer rating: 4.2/5.",missing,dataset,
566,Amazfit,Amazfit GTR 47,smartwatch,8999.0,13999.0,35.7,4.3,,AMOLED Display,,25.0,,,Silicone,,,False,,False,kaggle_devsubhash,"Amazfit GTR 47 by Amazfit is a smartwatch. Price: INR 8,999 (MRP INR 13,999, 35.7% off). Display size: not listed. Display type: AMOLED Display. Battery life: 25 days. Strap material: Silicone. Customer rating: 4.3/5.",missing,dataset,
567,Amazfit,Amazfit GTR 47,smartwatch,10999.0,18999.0,42.1,4.2,,AMOLED Display,,25.0,,,Silicone,,,False,,False,kaggle_devsubhash,"Amazfit GTR 47 by Amazfit is a smartwatch. Price: INR 10,999 (MRP INR 18,999, 42.1% off). Display size: not listed. Display type: AMOLED Display. Battery life: 25 days. Strap material: Silicone. Customer rating: 4.2/5.",missing,dataset,
568,Amazfit,Amazfit GTS,smartwatch,5999.0,12999.0,53.9,4.3,,AMOLED Display,,14.0,,,Silicone,,,False,,False,kaggle_devsubhash,"Amazfit GTS by Amazfit is a smartwatch. Price: INR 5,999 (MRP INR 12,999, 53.9% off). Display size: not listed. Display type: AMOLED Display. Battery life: 14 days. Strap material: Silicone. Customer rating: 4.3/5.",missing,dataset,
569,Amazfit,Amazfit GTS,smartwatch,5299.0,12999.0,59.2,4.3,,AMOLED Display,,14.0,,,Silicone,,,False,,False,kaggle_devsubhash,"Amazfit GTS by Amazfit is a smartwatch. Price: INR 5,299 (MRP INR 12,999, 59.2% off). Display size: not listed. Display type: AMOLED Display. Battery life: 14 days. Strap material: Silicone. Customer rating: 4.3/5.",missing,dataset,
570,Amazfit,Amazfit GTS,smartwatch,5499.0,12999.0,57.7,4.3,,AMOLED Display,,14.0,,,Silicone,,,False,,False,kaggle_devsubhash,"Amazfit GTS by Amazfit is a smartwatch. Price: INR 5,499 (MRP INR 12,999, 57.7% off). Display size: not listed. Display type: AMOLED Display. Battery life: 14 days. Strap material: Silicone. Customer rating: 4.3/5.",missing,dataset,
571,Amazfit,Amazfit GTS 2,smartwatch,11999.0,17999.0,33.3,4.1,,AMOLED Display,,7.0,,,Silicone,,,False,,False,kaggle_devsubhash,"Amazfit GTS 2 by Amazfit is a smartwatch. Price: INR 11,999 (MRP INR 17,999, 33.3% off). Display size: not listed. Display type: AMOLED Display. Battery life: 7 days. Strap material: Silicone. Customer rating: 4.1/5.",missing,dataset,
572,Amazfit,Amazfit GTS 2e,smartwatch,7999.0,13999.0,42.9,4.2,,AMOLED Display,,14.0,,,Silicone,,,False,,False,kaggle_devsubhash,"Amazfit GTS 2e by Amazfit is a smartwatch. Price: INR 7,999 (MRP INR 13,999, 42.9% off). Display size: not listed. Display type: AMOLED Display. Battery life: 14 days. Strap material: Silicone. Customer rating: 4.2/5.",missing,dataset,
573,Amazfit,Amazfit Neo,smartwatch,2499.0,3999.0,37.5,4.2,,AMOLED Display,,7.0,,,Thermoplastic polyurethane,,,False,,False,kaggle_devsubhash,"Amazfit Neo by Amazfit is a smartwatch. Price: INR 2,499 (MRP INR 3,999, 37.5% off). Display size: not listed. Display type: AMOLED Display. Battery life: 7 days. Strap material: Thermoplastic polyurethane. Customer rating: 4.2/5.",missing,dataset,
574,Amazfit,Amazfit Pace,smartwatch,9999.0,10999.0,9.1,4.2,,AMOLED Display,,14.0,,,Silicone,,,False,,False,kaggle_devsubhash,"Amazfit Pace by Amazfit is a smartwatch. Price: INR 9,999 (MRP INR 10,999, 9.1% off). Display size: not listed. Display type: AMOLED Display. Battery life: 14 days. Strap material: Silicone. Customer rating: 4.2/5.",missing,dataset,
575,Amazfit,Amazfit Stratos,smartwatch,12999.0,15999.0,18.8,4.2,,AMOLED Display,,25.0,,,Silicone,,,False,,False,kaggle_devsubhash,"Amazfit Stratos by Amazfit is a smartwatch. Price: INR 12,999 (MRP INR 15,999, 18.8% off). Display size: not listed. Display type: AMOLED Display. Battery life: 25 days. Strap material: Silicone. Customer rating: 4.2/5.",missing,dataset,
576,Amazfit,Amazfit Stratos 3,smartwatch,13999.0,17999.0,22.2,3.7,,AMOLED Display,,14.0,,,Silicone,,,False,,False,kaggle_devsubhash,"Amazfit Stratos 3 by Amazfit is a smartwatch. Price: INR 13,999 (MRP INR 17,999, 22.2% off). Display size: not listed. Display type: AMOLED Display. Battery life: 14 days. Strap material: Silicone. Customer rating: 3.7/5.",missing,dataset,
577,Amazfit,Amazfit T-Rex,smartwatch,5999.0,10999.0,45.5,4.3,,AMOLED Display,,20.0,,,Silicone,,,False,,False,kaggle_devsubhash,"Amazfit T-Rex by Amazfit is a smartwatch. Price: INR 5,999 (MRP INR 10,999, 45.5% off). Display size: not listed. Display type: AMOLED Display. Battery life: 20 days. Strap material: Silicone. Customer rating: 4.3/5.",missing,dataset,
578,Amazfit,Amazfit Verge,smartwatch,5999.0,8999.0,33.3,4.2,,AMOLED Display,,14.0,,,Silicone,,,False,,False,kaggle_devsubhash,"Amazfit Verge by Amazfit is a smartwatch. Price: INR 5,999 (MRP INR 8,999, 33.3% off). Display size: not listed. Display type: AMOLED Display. Battery life: 14 days. Strap material: Silicone. Customer rating: 4.2/5.",missing,dataset,
579,Amazfit,Amazfit Verge,smartwatch,11999.0,12999.0,7.7,4.1,,AMOLED Display,,25.0,,,Silicone,,,False,,False,kaggle_devsubhash,"Amazfit Verge by Amazfit is a smartwatch. Price: INR 11,999 (MRP INR 12,999, 7.7% off). Display size: not listed. Display type: AMOLED Display. Battery life: 25 days. Strap material: Silicone. Customer rating: 4.1/5.",missing,dataset,
580,Amazfit,Amazfit Verge,smartwatch,12999.0,12999.0,0.0,4.1,,AMOLED Display,,25.0,,,Silicone,,,False,,False,kaggle_devsubhash,"Amazfit Verge by Amazfit is a smartwatch. Price: INR 12,999. Display size: not listed. Display type: AMOLED Display. Battery life: 25 days. Strap material: Silicone. Customer rating: 4.1/5.",missing,dataset,
581,Amazfit,Amazfit Verge Lite,smartwatch,5999.0,8999.0,33.3,4.2,,AMOLED Display,,5.0,,,Silicone,,,False,,False,kaggle_devsubhash,"Amazfit Verge Lite by Amazfit is a smartwatch. Price: INR 5,999 (MRP INR 8,999, 33.3% off). Display size: not listed. Display type: AMOLED Display. Battery life: 5 days. Strap material: Silicone. Customer rating: 4.2/5.",missing,dataset,
582,Amazfit,Bip Lite On,smartwatch,7999.0,14999.0,46.7,4.1,,AMOLED Display,,7.0,,,Silicone,,,False,,False,kaggle_devsubhash,"Bip Lite On by Amazfit is a smartwatch. Price: INR 7,999 (MRP INR 14,999, 46.7% off). Display size: not listed. Display type: AMOLED Display. Battery life: 7 days. Strap material: Silicone. Customer rating: 4.1/5.",missing,dataset,
583,Huawei,Fit,smartwatch,6999.0,9999.0,30.0,3.3,20.0,,1.2,14.0,True,True,Silicon,Circle,Orange,False,,False,kaggle_arnabchaki,"Fit by Huawei is a smartwatch. Price: INR 6,999 (MRP INR 9,999, 30% off). Display size: 1.2 inches. Battery life: 14 days (estimate based on similar watches from this brand). Touchscreen: yes. Bluetooth: yes. Strap material: Silicon. Customer rating: 3.3/5 from 20 ratings.",dataset,imputed_brand_median,1.2
584,Huawei,Fit,smartwatch,9999.0,9999.0,0.0,3.4,,AMOLED Display,,7.0,,,Silicone,,,False,,False,kaggle_devsubhash,"Fit by Huawei is a smartwatch. Price: INR 9,999. Display size: not listed. Display type: AMOLED Display. Battery life: 7 days. Strap material: Silicone. Customer rating: 3.4/5.",missing,dataset,
585,Huawei,GT 2 Pro,smartwatch,18990.0,29990.0,36.7,4.3,189.0,,1.4,14.0,True,True,Fluoroelastomer,Circle,Black,False,,False,kaggle_arnabchaki,"GT 2 Pro by Huawei is a smartwatch. Price: INR 18,990 (MRP INR 29,990, 36.7% off). Display size: 1.4 inches. Battery life: 14 days (estimate based on similar watches from this brand). Touchscreen: yes. Bluetooth: yes. Strap material: Fluoroelastomer. Customer rating: 4.3/5 from 189 ratings.",dataset,imputed_brand_median,1.4
586,Huawei,GT Active,smartwatch,15990.0,20990.0,23.8,4.4,,AMOLED Display,,14.0,,,Silicone,,,False,,False,kaggle_devsubhash,"GT Active by Huawei is a smartwatch. Price: INR 15,990 (MRP INR 20,990, 23.8% off). Display size: not listed. Display type: AMOLED Display. Battery life: 14 days. Strap material: Silicone. Customer rating: 4.4/5.",missing,dataset,
587,Huawei,GT Active,smartwatch,8990.0,20990.0,57.2,4.4,,AMOLED Display,,14.0,,,Silicone,,,False,,False,kaggle_devsubhash,"GT Active by Huawei is a smartwatch. Price: INR 8,990 (MRP INR 20,990, 57.2% off). Display size: not listed. Display type: AMOLED Display. Battery life: 14 days. Strap material: Silicone. Customer rating: 4.4/5.",missing,dataset,
588,Huawei,GT Classic,smartwatch,10990.0,21990.0,50.0,4.5,,AMOLED Display,,14.0,,,Leather,,,False,,False,kaggle_devsubhash,"GT Classic by Huawei is a smartwatch. Price: INR 10,990 (MRP INR 21,990, 50% off). Display size: not listed. Display type: AMOLED Display. Battery life: 14 days. Strap material: Leather. Customer rating: 4.5/5.",missing,dataset,
589,Huawei,GT Fortuna-B19S Sport,smartwatch,13990.0,20990.0,33.3,4.1,,AMOLED Display,,14.0,,,Elastomer,,,False,,False,kaggle_devsubhash,"GT Fortuna-B19S Sport by Huawei is a smartwatch. Price: INR 13,990 (MRP INR 20,990, 33.3% off). Display size: not listed. Display type: AMOLED Display. Battery life: 14 days. Strap material: Elastomer. Customer rating: 4.1/5.",missing,dataset,
590,Huawei,GT Sport,smartwatch,10990.0,20990.0,47.6,4.4,,AMOLED Display,,14.0,,,Silicone,,,False,,False,kaggle_devsubhash,"GT Sport by Huawei is a smartwatch. Price: INR 10,990 (MRP INR 20,990, 47.6% off). Display size: not listed. Display type: AMOLED Display. Battery life: 14 days. Strap material: Silicone. Customer rating: 4.4/5.",missing,dataset,
591,Huawei,GT2 42mm,smartwatch,14990.0,19990.0,25.0,4.3,,AMOLED Display,,14.0,,,Elastomer,,,False,,False,kaggle_devsubhash,"GT2 42mm by Huawei is a smartwatch. Price: INR 14,990 (MRP INR 19,990, 25% off). Display size: not listed. Display type: AMOLED Display. Battery life: 14 days. Strap material: Elastomer. Customer rating: 4.3/5.",missing,dataset,
592,Huawei,GT2 46mm,smartwatch,20990.0,30990.0,32.3,4.5,,AMOLED Display,,14.0,,,Stainless Steel,,,False,,False,kaggle_devsubhash,"GT2 46mm by Huawei is a smartwatch. Price: INR 20,990 (MRP INR 30,990, 32.3% off). Display size: not listed. Display type: AMOLED Display. Battery life: 14 days. Strap material: Stainless Steel. Customer rating: 4.5/5.",missing,dataset,
593,Huawei,GT2 46mm,smartwatch,14990.0,20990.0,28.6,4.5,,AMOLED Display,,14.0,,,Elastomer,,,False,,False,kaggle_devsubhash,"GT2 46mm by Huawei is a smartwatch. Price: INR 14,990 (MRP INR 20,990, 28.6% off). Display size: not listed. Display type: AMOLED Display. Battery life: 14 days. Strap material: Elastomer. Customer rating: 4.5/5.",missing,dataset,
594,Huawei,GT2 Pro,smartwatch,24990.0,34990.0,28.6,3.5,,AMOLED Display,,14.0,,,Elastomer,,,False,,False,kaggle_devsubhash,"GT2 Pro by Huawei is a smartwatch. Price: INR 24,990 (MRP INR 34,990, 28.6% off). Display size: not listed. Display type: AMOLED Display. Battery life: 14 days. Strap material: Elastomer. Customer rating: 3.5/5.",missing,dataset,
595,Huawei,GT2 Pro,smartwatch,22990.0,29990.0,23.3,4.4,,AMOLED Display,,14.0,,,Elastomer,,,False,,False,kaggle_devsubhash,"GT2 Pro by Huawei is a smartwatch. Price: INR 22,990 (MRP INR 29,990, 23.3% off). Display size: not listed. Display type: AMOLED Display. Battery life: 14 days. Strap material: Elastomer. Customer rating: 4.4/5.",missing,dataset,
596,Huawei,GT2 eActive,smartwatch,11990.0,19990.0,40.0,4.3,,AMOLED Display,,14.0,,,Thermoplastic polyurethane,,,False,,False,kaggle_devsubhash,"GT2 eActive by Huawei is a smartwatch. Price: INR 11,990 (MRP INR 19,990, 40% off). Display size: not listed. Display type: AMOLED Display. Battery life: 14 days. Strap material: Thermoplastic polyurethane. Customer rating: 4.3/5.",missing,dataset,
597,Huawei,GT2 eSport,smartwatch,8990.0,19990.0,55.0,4.3,,AMOLED Display,,14.0,,,Elastomer,,,False,,False,kaggle_devsubhash,"GT2 eSport by Huawei is a smartwatch. Price: INR 8,990 (MRP INR 19,990, 55% off). Display size: not listed. Display type: AMOLED Display. Battery life: 14 days. Strap material: Elastomer. Customer rating: 4.3/5.",missing,dataset,
598,Huawei,GT2 eSport,smartwatch,11990.0,19990.0,40.0,4.3,,AMOLED Display,,14.0,,,Elastomer,,,False,,False,kaggle_devsubhash,"GT2 eSport by Huawei is a smartwatch. Price: INR 11,990 (MRP INR 19,990, 40% off). Display size: not listed. Display type: AMOLED Display. Battery life: 14 days. Strap material: Elastomer. Customer rating: 4.3/5.",missing,dataset,
599,Huawei,Leia-B19,smartwatch,6400.0,11999.0,46.7,4.5,49.0,,,14.0,,True,,,,False,,False,kaggle_arnabchaki,"Leia-B19 by Huawei is a smartwatch. Price: INR 6,400 (MRP INR 11,999, 46.7% off). Display size: not listed. Battery life: 14 days (estimate based on similar watches from this brand). Bluetooth: yes. Customer rating: 4.5/5 from 49 ratings.",missing,imputed_brand_median,
600,Huawei,Stainless Steel,smartwatch,19990.0,19990.0,0.0,4.5,,AMOLED Display,,14.0,,,Leather,,,False,,False,kaggle_devsubhash,"Stainless Steel by Huawei is a smartwatch. Price: INR 19,990. Display size: not listed. Display type: AMOLED Display. Battery life: 14 days. Strap material: Leather. Customer rating: 4.5/5.",missing,dataset,
601,Huawei,Watch 2,smartwatch,25999.0,25999.0,0.0,3.9,,AMOLED Display,,7.0,,,Leather,,,False,,False,kaggle_devsubhash,"Watch 2 by Huawei is a smartwatch. Price: INR 25,999. Display size: not listed. Display type: AMOLED Display. Battery life: 7 days. Strap material: Leather. Customer rating: 3.9/5.",missing,dataset,
602,Huawei,Watch 2 Leather,smartwatch,25999.0,,0.0,3.9,21.0,,1.2,14.0,True,True,Leather,Circle,Black,False,,False,kaggle_arnabchaki,"Watch 2 Leather by Huawei is a smartwatch. Price: INR 25,999. Display size: 1.2 inches. Battery life: 14 days (estimate based on similar watches from this brand). Touchscreen: yes. Bluetooth: yes. Strap material: Leather. Customer rating: 3.9/5 from 21 ratings.",dataset,imputed_brand_median,1.2
603,Huawei,Watch 2 Sport,smartwatch,29999.0,29999.0,0.0,3.8,,AMOLED Display,,7.0,,,Silicone,,,False,,False,kaggle_devsubhash,"Watch 2 Sport by Huawei is a smartwatch. Price: INR 29,999. Display size: not listed. Display type: AMOLED Display. Battery life: 7 days. Strap material: Silicone. Customer rating: 3.8/5.",missing,dataset,
604,Huawei,Watch 2 Sport with 4G,smartwatch,29999.0,,0.0,3.8,5.0,,1.2,14.0,True,True,Silicon,Circle,Black,False,,False,kaggle_arnabchaki,"Watch 2 Sport with 4G by Huawei is a smartwatch. Price: INR 29,999. Display size: 1.2 inches. Battery life: 14 days (estimate based on similar watches from this brand). Touchscreen: yes. Bluetooth: yes. Strap material: Silicon. Customer rating: 3.8/5 from 5 ratings.",dataset,imputed_brand_median,1.2
605,Huawei,Watch 32564546,smartwatch,49999.0,49999.0,0.0,4.1,,AMOLED Display,,14.0,,,Silicone,,,False,,False,kaggle_devsubhash,"Watch 32564546 by Huawei is a smartwatch. Price: INR 49,999. Display size: not listed. Display type: AMOLED Display. Battery life: 14 days. Strap material: Silicone. Customer rating: 4.1/5.",missing,dataset,
606,Huawei,Watch 36456,smartwatch,55000.0,55000.0,0.0,4.1,,AMOLED Display,,14.0,,,Silicone,,,False,,False,kaggle_devsubhash,"Watch 36456 by Huawei is a smartwatch. Price: INR 55,000. Display size: not listed. Display type: AMOLED Display. Battery life: 14 days. Strap material: Silicone. Customer rating: 4.1/5.",missing,dataset,
607,Huawei,Watch Fit,smartwatch,6990.0,14990.0,53.4,4.3,119.0,,,14.0,True,True,Silicon,Rectangle,Pink,False,,False,kaggle_arnabchaki,"Watch Fit by Huawei is a smartwatch. Price: INR 6,990 (MRP INR 14,990, 53.4% off). Display size: not listed. Battery life: 14 days (estimate based on similar watches from this brand). Touchscreen: yes. Bluetooth: yes. Strap material: Silicon. Customer rating: 4.3/5 from 119 ratings.",missing,imputed_brand_median,
608,Huawei,Watch GT 2 (42 mm),smartwatch,14990.0,19990.0,25.0,4.7,,,1.7,14.0,True,True,Fluoroelastomer,Circle,Black,False,,False,kaggle_arnabchaki,"Watch GT 2 (42 mm) by Huawei is a smartwatch. Price: INR 14,990 (MRP INR 19,990, 25% off). Display size: 1.7 inches. Battery life: 14 days (estimate based on similar watches from this brand). Touchscreen: yes. Bluetooth: yes. Strap material: Fluoroelastomer. Customer rating: 4.7/5.",dataset,imputed_brand_median,1.7
609,Huawei,Watch GT 2 (46 mm),smartwatch,14990.0,20990.0,28.6,4.5,3228.0,,1.8,14.0,True,True,Fluoroelastomer,Circle,Black,False,,False,kaggle_arnabchaki,"Watch GT 2 (46 mm) by Huawei is a smartwatch. Price: INR 14,990 (MRP INR 20,990, 28.6% off). Display size: 1.8 inches. Battery life: 14 days (estimate based on similar watches from this brand). Touchscreen: yes. Bluetooth: yes. Strap material: Fluoroelastomer. Customer rating: 4.5/5 from 3,228 ratings.",dataset,imputed_brand_median,1.8
610,Huawei,Watch GT 2e Active,smartwatch,11990.0,19990.0,40.0,4.3,1269.0,,1.4,14.0,True,True,Thermo Plastic Polyurethene,Circle,Green,False,,False,kaggle_arnabchaki,"Watch GT 2e Active by Huawei is a smartwatch. Price: INR 11,990 (MRP INR 19,990, 40% off). Display size: 1.4 inches. Battery life: 14 days (estimate based on similar watches from this brand). Touchscreen: yes. Bluetooth: yes. Strap material: Thermo Plastic Polyurethene. Customer rating: 4.3/5 from 1,269 ratings.",dataset,imputed_brand_median,1.4
611,Huawei,Watch GT 2e Sport,smartwatch,8990.0,19990.0,55.0,4.3,1269.0,,1.4,14.0,True,True,Thermo Plastic Polyurethene,Circle,Red,False,,False,kaggle_arnabchaki,"Watch GT 2e Sport by Huawei is a smartwatch. Price: INR 8,990 (MRP INR 19,990, 55% off). Display size: 1.4 inches. Battery life: 14 days (estimate based on similar watches from this brand). Touchscreen: yes. Bluetooth: yes. Strap material: Thermo Plastic Polyurethene. Customer rating: 4.3/5 from 1,269 ratings.",dataset,imputed_brand_median,1.4
612,Huawei,Watch GT Active,smartwatch,15990.0,20990.0,23.8,4.4,399.0,,1.8,14.0,True,True,Silicon,Circle,Orange,False,,False,kaggle_arnabchaki,"Watch GT Active by Huawei is a smartwatch. Price: INR 15,990 (MRP INR 20,990, 23.8% off). Display size: 1.8 inches. Battery life: 14 days (estimate based on similar watches from this brand). Touchscreen: yes. Bluetooth: yes. Strap material: Silicon. Customer rating: 4.4/5 from 399 ratings.",dataset,imputed_brand_median,1.8
613,Huawei,Watch GT Classic,smartwatch,10990.0,21990.0,50.0,4.5,93.0,,1.8,14.0,True,True,Leather,Circle,Brown,False,,False,kaggle_arnabchaki,"Watch GT Classic by Huawei is a smartwatch. Price: INR 10,990 (MRP INR 21,990, 50% off). Display size: 1.8 inches. Battery life: 14 days (estimate based on similar watches from this brand). Touchscreen: yes. Bluetooth: yes. Strap material: Leather. Customer rating: 4.5/5 from 93 ratings.",dataset,imputed_brand_median,1.8
614,Huawei,Watch GT Sport,smartwatch,10990.0,20990.0,47.6,4.5,203.0,,1.8,14.0,True,True,Silicon,Circle,Black,False,,False,kaggle_arnabchaki,"Watch GT Sport by Huawei is a smartwatch. Price: INR 10,990 (MRP INR 20,990, 47.6% off). Display size: 1.8 inches. Battery life: 14 days (estimate based on similar watches from this brand). Touchscreen: yes. Bluetooth: yes. Strap material: Silicon. Customer rating: 4.5/5 from 203 ratings.",dataset,imputed_brand_median,1.8
615,Lcare,Watch,smartwatch,2995.0,4495.0,33.4,3.5,,OLED Display,,7.0,,,Silicone,,,False,,False,kaggle_devsubhash,"Watch by Lcare is a smartwatch. Price: INR 2,995 (MRP INR 4,495, 33.4% off). Display size: not listed. Display type: OLED Display. Battery life: 7 days. Strap material: Silicone. Customer rating: 3.5/5.",missing,dataset,
616,Noise,"Caliber Buzz Advanced BT Calling(True Sync), 1.69"" display, 500 NITS Brightness",smartwatch,1599.0,4999.0,68.0,4.3,4398.0,,1.7,7.0,True,True,Silicon,Rectangle,Green,False,,False,kaggle_arnabchaki,"Caliber Buzz Advanced BT Calling(True Sync), 1.69"" display, 500 NITS Brightness by Noise is a smartwatch. Price: INR 1,599 (MRP INR 4,999, 68% off). Display size: 1.7 inches. Battery life: 7 days (estimate based on similar watches from this brand). Touchscreen: yes. Bluetooth: yes. Strap material: Silicon. Customer rating: 4.3/5 from 4,398 ratings.",dataset,imputed_brand_median,1.7
617,Noise,ColorFit Brio,smartwatch,1799.0,5999.0,70.0,4.2,32505.0,,1.5,7.0,True,True,Thermo Plastic Polyurethene,Rectangle,Black,False,,False,kaggle_arnabchaki,"ColorFit Brio by Noise is a smartwatch. Price: INR 1,799 (MRP INR 5,999, 70% off). Display size: 1.5 inches. Battery life: 7 days (estimate based on similar watches from this brand). Touchscreen: yes. Bluetooth: yes. Strap material: Thermo Plastic Polyurethene. Customer rating: 4.2/5 from 32,505 ratings.",dataset,imputed_brand_median,1.5
618,Noise,ColorFit Brio,smartwatch,3499.0,5999.0,41.7,4.3,,AMOLED Display,1.7,7.0,,,Thermoplastic polyurethane,,,False,,False,kaggle_devsubhash,"ColorFit Brio by Noise is a smartwatch. Price: INR 3,499 (MRP INR 5,999, 41.7% off). Display size: 1.7 inches (estimate based on similar watches from this brand). Display type: AMOLED Display. Battery life: 7 days. Strap material: Thermoplastic polyurethane. Customer rating: 4.3/5.",imputed_brand_median,dataset,1.7
619,Noise,ColorFit Brio,smartwatch,2999.0,5999.0,50.0,4.3,,AMOLED Display,1.7,10.0,,,Thermoplastic polyurethane,,,False,,False,kaggle_devsubhash,"ColorFit Brio by Noise is a smartwatch. Price: INR 2,999 (MRP INR 5,999, 50% off). Display size: 1.7 inches (estimate based on similar watches from this brand). Display type: AMOLED Display. Battery life: 10 days. Strap material: Thermoplastic polyurethane. Customer rating: 4.3/5.",imputed_brand_median,dataset,1.7
620,Noise,ColorFit Caliber,smartwatch,2699.0,3999.0,32.5,4.3,,TFT-LCD Display,1.7,15.0,,,Silicone,,,False,,False,kaggle_devsubhash,"ColorFit Caliber by Noise is a smartwatch. Price: INR 2,699 (MRP INR 3,999, 32.5% off). Display size: 1.7 inches (estimate based on similar watches from this brand). Display type: TFT-LCD Display. Battery life: 15 days. Strap material: Silicone. Customer rating: 4.3/5.",imputed_brand_median,dataset,1.7
621,Noise,"ColorFit Caliber 2 Buzz Advanced BT Calling, 1.85"" display,10 days battery",smartwatch,1799.0,5999.0,70.0,4.1,3506.0,,1.8,10.0,True,True,Silicon,Square,Black,False,,False,kaggle_arnabchaki,"ColorFit Caliber 2 Buzz Advanced BT Calling, 1.85"" display,10 days battery by Noise is a smartwatch. Price: INR 1,799 (MRP INR 5,999, 70% off). Display size: 1.8 inches. Battery life: 10 days (from the product title). Touchscreen: yes. Bluetooth: yes. Strap material: Silicon. Customer rating: 4.1/5 from 3,506 ratings.",dataset,extracted_from_title,1.8
622,Noise,"ColorFit Caliber 2 with 1.83'' display Up to 12 Day Battery, 60 sports mode",smartwatch,1499.0,4999.0,70.0,3.4,504.0,,1.8,12.0,True,True,Silicon,Rectangle,Green,False,,False,kaggle_arnabchaki,"ColorFit Caliber 2 with 1.83'' display Up to 12 Day Battery, 60 sports mode by Noise is a smartwatch. Price: INR 1,499 (MRP INR 4,999, 70% off). Display size: 1.8 inches. Battery life: 12 days (from the product title). Touchscreen: yes. Bluetooth: yes. Strap material: Silicon. Customer rating: 3.4/5 from 504 ratings.",dataset,extracted_from_title,1.8
623,Noise,"ColorFit Caliber Go with 1.69 inch HD Display, 40 Sports Modes, 150+ Watch Faces",smartwatch,1299.0,3999.0,67.5,4.2,27445.0,,1.7,7.0,True,True,Silicon,Square,Black,False,,False,kaggle_arnabchaki,"ColorFit Caliber Go with 1.69 inch HD Display, 40 Sports Modes, 150+ Watch Faces by Noise is a smartwatch. Price: INR 1,299 (MRP INR 3,999, 67.5% off). Display size: 1.7 inches. Battery life: 7 days (estimate based on similar watches from this brand). Touchscreen: yes. Bluetooth: yes. Strap material: Silicon. Customer rating: 4.2/5 from 27,445 ratings.",dataset,imputed_brand_median,1.7
624,Noise,"ColorFit Caliber Smart Watch with 15-day battery, 1.69"" display, 60 Sports Modes",smartwatch,1499.0,3999.0,62.5,4.2,275607.0,,1.7,15.0,True,True,Silicon,Square,White,False,,False,kaggle_arnabchaki,"ColorFit Caliber Smart Watch with 15-day battery, 1.69"" display, 60 Sports Modes by Noise is a smartwatch. Price: INR 1,499 (MRP INR 3,999, 62.5% off). Display size: 1.7 inches. Battery life: 15 days (from the product title). Touchscreen: yes. Bluetooth: yes. Strap material: Silicon. Customer rating: 4.2/5 from 275,607 ratings.",dataset,extracted_from_title,1.7
625,Noise,"ColorFit Icon 2 1.8 Display, Bluetooth Calling, AI Voice Assistance",smartwatch,1999.0,5999.0,66.7,4.2,80483.0,,1.8,7.0,True,True,Silicon,Rectangle,Black,False,,False,kaggle_arnabchaki,"ColorFit Icon 2 1.8 Display, Bluetooth Calling, AI Voice Assistance by Noise is a smartwatch. Price: INR 1,999 (MRP INR 5,999, 66.7% off). Display size: 1.8 inches. Battery life: 7 days (estimate based on similar watches from this brand). Touchscreen: yes. Bluetooth: yes. Strap material: Silicon. Customer rating: 4.2/5 from 80,483 ratings.",dataset,imputed_brand_median,1.8
626,Noise,ColorFit IconBuzz,smartwatch,4999.0,4999.0,0.0,,,TFT-LCD Display,1.7,7.0,,,Silicone,,,False,,False,kaggle_devsubhash,"ColorFit IconBuzz by Noise is a smartwatch. Price: INR 4,999. Display size: 1.7 inches (estimate based on similar watches from this brand). Display type: TFT-LCD Display. Battery life: 7 days. Strap material: Silicone.",imputed_brand_median,dataset,1.7
627,Noise,"ColorFit Loop Advanced BT Calling with 1.85"" display,130+Sports Modes",smartwatch,2499.0,6999.0,64.3,4.3,3944.0,,1.9,7.0,True,True,Silicon,Square,Grey,False,,False,kaggle_arnabchaki,"ColorFit Loop Advanced BT Calling with 1.85"" display,130+Sports Modes by Noise is a smartwatch. Price: INR 2,499 (MRP INR 6,999, 64.3% off). Display size: 1.9 inches. Battery life: 7 days (estimate based on similar watches from this brand). Touchscreen: yes. Bluetooth: yes. Strap material: Silicon. Customer rating: 4.3/5 from 3,944 ratings.",dataset,imputed_brand_median,1.9
628,Noise,ColorFit Pro,smartwatch,2499.0,4999.0,50.0,3.9,,AMOLED Display,1.7,7.0,,,Silicone,,,False,,False,kaggle_devsubhash,"ColorFit Pro by Noise is a smartwatch. Price: INR 2,499 (MRP INR 4,999, 50% off). Display size: 1.7 inches (estimate based on similar watches from this brand). Display type: AMOLED Display. Battery life: 7 days. Strap material: Silicone. Customer rating: 3.9/5.",imputed_brand_median,dataset,1.7
629,Noise,ColorFit Pro,smartwatch,2513.0,4999.0,49.7,3.9,,AMOLED Display,1.7,7.0,,,Silicone,,,False,,False,kaggle_devsubhash,"ColorFit Pro by Noise is a smartwatch. Price: INR 2,513 (MRP INR 4,999, 49.7% off). Display size: 1.7 inches (estimate based on similar watches from this brand). Display type: AMOLED Display. Battery life: 7 days. Strap material: Silicone. Customer rating: 3.9/5.",imputed_brand_median,dataset,1.7
630,Noise,ColorFit Pro 2,smartwatch,1499.0,4999.0,70.0,4.1,148555.0,,1.3,7.0,True,True,Synthetic,Rectangle,Black,False,,False,kaggle_arnabchaki,"ColorFit Pro 2 by Noise is a smartwatch. Price: INR 1,499 (MRP INR 4,999, 70% off). Display size: 1.3 inches. Battery life: 7 days (estimate based on similar watches from this brand). Touchscreen: yes. Bluetooth: yes. Strap material: Synthetic. Customer rating: 4.1/5 from 148,555 ratings.",dataset,imputed_brand_median,1.3
631,Noise,ColorFit Pro 2,smartwatch,2699.0,4999.0,46.0,4.1,,AMOLED Display,1.7,10.0,,,Silicone,,,False,,False,kaggle_devsubhash,"ColorFit Pro 2 by Noise is a smartwatch. Price: INR 2,699 (MRP INR 4,999, 46% off). Display size: 1.7 inches (estimate based on similar watches from this brand). Display type: AMOLED Display. Battery life: 10 days. Strap material: Silicone. Customer rating: 4.1/5.",imputed_brand_median,dataset,1.7
632,Noise,ColorFit Pro 2 Oxy,smartwatch,2499.0,4999.0,50.0,4.0,,AMOLED Display,1.7,7.0,,,Thermoplastic polyurethane,,,False,,False,kaggle_devsubhash,"ColorFit Pro 2 Oxy by Noise is a smartwatch. Price: INR 2,499 (MRP INR 4,999, 50% off). Display size: 1.7 inches (estimate based on similar watches from this brand). Display type: AMOLED Display. Battery life: 7 days. Strap material: Thermoplastic polyurethane. Customer rating: 4.0/5.",imputed_brand_median,dataset,1.7
633,Noise,ColorFit Pro 3,smartwatch,1999.0,5999.0,66.7,4.1,69379.0,,1.6,7.0,True,True,Thermo Plastic Polyurethene,Rectangle,Black,False,,False,kaggle_arnabchaki,"ColorFit Pro 3 by Noise is a smartwatch. Price: INR 1,999 (MRP INR 5,999, 66.7% off). Display size: 1.6 inches. Battery life: 7 days (estimate based on similar watches from this brand). Touchscreen: yes. Bluetooth: yes. Strap material: Thermo Plastic Polyurethene. Customer rating: 4.1/5 from 69,379 ratings.",dataset,imputed_brand_median,1.6
634,Noise,ColorFit Pro 3,smartwatch,3999.0,5999.0,33.3,4.2,,AMOLED Display,1.7,7.0,,,Thermoplastic polyurethane,,,False,,False,kaggle_devsubhash,"ColorFit Pro 3 by Noise is a smartwatch. Price: INR 3,999 (MRP INR 5,999, 33.3% off). Display size: 1.7 inches (estimate based on similar watches from this brand). Display type: AMOLED Display. Battery life: 7 days. Strap material: Thermoplastic polyurethane. Customer rating: 4.2/5.",imputed_brand_median,dataset,1.7
635,Noise,"ColorFit Pro4 BT Calling 1.72"" TruView Display, Fully-functional digital crown",smartwatch,2999.0,5999.0,50.0,4.3,13108.0,,1.7,7.0,True,True,Silicon,Rectangle,Black,False,,False,kaggle_arnabchaki,"ColorFit Pro4 BT Calling 1.72"" TruView Display, Fully-functional digital crown by Noise is a smartwatch. Price: INR 2,999 (MRP INR 5,999, 50% off). Display size: 1.7 inches. Battery life: 7 days (estimate based on similar watches from this brand). Touchscreen: yes. Bluetooth: yes. Strap material: Silicon. Customer rating: 4.3/5 from 13,108 ratings.",dataset,imputed_brand_median,1.7
636,Noise,"ColorFit Pro4 Max 1.8"" BT Calling, Noise detection, Noise Health Suite",smartwatch,3799.0,5999.0,36.7,4.2,6004.0,,1.8,7.0,True,True,Silicon,Rectangle,Black,False,,False,kaggle_arnabchaki,"ColorFit Pro4 Max 1.8"" BT Calling, Noise detection, Noise Health Suite by Noise is a smartwatch. Price: INR 3,799 (MRP INR 5,999, 36.7% off). Display size: 1.8 inches. Battery life: 7 days (estimate based on similar watches from this brand). Touchscreen: yes. Bluetooth: yes. Strap material: Silicon. Customer rating: 4.2/5 from 6,004 ratings.",dataset,imputed_brand_median,1.8
637,Noise,ColorFit Qube,smartwatch,2499.0,4999.0,50.0,4.0,,AMOLED Display,1.7,7.0,,,Thermoplastic polyurethane,,,False,,False,kaggle_devsubhash,"ColorFit Qube by Noise is a smartwatch. Price: INR 2,499 (MRP INR 4,999, 50% off). Display size: 1.7 inches (estimate based on similar watches from this brand). Display type: AMOLED Display. Battery life: 7 days. Strap material: Thermoplastic polyurethane. Customer rating: 4.0/5.",imputed_brand_median,dataset,1.7
638,Noise,ColorFit Qube SpO2,smartwatch,2499.0,4999.0,50.0,4.3,,AMOLED Display,1.7,7.0,,,Thermoplastic polyurethane,,,False,,False,kaggle_devsubhash,"ColorFit Qube SpO2 by Noise is a smartwatch. Price: INR 2,499 (MRP INR 4,999, 50% off). Display size: 1.7 inches (estimate based on similar watches from this brand). Display type: AMOLED Display. Battery life: 7 days. Strap material: Thermoplastic polyurethane. Customer rating: 4.3/5.",imputed_brand_median,dataset,1.7
639,Noise,ColorFit Vision 2 Buzz,smartwatch,2999.0,7999.0,62.5,4.3,11755.0,,1.8,7.0,True,True,Silicon,Square,Black,False,,False,kaggle_arnabchaki,"ColorFit Vision 2 Buzz by Noise is a smartwatch. Price: INR 2,999 (MRP INR 7,999, 62.5% off). Display size: 1.8 inches. Battery life: 7 days (estimate based on similar watches from this brand). Touchscreen: yes. Bluetooth: yes. Strap material: Silicon. Customer rating: 4.3/5 from 11,755 ratings.",dataset,imputed_brand_median,1.8
640,Noise,"Core 2 1.28"" Display , Noisefit sync app, 100+ watch faces & 50+ Sports Modes",smartwatch,1499.0,3999.0,62.5,4.0,6638.0,,1.3,7.0,True,True,Silicon,Circle,Black,False,,False,kaggle_arnabchaki,"Core 2 1.28"" Display , Noisefit sync app, 100+ watch faces & 50+ Sports Modes by Noise is a smartwatch. Price: INR 1,499 (MRP INR 3,999, 62.5% off). Display size: 1.3 inches. Battery life: 7 days (estimate based on similar watches from this brand). Touchscreen: yes. Bluetooth: yes. Strap material: Silicon. Customer rating: 4.0/5 from 6,638 ratings.",dataset,imputed_brand_median,1.3
641,Noise,Evolve,smartwatch,4999.0,7999.0,37.5,3.9,,AMOLED Display,1.7,7.0,,,Thermoplastic polyurethane,,,False,,False,kaggle_devsubhash,"Evolve by Noise is a smartwatch. Price: INR 4,999 (MRP INR 7,999, 37.5% off). Display size: 1.7 inches (estimate based on similar watches from this brand). Display type: AMOLED Display. Battery life: 7 days. Strap material: Thermoplastic polyurethane. Customer rating: 3.9/5.",imputed_brand_median,dataset,1.7
642,Noise,Evolve 2,smartwatch,3999.0,7999.0,50.0,3.9,,AMOLED Display,1.7,7.0,,,Silicone,,,False,,False,kaggle_devsubhash,"Evolve 2 by Noise is a smartwatch. Price: INR 3,999 (MRP INR 7,999, 50% off). Display size: 1.7 inches (estimate based on similar watches from this brand). Display type: AMOLED Display. Battery life: 7 days. Strap material: Silicone. Customer rating: 3.9/5.",imputed_brand_median,dataset,1.7
643,Noise,"Evolve 3, 1.43"" AMOLED AOD, 466*466px, 500 nits, BT calling,Tru Sync Technology",smartwatch,3999.0,6999.0,42.9,4.4,12469.0,,1.4,7.0,True,True,Silicon,Circle,Black,False,,False,kaggle_arnabchaki,"Evolve 3, 1.43"" AMOLED AOD, 466*466px, 500 nits, BT calling,Tru Sync Technology by Noise is a smartwatch. Price: INR 3,999 (MRP INR 6,999, 42.9% off). Display size: 1.4 inches. Battery life: 7 days (estimate based on similar watches from this brand). Touchscreen: yes. Bluetooth: yes. Strap material: Silicon. Customer rating: 4.4/5 from 12,469 ratings.",dataset,imputed_brand_median,1.4
644,Noise,Fit Active,smartwatch,3499.0,5999.0,41.7,4.2,,AMOLED Display,1.7,7.0,,,Silicone,,,False,,False,kaggle_devsubhash,"Fit Active by Noise is a smartwatch. Price: INR 3,499 (MRP INR 5,999, 41.7% off). Display size: 1.7 inches (estimate based on similar watches from this brand). Display type: AMOLED Display. Battery life: 7 days. Strap material: Silicone. Customer rating: 4.2/5.",imputed_brand_median,dataset,1.7
645,Noise,"Fit Buzz with 1.32inch HD Round Screen, Bluetooth calling and SPO2",smartwatch,2999.0,8999.0,66.7,4.1,22942.0,,1.3,7.0,True,True,Silicon,Circle,Black,False,,False,kaggle_arnabchaki,"Fit Buzz with 1.32inch HD Round Screen, Bluetooth calling and SPO2 by Noise is a smartwatch. Price: INR 2,999 (MRP INR 8,999, 66.7% off). Display size: 1.3 inches. Battery life: 7 days (estimate based on similar watches from this brand). Touchscreen: yes. Bluetooth: yes. Strap material: Silicon. Customer rating: 4.1/5 from 22,942 ratings.",dataset,imputed_brand_median,1.3
646,Noise,Fit Evolve,smartwatch,5499.0,7999.0,31.3,3.9,,AMOLED Display,1.7,7.0,,,Thermoplastic polyurethane,,,False,,False,kaggle_devsubhash,"Fit Evolve by Noise is a smartwatch. Price: INR 5,499 (MRP INR 7,999, 31.3% off). Display size: 1.7 inches (estimate based on similar watches from this brand). Display type: AMOLED Display. Battery life: 7 days. Strap material: Thermoplastic polyurethane. Customer rating: 3.9/5.",imputed_brand_median,dataset,1.7
647,Noise,Fusiom Hybrid,smartwatch,5999.0,9999.0,40.0,4.0,,AMOLED Display,1.7,7.0,,,Thermoplastic polyurethane,,,False,,False,kaggle_devsubhash,"Fusiom Hybrid by Noise is a smartwatch. Price: INR 5,999 (MRP INR 9,999, 40% off). Display size: 1.7 inches (estimate based on similar watches from this brand). Display type: AMOLED Display. Battery life: 7 days. Strap material: Thermoplastic polyurethane. Customer rating: 4.0/5.",imputed_brand_median,dataset,1.7
648,Noise,"Icon Buzz BT Calling with 1.69"" display , AI Voice Assistance, Built-In Games",smartwatch,1799.0,4999.0,64.0,4.2,219512.0,,1.7,7.0,True,True,Silicon,Rectangle,Black,False,,False,kaggle_arnabchaki,"Icon Buzz BT Calling with 1.69"" display , AI Voice Assistance, Built-In Games by Noise is a smartwatch. Price: INR 1,799 (MRP INR 4,999, 64% off). Display size: 1.7 inches. Battery life: 7 days (estimate based on similar watches from this brand). Touchscreen: yes. Bluetooth: yes. Strap material: Silicon. Customer rating: 4.2/5 from 219,512 ratings.",dataset,imputed_brand_median,1.7
649,Noise,NSW-05,smartwatch,1499.0,3999.0,62.5,4.0,32704.0,,1.7,7.0,True,True,Other,,,False,,False,kaggle_arnabchaki,"NSW-05 by Noise is a smartwatch. Price: INR 1,499 (MRP INR 3,999, 62.5% off). Display size: 1.7 inches. Battery life: 7 days (estimate based on similar watches from this brand). Touchscreen: yes. Bluetooth: yes. Strap material: Other. Customer rating: 4.0/5 from 32,704 ratings.",dataset,imputed_brand_median,1.7
650,Noise,NoiseFit Endure,smartwatch,2799.0,5999.0,53.3,3.9,,AMOLED Display,1.7,7.0,,,Thermoplastic polyurethane,,,False,,False,kaggle_devsubhash,"NoiseFit Endure by Noise is a smartwatch. Price: INR 2,799 (MRP INR 5,999, 53.3% off). Display size: 1.7 inches (estimate based on similar watches from this brand). Display type: AMOLED Display. Battery life: 7 days. Strap material: Thermoplastic polyurethane. Customer rating: 3.9/5.",imputed_brand_median,dataset,1.7
651,Noise,NoiseFit Endure,smartwatch,2599.0,5999.0,56.7,3.9,,AMOLED Display,1.7,7.0,,,Silicone,,,False,,False,kaggle_devsubhash,"NoiseFit Endure by Noise is a smartwatch. Price: INR 2,599 (MRP INR 5,999, 56.7% off). Display size: 1.7 inches (estimate based on similar watches from this brand). Display type: AMOLED Display. Battery life: 7 days. Strap material: Silicone. Customer rating: 3.9/5.",imputed_brand_median,dataset,1.7
652,Noise,NoiseFit Endure,smartwatch,2999.0,5999.0,50.0,3.9,,AMOLED Display,1.7,7.0,,,Silicone,,,False,,False,kaggle_devsubhash,"NoiseFit Endure by Noise is a smartwatch. Price: INR 2,999 (MRP INR 5,999, 50% off). Display size: 1.7 inches (estimate based on similar watches from this brand). Display type: AMOLED Display. Battery life: 7 days. Strap material: Silicone. Customer rating: 3.9/5.",imputed_brand_median,dataset,1.7
653,Noise,"Qube with 1.4"" Full Touch display, Multi-Sports modes, 7-day Battery,Spo2",smartwatch,1299.0,4999.0,74.0,4.1,142612.0,,1.4,7.0,True,True,Thermo Plastic Polyurethene,Square,Black,False,,False,kaggle_arnabchaki,"Qube with 1.4"" Full Touch display, Multi-Sports modes, 7-day Battery,Spo2 by Noise is a smartwatch. Price: INR 1,299 (MRP INR 4,999, 74% off). Display size: 1.4 inches. Battery life: 7 days (from the product title). Touchscreen: yes. Bluetooth: yes. Strap material: Thermo Plastic Polyurethene. Customer rating: 4.1/5 from 142,612 ratings.",dataset,extracted_from_title,1.4
654,Noise,X-Fit 2 (HRX Edition) Smart Watch with 1.69inch Display & 60 Sports Modes,smartwatch,1799.0,3999.0,55.0,4.2,5970.0,,1.7,7.0,True,True,Silicon,Rectangle,Grey,False,,False,kaggle_arnabchaki,"X-Fit 2 (HRX Edition) Smart Watch with 1.69inch Display & 60 Sports Modes by Noise is a smartwatch. Price: INR 1,799 (MRP INR 3,999, 55% off). Display size: 1.7 inches. Battery life: 7 days (estimate based on similar watches from this brand). Touchscreen: yes. Bluetooth: yes. Strap material: Silicon. Customer rating: 4.2/5 from 5,970 ratings.",dataset,imputed_brand_median,1.7
655,OnePlus,Watch,smartwatch,14999.0,16999.0,11.8,4.4,,AMOLED Display,,14.0,,,Elastomer,,,False,,False,kaggle_devsubhash,"Watch by OnePlus is a smartwatch. Price: INR 14,999 (MRP INR 16,999, 11.8% off). Display size: not listed. Display type: AMOLED Display. Battery life: 14 days. Strap material: Elastomer. Customer rating: 4.4/5.",missing,dataset,
656,Oppo,41mm,smartwatch,17990.0,24990.0,28.0,3.9,,AMOLED Display,,14.0,,,Rubber,,,False,,False,kaggle_devsubhash,"41mm by Oppo is a smartwatch. Price: INR 17,990 (MRP INR 24,990, 28% off). Display size: not listed. Display type: AMOLED Display. Battery life: 14 days. Strap material: Rubber. Customer rating: 3.9/5.",missing,dataset,
657,Oppo,46 mm,smartwatch,14990.0,19990.0,25.0,3.9,,AMOLED Display,,14.0,,,Rubber,,,False,,False,kaggle_devsubhash,"46 mm by Oppo is a smartwatch. Price: INR 14,990 (MRP INR 19,990, 25% off). Display size: not listed. Display type: AMOLED Display. Battery life: 14 days. Strap material: Rubber. Customer rating: 3.9/5.",missing,dataset,
658,Pebble,Aspire Unisex 2.5D Curved Screen Smartwatch with Female Cycle Tracker Rose Gold,smartwatch,3999.0,6499.0,38.5,3.4,45.0,,1.6,,True,True,Silicon,Rectangle,Pink,False,,False,kaggle_arnabchaki,"Aspire Unisex 2.5D Curved Screen Smartwatch with Female Cycle Tracker Rose Gold by Pebble is a smartwatch. Price: INR 3,999 (MRP INR 6,499, 38.5% off). Display size: 1.6 inches. Battery life: not listed. Touchscreen: yes. Bluetooth: yes. Strap material: Silicon. Customer rating: 3.4/5 from 45 ratings.",dataset,missing,1.6
659,Pebble,Cosmos,smartwatch,4990.0,6999.0,28.7,4.1,1964.0,,1.7,,True,True,Silicon,Square,Maroon,False,,False,kaggle_arnabchaki,"Cosmos by Pebble is a smartwatch. Price: INR 4,990 (MRP INR 6,999, 28.7% off). Display size: 1.7 inches (estimate based on similar watches from this brand). Battery life: not listed. Touchscreen: yes. Bluetooth: yes. Strap material: Silicon. Customer rating: 4.1/5 from 1,964 ratings.",imputed_brand_median,missing,1.7
660,Pebble,"Cosmos Grande 2.1 Largest Display, BT Calling, Wireless Charging,GPS Trajectory",smartwatch,3999.0,9999.0,60.0,3.9,677.0,,2.1,,True,True,Silicon,Rectangle,Blue,False,,False,kaggle_arnabchaki,"Cosmos Grande 2.1 Largest Display, BT Calling, Wireless Charging,GPS Trajectory by Pebble is a smartwatch. Price: INR 3,999 (MRP INR 9,999, 60% off). Display size: 2.1 inches. Battery life: not listed. Touchscreen: yes. Bluetooth: yes. Strap material: Silicon. Customer rating: 3.9/5 from 677 ratings.",dataset,missing,2.1
661,Pebble,"Cosmos Luxe 2.0 1.43"" AMOLED Display with BT Calling and Responsive Watch Faces",smartwatch,4199.0,9999.0,58.0,4.2,541.0,,1.4,,True,True,Silicon,Circle,Midnight,False,,False,kaggle_arnabchaki,"Cosmos Luxe 2.0 1.43"" AMOLED Display with BT Calling and Responsive Watch Faces by Pebble is a smartwatch. Price: INR 4,199 (MRP INR 9,999, 58% off). Display size: 1.4 inches. Battery life: not listed. Touchscreen: yes. Bluetooth: yes. Strap material: Silicon. Customer rating: 4.2/5 from 541 ratings.",dataset,missing,1.4
662,Pebble,Cosmos Pro 1.7inch HD LCD display with Bluetooth calling function,smartwatch,3999.0,7999.0,50.0,3.9,2874.0,,1.7,,True,True,Silicon,Square,Black,False,,False,kaggle_arnabchaki,"Cosmos Pro 1.7inch HD LCD display with Bluetooth calling function by Pebble is a smartwatch. Price: INR 3,999 (MRP INR 7,999, 50% off). Display size: 1.7 inches (from the product title). Battery life: not listed. Touchscreen: yes. Bluetooth: yes. Strap material: Silicon. Customer rating: 3.9/5 from 2,874 ratings.",extracted_from_title,missing,1.7
663,Pebble,Cosmos Pro 1.7inch HD display with Bluetooth calling function,smartwatch,3999.0,7999.0,50.0,3.9,2874.0,,1.7,,True,True,Silicon,Square,"Pink, Gold",False,,False,kaggle_arnabchaki,"Cosmos Pro 1.7inch HD display with Bluetooth calling function by Pebble is a smartwatch. Price: INR 3,999 (MRP INR 7,999, 50% off). Display size: 1.7 inches (from the product title). Battery life: not listed. Touchscreen: yes. Bluetooth: yes. Strap material: Silicon. Customer rating: 3.9/5 from 2,874 ratings.",extracted_from_title,missing,1.7
664,Pebble,"Cosmos Ultra 1.91"" 600 nits BT-Calling High-Res Curved Display, Ultra-Thin Dial",smartwatch,2799.0,7499.0,62.7,4.4,12644.0,,1.9,,True,True,Silicon,Rectangle,Black,False,,False,kaggle_arnabchaki,"Cosmos Ultra 1.91"" 600 nits BT-Calling High-Res Curved Display, Ultra-Thin Dial by Pebble is a smartwatch. Price: INR 2,799 (MRP INR 7,499, 62.7% off). Display size: 1.9 inches. Battery life: not listed. Touchscreen: yes. Bluetooth: yes. Strap material: Silicon. Customer rating: 4.4/5 from 12,644 ratings.",dataset,missing,1.9
665,Pebble,"Cosmos luxe 1.36"" AMOLED Always-on Display Bluetooth calling",smartwatch,4199.0,9499.0,55.8,4.2,7828.0,,1.36,,True,True,Silicon,Circle,Green,False,,False,kaggle_arnabchaki,"Cosmos luxe 1.36"" AMOLED Always-on Display Bluetooth calling by Pebble is a smartwatch. Price: INR 4,199 (MRP INR 9,499, 55.8% off). Display size: 1.36 inches (from the product title). Battery life: not listed. Touchscreen: yes. Bluetooth: yes. Strap material: Silicon. Customer rating: 4.2/5 from 7,828 ratings.",extracted_from_title,missing,1.36
666,Pebble,"Cosmos luxe 1.36"" AMOLED Always-on Display Bluetooth calling(Midnight Gold)",smartwatch,4199.0,9499.0,55.8,4.2,7828.0,,1.36,,True,True,Silicon,Circle,Charcoal,False,,False,kaggle_arnabchaki,"Cosmos luxe 1.36"" AMOLED Always-on Display Bluetooth calling(Midnight Gold) by Pebble is a smartwatch. Price: INR 4,199 (MRP INR 9,499, 55.8% off). Display size: 1.36 inches (from the product title). Battery life: not listed. Touchscreen: yes. Bluetooth: yes. Strap material: Silicon. Customer rating: 4.2/5 from 7,828 ratings.",extracted_from_title,missing,1.36
667,Pebble,"Frost 1.87 BT Calling with 2.5D Curved HD Display, AI Voice Assisst",smartwatch,1999.0,4999.0,60.0,4.0,4240.0,,1.7,,True,True,Silicon,Rectangle,Orange Alpine,False,,False,kaggle_arnabchaki,"Frost 1.87 BT Calling with 2.5D Curved HD Display, AI Voice Assisst by Pebble is a smartwatch. Price: INR 1,999 (MRP INR 4,999, 60% off). Display size: 1.7 inches (estimate based on similar watches from this brand). Battery life: not listed. Touchscreen: yes. Bluetooth: yes. Strap material: Silicon. Customer rating: 4.0/5 from 4,240 ratings.",imputed_brand_median,missing,1.7
668,Pebble,"Frost 1.87'' BT Calling with 2.5D Curved HD Display, AI Voice Assisst",smartwatch,1999.0,4999.0,60.0,4.0,4240.0,,1.87,,True,True,Silicon,Rectangle,Blue,False,,False,kaggle_arnabchaki,"Frost 1.87'' BT Calling with 2.5D Curved HD Display, AI Voice Assisst by Pebble is a smartwatch. Price: INR 1,999 (MRP INR 4,999, 60% off). Display size: 1.87 inches (from the product title). Battery life: not listed. Touchscreen: yes. Bluetooth: yes. Strap material: Silicon. Customer rating: 4.0/5 from 4,240 ratings.",extracted_from_title,missing,1.87
669,Pebble,PFB13 Charcoal Black,smartwatch,4499.0,7499.0,40.0,3.6,94.0,,1.3,,True,True,,,,False,,False,kaggle_arnabchaki,"PFB13 Charcoal Black by Pebble is a smartwatch. Price: INR 4,499 (MRP INR 7,499, 40% off). Display size: 1.3 inches. Battery life: not listed. Touchscreen: yes. Bluetooth: yes. Customer rating: 3.6/5 from 94 ratings.",dataset,missing,1.3
670,Pebble,PFB22 Mint Green,smartwatch,2999.0,6999.0,57.2,3.8,3563.0,,1.8,,True,True,,,,False,,False,kaggle_arnabchaki,"PFB22 Mint Green by Pebble is a smartwatch. Price: INR 2,999 (MRP INR 6,999, 57.2% off). Display size: 1.8 inches. Battery life: not listed. Touchscreen: yes. Bluetooth: yes. Customer rating: 3.8/5 from 3,563 ratings.",dataset,missing,1.8
671,Pebble,PFB24,smartwatch,4299.0,7499.0,42.7,3.6,55.0,,1.1,,True,True,,,,False,,False,kaggle_arnabchaki,"PFB24 by Pebble is a smartwatch. Price: INR 4,299 (MRP INR 7,499, 42.7% off). Display size: 1.1 inches. Battery life: not listed. Touchscreen: yes. Bluetooth: yes. Customer rating: 3.6/5 from 55 ratings.",dataset,missing,1.1
672,Pebble,"Pace Pro Smartwatch with 1.7"" HD Curved Display Golden Black",smartwatch,2999.0,5499.0,45.5,3.8,,,1.7,,True,True,Silicon,Square,Black,False,,False,kaggle_arnabchaki,"Pace Pro Smartwatch with 1.7"" HD Curved Display Golden Black by Pebble is a smartwatch. Price: INR 2,999 (MRP INR 5,499, 45.5% off). Display size: 1.7 inches (from the product title). Battery life: not listed. Touchscreen: yes. Bluetooth: yes. Strap material: Silicon. Customer rating: 3.8/5.",extracted_from_title,missing,1.7
673,Pebble,"Pace Pro Smartwatch with 1.7"" HD Curved Display Golden Ivory",smartwatch,2999.0,5499.0,45.5,3.8,5.0,,1.7,,True,True,Silicon,Square,Gold,False,,False,kaggle_arnabchaki,"Pace Pro Smartwatch with 1.7"" HD Curved Display Golden Ivory by Pebble is a smartwatch. Price: INR 2,999 (MRP INR 5,499, 45.5% off). Display size: 1.7 inches (from the product title). Battery life: not listed. Touchscreen: yes. Bluetooth: yes. Strap material: Silicon. Customer rating: 3.8/5 from 5 ratings.",extracted_from_title,missing,1.7
674,Pebble,Pace Unisex Smart Watch with Full Touch Dynamic Colour Display (Black,smartwatch,3069.0,4999.0,38.6,4.0,1371.0,,1.4,,True,True,Silicon,Rectangle,Black,False,,False,kaggle_arnabchaki,"Pace Unisex Smart Watch with Full Touch Dynamic Colour Display (Black by Pebble is a smartwatch. Price: INR 3,069 (MRP INR 4,999, 38.6% off). Display size: 1.4 inches. Battery life: not listed. Touchscreen: yes. Bluetooth: yes. Strap material: Silicon. Customer rating: 4.0/5 from 1,371 ratings.",dataset,missing,1.4
675,Pebble,Pace Unisex Smart Watch with Full Touch Dynamic Colour Display (Blue,smartwatch,2999.0,4999.0,40.0,4.0,1371.0,,1.4,,True,True,Silicon,Rectangle,Blue,False,,False,kaggle_arnabchaki,"Pace Unisex Smart Watch with Full Touch Dynamic Colour Display (Blue by Pebble is a smartwatch. Price: INR 2,999 (MRP INR 4,999, 40% off). Display size: 1.4 inches. Battery life: not listed. Touchscreen: yes. Bluetooth: yes. Strap material: Silicon. Customer rating: 4.0/5 from 1,371 ratings.",dataset,missing,1.4
676,Pebble,"Pebble Cosmos, Bluetooth Calling smartwatch 24 Hour Health Tracking (Burgundy)",smartwatch,4990.0,6999.0,28.7,4.1,,,1.7,,True,True,Silicon,Square,Maroon,False,,False,kaggle_arnabchaki,"Pebble Cosmos, Bluetooth Calling smartwatch 24 Hour Health Tracking (Burgundy) by Pebble is a smartwatch. Price: INR 4,990 (MRP INR 6,999, 28.7% off). Display size: 1.7 inches (estimate based on similar watches from this brand). Battery life: not listed. Touchscreen: yes. Bluetooth: yes. Strap material: Silicon. Customer rating: 4.1/5.",imputed_brand_median,missing,1.7
677,Pebble,"Pebble Cosmos, Bluetooth Calling smartwatch Multi Sports Modes",smartwatch,4990.0,6999.0,28.7,5.0,3.0,,1.7,,True,True,Rubber,Square,Blue,False,,False,kaggle_arnabchaki,"Pebble Cosmos, Bluetooth Calling smartwatch Multi Sports Modes by Pebble is a smartwatch. Price: INR 4,990 (MRP INR 6,999, 28.7% off). Display size: 1.7 inches (estimate based on similar watches from this brand). Battery life: not listed. Touchscreen: yes. Bluetooth: yes. Strap material: Rubber. Customer rating: 5.0/5 from 3 ratings.",imputed_brand_median,missing,1.7
678,Pebble,"Prism 1.7""Display With Fitness & Outdoor Activity Black",smartwatch,1499.0,3299.0,54.6,3.8,,,1.7,,True,True,Silicon,Square,Black,False,,False,kaggle_arnabchaki,"Prism 1.7""Display With Fitness & Outdoor Activity Black by Pebble is a smartwatch. Price: INR 1,499 (MRP INR 3,299, 54.6% off). Display size: 1.7 inches (from the product title). Battery life: not listed. Touchscreen: yes. Bluetooth: yes. Strap material: Silicon. Customer rating: 3.8/5.",extracted_from_title,missing,1.7
679,Pebble,"Prism 1.7""Display With Fitness & Outdoor Activity Blue",smartwatch,2499.0,3299.0,24.2,3.8,,,1.7,,True,True,Silicon,Square,Blue,False,,False,kaggle_arnabchaki,"Prism 1.7""Display With Fitness & Outdoor Activity Blue by Pebble is a smartwatch. Price: INR 2,499 (MRP INR 3,299, 24.2% off). Display size: 1.7 inches (from the product title). Battery life: not listed. Touchscreen: yes. Bluetooth: yes. Strap material: Silicon. Customer rating: 3.8/5.",extracted_from_title,missing,1.7
680,Pebble,Prism Max Bluetooth Calling Large Display,smartwatch,3999.0,5499.0,27.3,4.1,16.0,,1.7,,True,True,Silicon,Rectangle,Black,False,,False,kaggle_arnabchaki,"Prism Max Bluetooth Calling Large Display by Pebble is a smartwatch. Price: INR 3,999 (MRP INR 5,499, 27.3% off). Display size: 1.7 inches (estimate based on similar watches from this brand). Battery life: not listed. Touchscreen: yes. Bluetooth: yes. Strap material: Silicon. Customer rating: 4.1/5 from 16 ratings.",imputed_brand_median,missing,1.7
681,Pebble,Revo Bluetooth Calling Smartwatch for Men Black,smartwatch,4699.0,7499.0,37.3,4.1,20.0,,1.3,,True,True,Leather,Circle,Brown,False,,False,kaggle_arnabchaki,"Revo Bluetooth Calling Smartwatch for Men Black by Pebble is a smartwatch. Price: INR 4,699 (MRP INR 7,499, 37.3% off). Display size: 1.3 inches. Battery life: not listed. Touchscreen: yes. Bluetooth: yes. Strap material: Leather. Customer rating: 4.1/5 from 20 ratings.",dataset,missing,1.3
682,Pebble,Revo Bluetooth Calling Smartwatch for Men Tan Leather,smartwatch,4499.0,7499.0,40.0,3.1,10.0,,1.3,,True,True,Silicon,Circle,Black,False,,False,kaggle_arnabchaki,"Revo Bluetooth Calling Smartwatch for Men Tan Leather by Pebble is a smartwatch. Price: INR 4,499 (MRP INR 7,499, 40% off). Display size: 1.3 inches. Battery life: not listed. Touchscreen: yes. Bluetooth: yes. Strap material: Silicon. Customer rating: 3.1/5 from 10 ratings.",dataset,missing,1.3
683,Pebble,"Spark 1.7 inch Bluetooth Calling, HD Display with SPO2, HR Monitor",smartwatch,2499.0,4499.0,44.5,3.5,1014.0,,1.7,,True,True,Silicon,Rectangle,Deep Wine,False,,False,kaggle_arnabchaki,"Spark 1.7 inch Bluetooth Calling, HD Display with SPO2, HR Monitor by Pebble is a smartwatch. Price: INR 2,499 (MRP INR 4,499, 44.5% off). Display size: 1.7 inches. Battery life: not listed. Touchscreen: yes. Bluetooth: yes. Strap material: Silicon. Customer rating: 3.5/5 from 1,014 ratings.",dataset,missing,1.7
684,Pebble,"Spark Ace 1.85 Large HD Display, Health Suite, 100+ Watch Faces, 7 days battery",smartwatch,1499.0,4499.0,66.7,3.8,1338.0,,1.9,7.0,True,True,Silicon,Rectangle,Blue,False,,False,kaggle_arnabchaki,"Spark Ace 1.85 Large HD Display, Health Suite, 100+ Watch Faces, 7 days battery by Pebble is a smartwatch. Price: INR 1,499 (MRP INR 4,499, 66.7% off). Display size: 1.9 inches. Battery life: 7 days (from the product title). Touchscreen: yes. Bluetooth: yes. Strap material: Silicon. Customer rating: 3.8/5 from 1,338 ratings.",dataset,extracted_from_title,1.9
685,Pebble,Venus,smartwatch,3999.0,7499.0,46.7,4.1,99.0,,1.1,,True,True,Silicon,Circle,Black,False,,False,kaggle_arnabchaki,"Venus by Pebble is a smartwatch. Price: INR 3,999 (MRP INR 7,499, 46.7% off). Display size: 1.1 inches. Battery life: not listed. Touchscreen: yes. Bluetooth: yes. Strap material: Silicon. Customer rating: 4.1/5 from 99 ratings.",dataset,missing,1.1
686,Pebble,Venus Bluetooth Calling Smartwatch with Fitness Tracker for Women-Midnight Gold,smartwatch,5190.0,7499.0,30.8,4.1,,,1.7,,True,True,Silicon,Circle,Black,False,,False,kaggle_arnabchaki,"Venus Bluetooth Calling Smartwatch with Fitness Tracker for Women-Midnight Gold by Pebble is a smartwatch. Price: INR 5,190 (MRP INR 7,499, 30.8% off). Display size: 1.7 inches (estimate based on similar watches from this brand). Battery life: not listed. Touchscreen: yes. Bluetooth: yes. Strap material: Silicon. Customer rating: 4.1/5.",imputed_brand_median,missing,1.7
687,Pebble,Zen Pro Unisex SPO2 Grey,smartwatch,3499.0,5999.0,41.7,4.7,,,1.3,,True,True,Silicon,Circle,Grey,False,,False,kaggle_arnabchaki,"Zen Pro Unisex SPO2 Grey by Pebble is a smartwatch. Price: INR 3,499 (MRP INR 5,999, 41.7% off). Display size: 1.3 inches. Battery life: not listed. Touchscreen: yes. Bluetooth: yes. Strap material: Silicon. Customer rating: 4.7/5.",dataset,missing,1.3
688,Pebble,"prism ultra 1.69"" HD Display With Bluetooth Calling Green",smartwatch,3299.0,4999.0,34.0,3.8,,,1.69,,True,True,Silicon,Square,Sea Green,False,,False,kaggle_arnabchaki,"prism ultra 1.69"" HD Display With Bluetooth Calling Green by Pebble is a smartwatch. Price: INR 3,299 (MRP INR 4,999, 34% off). Display size: 1.69 inches (from the product title). Battery life: not listed. Touchscreen: yes. Bluetooth: yes. Strap material: Silicon. Customer rating: 3.8/5.",extracted_from_title,missing,1.69
689,Realme,2 Pro,smartwatch,4999.0,5999.0,16.7,4.4,,AMOLED Display,,14.0,,,Silicone,,,False,,False,kaggle_devsubhash,"2 Pro by Realme is a smartwatch. Price: INR 4,999 (MRP INR 5,999, 16.7% off). Display size: not listed. Display type: AMOLED Display. Battery life: 14 days. Strap material: Silicone. Customer rating: 4.4/5.",missing,dataset,
690,Realme,2S,smartwatch,3499.0,3999.0,12.5,4.2,,AMOLED Display,,7.0,,,Silicone,,,False,,False,kaggle_devsubhash,"2S by Realme is a smartwatch. Price: INR 3,499 (MRP INR 3,999, 12.5% off). Display size: not listed. Display type: AMOLED Display. Battery life: 7 days. Strap material: Silicone. Customer rating: 4.2/5.",missing,dataset,
691,Realme,Classic,smartwatch,3921.0,6999.0,44.0,4.0,,TFT-LCD Display,,7.0,,,Silicone,,,False,,False,kaggle_devsubhash,"Classic by Realme is a smartwatch. Price: INR 3,921 (MRP INR 6,999, 44% off). Display size: not listed. Display type: TFT-LCD Display. Battery life: 7 days. Strap material: Silicone. Customer rating: 4.0/5.",missing,dataset,
692,Realme,Fashion,smartwatch,5400.0,6999.0,22.8,4.0,,TFT-LCD Display,,14.0,,,Silicone,,,False,,False,kaggle_devsubhash,"Fashion by Realme is a smartwatch. Price: INR 5,400 (MRP INR 6,999, 22.8% off). Display size: not listed. Display type: TFT-LCD Display. Battery life: 14 days. Strap material: Silicone. Customer rating: 4.0/5.",missing,dataset,
693,Realme,S,smartwatch,6779.0,7999.0,15.3,4.3,,AMOLED Display,,14.0,,,Silicone,,,False,,False,kaggle_devsubhash,"S by Realme is a smartwatch. Price: INR 6,779 (MRP INR 7,999, 15.3% off). Display size: not listed. Display type: AMOLED Display. Battery life: 14 days. Strap material: Silicone. Customer rating: 4.3/5.",missing,dataset,
694,Realme,S,smartwatch,4999.0,7999.0,37.5,4.3,,AMOLED Display,,14.0,,,Silicone,,,False,,False,kaggle_devsubhash,"S by Realme is a smartwatch. Price: INR 4,999 (MRP INR 7,999, 37.5% off). Display size: not listed. Display type: AMOLED Display. Battery life: 14 days. Strap material: Silicone. Customer rating: 4.3/5.",missing,dataset,
695,Realme,S Master,smartwatch,5999.0,8999.0,33.3,4.3,,AMOLED Display,,14.0,,,Silicone,,,False,,False,kaggle_devsubhash,"S Master by Realme is a smartwatch. Price: INR 5,999 (MRP INR 8,999, 33.3% off). Display size: not listed. Display type: AMOLED Display. Battery life: 14 days. Strap material: Silicone. Customer rating: 4.3/5.",missing,dataset,
696,Realme,S Pro,smartwatch,9999.0,12999.0,23.1,4.1,,AMOLED Display,,14.0,,,Silicone,,,False,,False,kaggle_devsubhash,"S Pro by Realme is a smartwatch. Price: INR 9,999 (MRP INR 12,999, 23.1% off). Display size: not listed. Display type: AMOLED Display. Battery life: 14 days. Strap material: Silicone. Customer rating: 4.1/5.",missing,dataset,
697,Samsung,Galaxy 42,smartwatch,24989.0,25990.0,3.9,4.6,,AMOLED Display,,14.0,,,Elastomer,,,False,,False,kaggle_devsubhash,"Galaxy 42 by Samsung is a smartwatch. Price: INR 24,989 (MRP INR 25,990, 3.9% off). Display size: not listed. Display type: AMOLED Display. Battery life: 14 days. Strap material: Elastomer. Customer rating: 4.6/5.",missing,dataset,
698,Samsung,Galaxy 42,smartwatch,21989.0,25990.0,15.4,4.6,,AMOLED Display,,14.0,,,Elastomer,,,False,,False,kaggle_devsubhash,"Galaxy 42 by Samsung is a smartwatch. Price: INR 21,989 (MRP INR 25,990, 15.4% off). Display size: not listed. Display type: AMOLED Display. Battery life: 14 days. Strap material: Elastomer. Customer rating: 4.6/5.",missing,dataset,
699,Samsung,Galaxy 44mm,smartwatch,24490.0,28490.0,14.0,3.6,,AMOLED Display,,14.0,,,Silicone,,,False,,False,kaggle_devsubhash,"Galaxy 44mm by Samsung is a smartwatch. Price: INR 24,490 (MRP INR 28,490, 14% off). Display size: not listed. Display type: AMOLED Display. Battery life: 14 days. Strap material: Silicone. Customer rating: 3.6/5.",missing,dataset,
700,Samsung,Galaxy 46mm,smartwatch,16990.0,33999.0,50.0,4.5,,AMOLED Display,,7.0,,,Elastomer,,,False,,False,kaggle_devsubhash,"Galaxy 46mm by Samsung is a smartwatch. Price: INR 16,990 (MRP INR 33,999, 50% off). Display size: not listed. Display type: AMOLED Display. Battery life: 7 days. Strap material: Elastomer. Customer rating: 4.5/5.",missing,dataset,
701,Samsung,Galaxy Active 2,smartwatch,18990.0,28490.0,33.3,4.1,,AMOLED Display,,14.0,,,Silicone,,,False,,False,kaggle_devsubhash,"Galaxy Active 2 by Samsung is a smartwatch. Price: INR 18,990 (MRP INR 28,490, 33.3% off). Display size: not listed. Display type: AMOLED Display. Battery life: 14 days. Strap material: Silicone. Customer rating: 4.1/5.",missing,dataset,
702,Samsung,Galaxy Active 2,smartwatch,12990.0,25990.0,50.0,4.5,,AMOLED Display,,7.0,,,Silicone,,,False,,False,kaggle_devsubhash,"Galaxy Active 2 by Samsung is a smartwatch. Price: INR 12,990 (MRP INR 25,990, 50% off). Display size: not listed. Display type: AMOLED Display. Battery life: 7 days. Strap material: Silicone. Customer rating: 4.5/5.",missing,dataset,
703,Samsung,Galaxy Active 2,smartwatch,11990.0,25990.0,53.9,4.5,,AMOLED Display,,7.0,,,Silicone,,,False,,False,kaggle_devsubhash,"Galaxy Active 2 by Samsung is a smartwatch. Price: INR 11,990 (MRP INR 25,990, 53.9% off). Display size: not listed. Display type: AMOLED Display. Battery life: 7 days. Strap material: Silicone. Customer rating: 4.5/5.",missing,dataset,
704,Samsung,Galaxy Active 2 Steel,smartwatch,24490.0,31990.0,23.4,4.4,,AMOLED Display,,14.0,,,Leather,,,False,,False,kaggle_devsubhash,"Galaxy Active 2 Steel by Samsung is a smartwatch. Price: INR 24,490 (MRP INR 31,990, 23.4% off). Display size: not listed. Display type: AMOLED Display. Battery life: 14 days. Strap material: Leather. Customer rating: 4.4/5.",missing,dataset,
705,Samsung,Galaxy Active 42mm,smartwatch,19990.0,19990.0,0.0,4.4,,AMOLED Display,,14.0,,,Elastomer,,,False,,False,kaggle_devsubhash,"Galaxy Active 42mm by Samsung is a smartwatch. Price: INR 19,990. Display size: not listed. Display type: AMOLED Display. Battery life: 14 days. Strap material: Elastomer. Customer rating: 4.4/5.",missing,dataset,
706,Samsung,Galaxy Active 46mm,smartwatch,19990.0,19990.0,0.0,4.4,,AMOLED Display,,14.0,,,Elastomer,,,False,,False,kaggle_devsubhash,"Galaxy Active 46mm by Samsung is a smartwatch. Price: INR 19,990. Display size: not listed. Display type: AMOLED Display. Battery life: 14 days. Strap material: Elastomer. Customer rating: 4.4/5.",missing,dataset,
707,Samsung,Galaxy Active Steel,smartwatch,29990.0,34490.0,13.0,4.1,,AMOLED Display,,14.0,,,Silicone,,,False,,False,kaggle_devsubhash,"Galaxy Active Steel by Samsung is a smartwatch. Price: INR 29,990 (MRP INR 34,490, 13% off). Display size: not listed. Display type: AMOLED Display. Battery life: 14 days. Strap material: Silicone. Customer rating: 4.1/5.",missing,dataset,
708,Samsung,Galaxy Active Steel 2,smartwatch,24490.0,31990.0,23.4,4.3,,AMOLED Display,,14.0,,,Silicone,,,False,,False,kaggle_devsubhash,"Galaxy Active Steel 2 by Samsung is a smartwatch. Price: INR 24,490 (MRP INR 31,990, 23.4% off). Display size: not listed. Display type: AMOLED Display. Battery life: 14 days. Strap material: Silicone. Customer rating: 4.3/5.",missing,dataset,
709,Samsung,Galaxy Active Steel 2 LTE,smartwatch,30990.0,34490.0,10.1,4.1,,AMOLED Display,,14.0,,,Silicone,,,False,,False,kaggle_devsubhash,"Galaxy Active Steel 2 LTE by Samsung is a smartwatch. Price: INR 30,990 (MRP INR 34,490, 10.1% off). Display size: not listed. Display type: AMOLED Display. Battery life: 14 days. Strap material: Silicone. Customer rating: 4.1/5.",missing,dataset,
710,Samsung,Galaxy Classic 4,smartwatch,34999.0,37999.0,7.9,4.6,,AMOLED Display,,14.0,,,Elastomer,,,False,,False,kaggle_devsubhash,"Galaxy Classic 4 by Samsung is a smartwatch. Price: INR 34,999 (MRP INR 37,999, 7.9% off). Display size: not listed. Display type: AMOLED Display. Battery life: 14 days. Strap material: Elastomer. Customer rating: 4.6/5.",missing,dataset,
711,Samsung,Galaxy Classic 4,smartwatch,40000.0,42999.0,7.0,4.6,,AMOLED Display,,14.0,,,Elastomer,,,False,,False,kaggle_devsubhash,"Galaxy Classic 4 by Samsung is a smartwatch. Price: INR 40,000 (MRP INR 42,999, 7% off). Display size: not listed. Display type: AMOLED Display. Battery life: 14 days. Strap material: Elastomer. Customer rating: 4.6/5.",missing,dataset,
712,Samsung,Galaxy Classic 4,smartwatch,32959.0,37999.0,13.3,4.6,,AMOLED Display,,14.0,,,Elastomer,,,False,,False,kaggle_devsubhash,"Galaxy Classic 4 by Samsung is a smartwatch. Price: INR 32,959 (MRP INR 37,999, 13.3% off). Display size: not listed. Display type: AMOLED Display. Battery life: 14 days. Strap material: Elastomer. Customer rating: 4.6/5.",missing,dataset,
713,Samsung,Galaxy Classic 4 LTE,smartwatch,28999.0,31999.0,9.4,5.0,,AMOLED Display,,14.0,,,Elastomer,,,False,,False,kaggle_devsubhash,"Galaxy Classic 4 LTE by Samsung is a smartwatch. Price: INR 28,999 (MRP INR 31,999, 9.4% off). Display size: not listed. Display type: AMOLED Display. Battery life: 14 days. Strap material: Elastomer. Customer rating: 5.0/5.",missing,dataset,
714,Samsung,Galaxy Classic 4 LTE,smartwatch,36999.0,39999.0,7.5,4.6,,AMOLED Display,,14.0,,,Elastomer,,,False,,False,kaggle_devsubhash,"Galaxy Classic 4 LTE by Samsung is a smartwatch. Price: INR 36,999 (MRP INR 39,999, 7.5% off). Display size: not listed. Display type: AMOLED Display. Battery life: 14 days. Strap material: Elastomer. Customer rating: 4.6/5.",missing,dataset,
715,Samsung,Galaxy Gear,smartwatch,50408.0,60241.0,16.3,3.2,,AMOLED Display,,14.0,,,Rubber,,,True,,False,kaggle_devsubhash,"Galaxy Gear by Samsung is a smartwatch. Price: INR 50,408 (MRP INR 60,241, 16.3% off). Display size: not listed. Display type: AMOLED Display. Battery life: 14 days. Strap material: Rubber. Customer rating: 3.2/5.",missing,dataset,
716,Samsung,Galaxy LTE,smartwatch,31999.0,31999.0,0.0,4.6,,AMOLED Display,,14.0,,,Elastomer,,,False,,False,kaggle_devsubhash,"Galaxy LTE by Samsung is a smartwatch. Price: INR 31,999. Display size: not listed. Display type: AMOLED Display. Battery life: 14 days. Strap material: Elastomer. Customer rating: 4.6/5.",missing,dataset,
717,Samsung,Galaxy Watch 3,smartwatch,28990.0,30990.0,6.5,4.3,,AMOLED Display,,14.0,,,Leather,,,False,,False,kaggle_devsubhash,"Galaxy Watch 3 by Samsung is a smartwatch. Price: INR 28,990 (MRP INR 30,990, 6.5% off). Display size: not listed. Display type: AMOLED Display. Battery life: 14 days. Strap material: Leather. Customer rating: 4.3/5.",missing,dataset,
718,Samsung,Galaxy Watch 3,smartwatch,39490.0,39490.0,0.0,4.3,,AMOLED Display,,14.0,,,Leather,,,False,,False,kaggle_devsubhash,"Galaxy Watch 3 by Samsung is a smartwatch. Price: INR 39,490. Display size: not listed. Display type: AMOLED Display. Battery life: 14 days. Strap material: Leather. Customer rating: 4.3/5.",missing,dataset,
719,Samsung,Galaxy Watch 3 41 mm,smartwatch,11999.0,30990.0,61.3,4.3,1489.0,,1.6,14.0,True,True,Leather,Circle,Black,False,,False,kaggle_arnabchaki,"Galaxy Watch 3 41 mm by Samsung is a smartwatch. Price: INR 11,999 (MRP INR 30,990, 61.3% off). Display size: 1.6 inches. Battery life: 14 days (estimate based on similar watches from this brand). Touchscreen: yes. Bluetooth: yes. Strap material: Leather. Customer rating: 4.3/5 from 1,489 ratings.",dataset,imputed_brand_median,1.6
720,Samsung,Galaxy Watch 3 41 mm LTE,smartwatch,29990.0,30990.0,3.2,4.3,1489.0,,1.6,14.0,True,True,Leather,Circle,Pink,False,,False,kaggle_arnabchaki,"Galaxy Watch 3 41 mm LTE by Samsung is a smartwatch. Price: INR 29,990 (MRP INR 30,990, 3.2% off). Display size: 1.6 inches. Battery life: 14 days (estimate based on similar watches from this brand). Touchscreen: yes. Bluetooth: yes. Strap material: Leather. Customer rating: 4.3/5 from 1,489 ratings.",dataset,imputed_brand_median,1.6
721,Samsung,Galaxy Watch 3 45 mm LTE,smartwatch,39490.0,,0.0,4.3,1489.0,,1.8,14.0,True,True,Leather,Circle,Black,False,,False,kaggle_arnabchaki,"Galaxy Watch 3 45 mm LTE by Samsung is a smartwatch. Price: INR 39,490. Display size: 1.8 inches. Battery life: 14 days (estimate based on similar watches from this brand). Touchscreen: yes. Bluetooth: yes. Strap material: Leather. Customer rating: 4.3/5 from 1,489 ratings.",dataset,imputed_brand_median,1.8
722,Samsung,Galaxy Watch 4 Classic LTE,smartwatch,40000.0,42999.0,7.0,4.6,,AMOLED Display,,14.0,,,Elastomer,,,False,,False,kaggle_devsubhash,"Galaxy Watch 4 Classic LTE by Samsung is a smartwatch. Price: INR 40,000 (MRP INR 42,999, 7% off). Display size: not listed. Display type: AMOLED Display. Battery life: 14 days. Strap material: Elastomer. Customer rating: 4.6/5.",missing,dataset,
723,Samsung,Galaxy Watch 4 LTE,smartwatch,28999.0,31999.0,9.4,4.6,,AMOLED Display,,14.0,,,Elastomer,,,False,,False,kaggle_devsubhash,"Galaxy Watch 4 LTE by Samsung is a smartwatch. Price: INR 28,999 (MRP INR 31,999, 9.4% off). Display size: not listed. Display type: AMOLED Display. Battery life: 14 days. Strap material: Elastomer. Customer rating: 4.6/5.",missing,dataset,
724,Samsung,Galaxy Watch 4 LTE,smartwatch,31999.0,34999.0,8.6,4.6,,AMOLED Display,,14.0,,,Elastomer,,,False,,False,kaggle_devsubhash,"Galaxy Watch 4 LTE by Samsung is a smartwatch. Price: INR 31,999 (MRP INR 34,999, 8.6% off). Display size: not listed. Display type: AMOLED Display. Battery life: 14 days. Strap material: Elastomer. Customer rating: 4.6/5.",missing,dataset,
725,Samsung,Galaxy Watch 42 mm LTE,smartwatch,24490.0,28490.0,14.0,3.7,153.0,,1.7,14.0,True,True,Silicon,Circle,Beige,False,,False,kaggle_arnabchaki,"Galaxy Watch 42 mm LTE by Samsung is a smartwatch. Price: INR 24,490 (MRP INR 28,490, 14% off). Display size: 1.7 inches. Battery life: 14 days (estimate based on similar watches from this brand). Touchscreen: yes. Bluetooth: yes. Strap material: Silicon. Customer rating: 3.7/5 from 153 ratings.",dataset,imputed_brand_median,1.7
726,Samsung,Galaxy Watch 46 mm,smartwatch,16990.0,33999.0,50.0,4.5,12211.0,,1.8,14.0,True,True,Rubber,Circle,Black,False,,False,kaggle_arnabchaki,"Galaxy Watch 46 mm by Samsung is a smartwatch. Price: INR 16,990 (MRP INR 33,999, 50% off). Display size: 1.8 inches. Battery life: 14 days (estimate based on similar watches from this brand). Touchscreen: yes. Bluetooth: yes. Strap material: Rubber. Customer rating: 4.5/5 from 12,211 ratings.",dataset,imputed_brand_median,1.8
727,Samsung,Galaxy Watch 46 mm LTE,smartwatch,27490.0,29989.0,8.3,4.2,201.0,,1.8,14.0,True,True,Silicon,Circle,Black,False,,False,kaggle_arnabchaki,"Galaxy Watch 46 mm LTE by Samsung is a smartwatch. Price: INR 27,490 (MRP INR 29,989, 8.3% off). Display size: 1.8 inches. Battery life: 14 days (estimate based on similar watches from this brand). Touchscreen: yes. Bluetooth: yes. Strap material: Silicon. Customer rating: 4.2/5 from 201 ratings.",dataset,imputed_brand_median,1.8
728,Samsung,Galaxy Watch Active,smartwatch,19990.0,,0.0,4.3,68.0,,1.1,14.0,True,True,Rubber,Circle,Blue,False,,False,kaggle_arnabchaki,"Galaxy Watch Active by Samsung is a smartwatch. Price: INR 19,990. Display size: 1.1 inches. Battery life: 14 days (estimate based on similar watches from this brand). Touchscreen: yes. Bluetooth: yes. Strap material: Rubber. Customer rating: 4.3/5 from 68 ratings.",dataset,imputed_brand_median,1.1
729,Samsung,Galaxy Watch Active 2 Aluminium,smartwatch,16999.0,25990.0,34.6,4.4,23940.0,,1.7,14.0,True,True,Silicon,Circle,Beige,False,,False,kaggle_arnabchaki,"Galaxy Watch Active 2 Aluminium by Samsung is a smartwatch. Price: INR 16,999 (MRP INR 25,990, 34.6% off). Display size: 1.7 inches. Battery life: 14 days (estimate based on similar watches from this brand). Touchscreen: yes. Bluetooth: yes. Strap material: Silicon. Customer rating: 4.4/5 from 23,940 ratings.",dataset,imputed_brand_median,1.7
730,Samsung,Galaxy Watch Active 2 Aluminium LTE,smartwatch,16999.0,28490.0,40.3,4.1,1980.0,,1.4,14.0,True,True,Silicon,Circle,Grey,False,,False,kaggle_arnabchaki,"Galaxy Watch Active 2 Aluminium LTE by Samsung is a smartwatch. Price: INR 16,999 (MRP INR 28,490, 40.3% off). Display size: 1.4 inches. Battery life: 14 days (estimate based on similar watches from this brand). Touchscreen: yes. Bluetooth: yes. Strap material: Silicon. Customer rating: 4.1/5 from 1,980 ratings.",dataset,imputed_brand_median,1.4
731,Samsung,Galaxy Watch Active 2 Steel,smartwatch,16999.0,31990.0,46.9,4.4,23940.0,,1.7,14.0,True,True,Leather,Circle,Black,False,,False,kaggle_arnabchaki,"Galaxy Watch Active 2 Steel by Samsung is a smartwatch. Price: INR 16,999 (MRP INR 31,990, 46.9% off). Display size: 1.7 inches. Battery life: 14 days (estimate based on similar watches from this brand). Touchscreen: yes. Bluetooth: yes. Strap material: Leather. Customer rating: 4.4/5 from 23,940 ratings.",dataset,imputed_brand_median,1.7
732,Samsung,Galaxy Watch Active 2 Steel LTE,smartwatch,30990.0,34490.0,10.1,4.1,1980.0,,1.4,14.0,True,True,Silicon,Circle,Brown,False,,False,kaggle_arnabchaki,"Galaxy Watch Active 2 Steel LTE by Samsung is a smartwatch. Price: INR 30,990 (MRP INR 34,490, 10.1% off). Display size: 1.4 inches. Battery life: 14 days (estimate based on similar watches from this brand). Touchscreen: yes. Bluetooth: yes. Strap material: Silicon. Customer rating: 4.1/5 from 1,980 ratings.",dataset,imputed_brand_median,1.4
733,Samsung,Galaxy Watch LTE,smartwatch,27490.0,29989.0,8.3,4.2,,AMOLED Display,,14.0,,,Silicone,,,False,,False,kaggle_devsubhash,"Galaxy Watch LTE by Samsung is a smartwatch. Price: INR 27,490 (MRP INR 29,989, 8.3% off). Display size: not listed. Display type: AMOLED Display. Battery life: 14 days. Strap material: Silicone. Customer rating: 4.2/5.",missing,dataset,
734,Samsung,Galaxy Watch4 Bluetooth (4.0cm),smartwatch,24999.0,26999.0,7.4,4.1,91.0,,,14.0,True,True,Fluoroelastomer,Circle,Black,False,,False,kaggle_arnabchaki,"Galaxy Watch4 Bluetooth (4.0cm) by Samsung is a smartwatch. Price: INR 24,999 (MRP INR 26,999, 7.4% off). Display size: not listed. Battery life: 14 days (estimate based on similar watches from this brand). Touchscreen: yes. Bluetooth: yes. Strap material: Fluoroelastomer. Customer rating: 4.1/5 from 91 ratings.",missing,imputed_brand_median,
735,Samsung,Galaxy Watch4 Classic Bluetooth (4.2cm),smartwatch,31999.0,34999.0,8.6,3.8,40.0,,1.2,14.0,True,True,Fluoroelastomer,Circle,Black,False,,False,kaggle_arnabchaki,"Galaxy Watch4 Classic Bluetooth (4.2cm) by Samsung is a smartwatch. Price: INR 31,999 (MRP INR 34,999, 8.6% off). Display size: 1.2 inches. Battery life: 14 days (estimate based on similar watches from this brand). Touchscreen: yes. Bluetooth: yes. Strap material: Fluoroelastomer. Customer rating: 3.8/5 from 40 ratings.",dataset,imputed_brand_median,1.2
736,Samsung,Galaxy Watch4 Classic Bluetooth (4.6cm),smartwatch,22749.0,37999.0,40.1,4.2,567.0,,1.4,14.0,True,True,Fluoroelastomer,Circle,Black,False,,False,kaggle_arnabchaki,"Galaxy Watch4 Classic Bluetooth (4.6cm) by Samsung is a smartwatch. Price: INR 22,749 (MRP INR 37,999, 40.1% off). Display size: 1.4 inches. Battery life: 14 days (estimate based on similar watches from this brand). Touchscreen: yes. Bluetooth: yes. Strap material: Fluoroelastomer. Customer rating: 4.2/5 from 567 ratings.",dataset,imputed_brand_median,1.4
737,Samsung,Galaxy Watch4 Classic Bluetooth(4.2cm),smartwatch,17490.0,34999.0,50.0,4.2,567.0,,1.2,14.0,True,True,Fluoroelastomer,Circle,Silver,False,,False,kaggle_arnabchaki,"Galaxy Watch4 Classic Bluetooth(4.2cm) by Samsung is a smartwatch. Price: INR 17,490 (MRP INR 34,999, 50% off). Display size: 1.2 inches. Battery life: 14 days (estimate based on similar watches from this brand). Touchscreen: yes. Bluetooth: yes. Strap material: Fluoroelastomer. Customer rating: 4.2/5 from 567 ratings.",dataset,imputed_brand_median,1.2
738,Samsung,Galaxy Watch4 Classic LTE (4.2cm),smartwatch,31999.0,39999.0,20.0,4.2,567.0,,1.2,14.0,True,True,Fluoroelastomer,Circle,Black,False,,False,kaggle_arnabchaki,"Galaxy Watch4 Classic LTE (4.2cm) by Samsung is a smartwatch. Price: INR 31,999 (MRP INR 39,999, 20% off). Display size: 1.2 inches. Battery life: 14 days (estimate based on similar watches from this brand). Touchscreen: yes. Bluetooth: yes. Strap material: Fluoroelastomer. Customer rating: 4.2/5 from 567 ratings.",dataset,imputed_brand_median,1.2
739,Samsung,Galaxy Watch4 Classic LTE (4.6cm),smartwatch,34997.0,42999.0,18.6,4.2,567.0,,1.4,14.0,True,True,Fluoroelastomer,Circle,Silver,False,,False,kaggle_arnabchaki,"Galaxy Watch4 Classic LTE (4.6cm) by Samsung is a smartwatch. Price: INR 34,997 (MRP INR 42,999, 18.6% off). Display size: 1.4 inches. Battery life: 14 days (estimate based on similar watches from this brand). Touchscreen: yes. Bluetooth: yes. Strap material: Fluoroelastomer. Customer rating: 4.2/5 from 567 ratings.",dataset,imputed_brand_median,1.4
740,Samsung,Galaxy Watch4 LTE (4.0cm),smartwatch,28999.0,31999.0,9.4,3.8,12.0,,1.2,14.0,True,True,Fluoroelastomer,Circle,Pink,False,,False,kaggle_arnabchaki,"Galaxy Watch4 LTE (4.0cm) by Samsung is a smartwatch. Price: INR 28,999 (MRP INR 31,999, 9.4% off). Display size: 1.2 inches. Battery life: 14 days (estimate based on similar watches from this brand). Touchscreen: yes. Bluetooth: yes. Strap material: Fluoroelastomer. Customer rating: 3.8/5 from 12 ratings.",dataset,imputed_brand_median,1.2
741,Samsung,Galaxy Watch4 LTE (4.4cm),smartwatch,16999.0,34999.0,51.4,4.2,567.0,,1.4,14.0,True,True,Fluoroelastomer,Circle,Black,False,,False,kaggle_arnabchaki,"Galaxy Watch4 LTE (4.4cm) by Samsung is a smartwatch. Price: INR 16,999 (MRP INR 34,999, 51.4% off). Display size: 1.4 inches. Battery life: 14 days (estimate based on similar watches from this brand). Touchscreen: yes. Bluetooth: yes. Strap material: Fluoroelastomer. Customer rating: 4.2/5 from 567 ratings.",dataset,imputed_brand_median,1.4
742,Samsung,Gear 2,smartwatch,19999.0,22550.0,11.3,2.3,,AMOLED Display,,14.0,,,Silicone,,,True,,False,kaggle_devsubhash,"Gear 2 by Samsung is a smartwatch. Price: INR 19,999 (MRP INR 22,550, 11.3% off). Display size: not listed. Display type: AMOLED Display. Battery life: 14 days. Strap material: Silicone. Customer rating: 2.3/5.",missing,dataset,
743,Samsung,Gear Fit,smartwatch,7999.0,16860.0,52.6,3.9,,AMOLED Display,,7.0,,,Silicone,,,True,,False,kaggle_devsubhash,"Gear Fit by Samsung is a smartwatch. Price: INR 7,999 (MRP INR 16,860, 52.6% off). Display size: not listed. Display type: AMOLED Display. Battery life: 7 days. Strap material: Silicone. Customer rating: 3.9/5.",missing,dataset,
744,Samsung,Gear Fit 2,smartwatch,15000.0,15000.0,0.0,4.2,,AMOLED Display,,7.0,,,Silicone,,,True,,False,kaggle_devsubhash,"Gear Fit 2 by Samsung is a smartwatch. Price: INR 15,000. Display size: not listed. Display type: AMOLED Display. Battery life: 7 days. Strap material: Silicone. Customer rating: 4.2/5.",missing,dataset,
745,Samsung,Gear Fit 2 Pro,smartwatch,9990.0,14990.0,33.4,4.3,,AMOLED Display,,7.0,,,Silicone,,,True,,False,kaggle_devsubhash,"Gear Fit 2 Pro by Samsung is a smartwatch. Price: INR 9,990 (MRP INR 14,990, 33.4% off). Display size: not listed. Display type: AMOLED Display. Battery life: 7 days. Strap material: Silicone. Customer rating: 4.3/5.",missing,dataset,
746,Samsung,Gear Live,smartwatch,15900.0,15900.0,0.0,4.2,,AMOLED Display,,7.0,,,Rubber,,,True,,False,kaggle_devsubhash,"Gear Live by Samsung is a smartwatch. Price: INR 15,900. Display size: not listed. Display type: AMOLED Display. Battery life: 7 days. Strap material: Rubber. Customer rating: 4.2/5.",missing,dataset,
747,Samsung,Gear R730V S2,smartwatch,18532.0,22498.0,17.6,4.6,,AMOLED Display,,14.0,,,Elastomer,,,True,,False,kaggle_devsubhash,"Gear R730V S2 by Samsung is a smartwatch. Price: INR 18,532 (MRP INR 22,498, 17.6% off). Display size: not listed. Display type: AMOLED Display. Battery life: 14 days. Strap material: Elastomer. Customer rating: 4.6/5.",missing,dataset,
748,Samsung,Gear S2,smartwatch,24300.0,24300.0,0.0,4.3,,AMOLED Display,,14.0,,,Elastomer,,,True,,False,kaggle_devsubhash,"Gear S2 by Samsung is a smartwatch. Price: INR 24,300. Display size: not listed. Display type: AMOLED Display. Battery life: 14 days. Strap material: Elastomer. Customer rating: 4.3/5.",missing,dataset,
749,Samsung,Gear S2 Classic,smartwatch,18999.0,34550.0,45.0,4.2,,AMOLED Display,,14.0,,,Leather,,,True,,False,kaggle_devsubhash,"Gear S2 Classic by Samsung is a smartwatch. Price: INR 18,999 (MRP INR 34,550, 45% off). Display size: not listed. Display type: AMOLED Display. Battery life: 14 days. Strap material: Leather. Customer rating: 4.2/5.",missing,dataset,
750,Samsung,Gear S3 Frontier,smartwatch,22990.0,28500.0,19.3,4.3,,AMOLED Display,,14.0,,,Silicone,,,True,,False,kaggle_devsubhash,"Gear S3 Frontier by Samsung is a smartwatch. Price: INR 22,990 (MRP INR 28,500, 19.3% off). Display size: not listed. Display type: AMOLED Display. Battery life: 14 days. Strap material: Silicone. Customer rating: 4.3/5.",missing,dataset,
751,Samsung,Gear Sport,smartwatch,15999.0,22990.0,30.4,3.0,,AMOLED Display,,7.0,,,Silicone,,,True,,False,kaggle_devsubhash,"Gear Sport by Samsung is a smartwatch. Price: INR 15,999 (MRP INR 22,990, 30.4% off). Display size: not listed. Display type: AMOLED Display. Battery life: 7 days. Strap material: Silicone. Customer rating: 3.0/5.",missing,dataset,
752,Samsung,Neo Gear 2,smartwatch,15500.0,16860.0,8.1,3.9,,AMOLED Display,,7.0,,,Rubber,,,True,,False,kaggle_devsubhash,"Neo Gear 2 by Samsung is a smartwatch. Price: INR 15,500 (MRP INR 16,860, 8.1% off). Display size: not listed. Display type: AMOLED Display. Battery life: 7 days. Strap material: Rubber. Customer rating: 3.9/5.",missing,dataset,
753,Samsung,R600NZBAXAR 600,smartwatch,21390.0,25155.0,15.0,4.5,,AMOLED Display,,14.0,,,Rubber,,,True,,False,kaggle_devsubhash,"R600NZBAXAR 600 by Samsung is a smartwatch. Price: INR 21,390 (MRP INR 25,155, 15% off). Display size: not listed. Display type: AMOLED Display. Battery life: 14 days. Strap material: Rubber. Customer rating: 4.5/5.",missing,dataset,
754,Samsung,T-Mobile,smartwatch,21990.0,22990.0,4.3,4.3,,AMOLED Display,,14.0,,,Leather,,,True,,False,kaggle_devsubhash,"T-Mobile by Samsung is a smartwatch. Price: INR 21,990 (MRP INR 22,990, 4.3% off). Display size: not listed. Display type: AMOLED Display. Battery life: 14 days. Strap material: Leather. Customer rating: 4.3/5.",missing,dataset,
755,Samsung,"Watch 4, 44mmSuper AMOLED bluetooth calling function & body composition tracking",smartwatch,12990.0,29999.0,56.7,4.4,35511.0,,1.4,14.0,True,True,Rubber,Circle,Black,False,,False,kaggle_arnabchaki,"Watch 4, 44mmSuper AMOLED bluetooth calling function & body composition tracking by Samsung is a smartwatch. Price: INR 12,990 (MRP INR 29,999, 56.7% off). Display size: 1.4 inches. Battery life: 14 days (estimate based on similar watches from this brand). Touchscreen: yes. Bluetooth: yes. Strap material: Rubber. Customer rating: 4.4/5 from 35,511 ratings.",dataset,imputed_brand_median,1.4
756,Samsung,Watch 5 40mmSuper AMOLED display LTE calling & body composition tracking,smartwatch,32999.0,35999.0,8.3,4.3,435.0,,1.2,14.0,True,True,Rubber,Circle,Graphite,False,,False,kaggle_arnabchaki,"Watch 5 40mmSuper AMOLED display LTE calling & body composition tracking by Samsung is a smartwatch. Price: INR 32,999 (MRP INR 35,999, 8.3% off). Display size: 1.2 inches. Battery life: 14 days (estimate based on similar watches from this brand). Touchscreen: yes. Bluetooth: yes. Strap material: Rubber. Customer rating: 4.3/5 from 435 ratings.",dataset,imputed_brand_median,1.2
757,Samsung,Watch 5 40mmSuper AMOLED displayBluetooth calling & body composition tracking,smartwatch,27999.0,29999.0,6.7,4.3,435.0,,1.2,14.0,True,True,Rubber,Circle,Graphite,False,,False,kaggle_arnabchaki,"Watch 5 40mmSuper AMOLED displayBluetooth calling & body composition tracking by Samsung is a smartwatch. Price: INR 27,999 (MRP INR 29,999, 6.7% off). Display size: 1.2 inches. Battery life: 14 days (estimate based on similar watches from this brand). Touchscreen: yes. Bluetooth: yes. Strap material: Rubber. Customer rating: 4.3/5 from 435 ratings.",dataset,imputed_brand_median,1.2
758,Samsung,Watch 5 44mmSuper AMOLED displayLTE calling & body composition tracking,smartwatch,35999.0,39999.0,10.0,4.3,435.0,,1.4,14.0,True,True,Rubber,Circle,Graphite,False,,False,kaggle_arnabchaki,"Watch 5 44mmSuper AMOLED displayLTE calling & body composition tracking by Samsung is a smartwatch. Price: INR 35,999 (MRP INR 39,999, 10% off). Display size: 1.4 inches. Battery life: 14 days (estimate based on similar watches from this brand). Touchscreen: yes. Bluetooth: yes. Strap material: Rubber. Customer rating: 4.3/5 from 435 ratings.",dataset,imputed_brand_median,1.4
759,Samsung,Watch 5 pro 45mmSuper AMOLED displayBluetooth callingwith advanced GPS tracking,smartwatch,44999.0,48999.0,8.2,4.4,88.0,,1.4,14.0,True,True,Rubber,Circle,Black,False,,False,kaggle_arnabchaki,"Watch 5 pro 45mmSuper AMOLED displayBluetooth callingwith advanced GPS tracking by Samsung is a smartwatch. Price: INR 44,999 (MRP INR 48,999, 8.2% off). Display size: 1.4 inches. Battery life: 14 days (estimate based on similar watches from this brand). Touchscreen: yes. Bluetooth: yes. Strap material: Rubber. Customer rating: 4.4/5 from 88 ratings.",dataset,imputed_brand_median,1.4
760,Samsung,Watch 5 pro45mmSuper AMOLED displayLTE callingwith advanced GPS tracking,smartwatch,49999.0,54999.0,9.1,4.4,88.0,,1.4,14.0,True,True,Rubber,Circle,Grey,False,,False,kaggle_arnabchaki,"Watch 5 pro45mmSuper AMOLED displayLTE callingwith advanced GPS tracking by Samsung is a smartwatch. Price: INR 49,999 (MRP INR 54,999, 9.1% off). Display size: 1.4 inches. Battery life: 14 days (estimate based on similar watches from this brand). Touchscreen: yes. Bluetooth: yes. Strap material: Rubber. Customer rating: 4.4/5 from 88 ratings.",dataset,imputed_brand_median,1.4
761,Xiaomi,Revolve,smartwatch,12349.0,15999.0,22.8,4.4,,AMOLED Display,,14.0,,,Silicone,,,False,,False,kaggle_devsubhash,"Revolve by Xiaomi is a smartwatch. Price: INR 12,349 (MRP INR 15,999, 22.8% off). Display size: not listed. Display type: AMOLED Display. Battery life: 14 days. Strap material: Silicone. Customer rating: 4.4/5.",missing,dataset,
762,Xiaomi,RevolveActive,smartwatch,12999.0,15999.0,18.8,4.4,,AMOLED Display,,14.0,,,Silicone,,,False,,False,kaggle_devsubhash,"RevolveActive by Xiaomi is a smartwatch. Price: INR 12,999 (MRP INR 15,999, 18.8% off). Display size: not listed. Display type: AMOLED Display. Battery life: 14 days. Strap material: Silicone. Customer rating: 4.4/5.",missing,dataset,
763,Zebronics,FIT380CH,smartwatch,2999.0,5999.0,50.0,4.0,,,1.7,7.0,True,True,Stainless Steel,Rectangle,Silver,False,,False,kaggle_arnabchaki,"FIT380CH by Zebronics is a smartwatch. Price: INR 2,999 (MRP INR 5,999, 50% off). Display size: 1.7 inches. Battery life: 7 days (estimate based on similar watches from this brand). Touchscreen: yes. Bluetooth: yes. Strap material: Stainless Steel. Customer rating: 4.0/5.",dataset,imputed_brand_median,1.7
764,Zebronics,FIT7220CH,smartwatch,3099.0,7999.0,61.3,2.3,3.0,,1.7,7.0,True,True,Aluminium,Curved,Silver,False,,False,kaggle_arnabchaki,"FIT7220CH by Zebronics is a smartwatch. Price: INR 3,099 (MRP INR 7,999, 61.3% off). Display size: 1.7 inches (estimate based on similar watches from this brand). Battery life: 7 days (estimate based on similar watches from this brand). Touchscreen: yes. Bluetooth: yes. Strap material: Aluminium. Customer rating: 2.3/5 from 3 ratings.",imputed_brand_median,imputed_brand_median,1.7
765,Zebronics,Fit-650,smartwatch,2949.0,4199.0,29.8,3.1,,TFT-LCD Display,1.7,3.0,,,Leather,,,False,,False,kaggle_devsubhash,"Fit-650 by Zebronics is a smartwatch. Price: INR 2,949 (MRP INR 4,199, 29.8% off). Display size: 1.7 inches (estimate based on similar watches from this brand). Display type: TFT-LCD Display. Battery life: 3 days. Strap material: Leather. Customer rating: 3.1/5.",imputed_brand_median,dataset,1.7
766,Zebronics,Fitness band,smartwatch,1897.0,1899.0,0.1,3.3,4.0,,2.3,7.0,True,True,Silicon,Rectangle,Grey,False,,False,kaggle_arnabchaki,"Fitness band by Zebronics is a smartwatch. Price: INR 1,897 (MRP INR 1,899, 0.1% off). Display size: 2.3 inches. Battery life: 7 days (estimate based on similar watches from this brand). Touchscreen: yes. Bluetooth: yes. Strap material: Silicon. Customer rating: 3.3/5 from 4 ratings.",dataset,imputed_brand_median,2.3
767,Zebronics,LEATHER fit-650,smartwatch,2949.0,4199.0,29.8,3.1,10.0,,1.7,7.0,True,True,Leather,Oval,Black,False,,False,kaggle_arnabchaki,"LEATHER fit-650 by Zebronics is a smartwatch. Price: INR 2,949 (MRP INR 4,199, 29.8% off). Display size: 1.7 inches (estimate based on similar watches from this brand). Battery life: 7 days (estimate based on similar watches from this brand). Touchscreen: yes. Bluetooth: yes. Strap material: Leather. Customer rating: 3.1/5 from 10 ratings.",imputed_brand_median,imputed_brand_median,1.7
768,Zebronics,SPECIAL EDITION Zeb-Fit380CH BLUETOOTH CALLING,smartwatch,3499.0,5499.0,36.4,3.9,22.0,,1.7,7.0,True,True,Silicon,Square,Black,False,,False,kaggle_arnabchaki,"SPECIAL EDITION Zeb-Fit380CH BLUETOOTH CALLING by Zebronics is a smartwatch. Price: INR 3,499 (MRP INR 5,499, 36.4% off). Display size: 1.7 inches (estimate based on similar watches from this brand). Battery life: 7 days (estimate based on similar watches from this brand). Touchscreen: yes. Bluetooth: yes. Strap material: Silicon. Customer rating: 3.9/5 from 22 ratings.",imputed_brand_median,imputed_brand_median,1.7
769,Zebronics,SPECIAL EDITION Zeb-Fit380CH METALLIC STRAP,smartwatch,3499.0,5999.0,41.7,3.9,,,1.7,7.0,True,True,Stainless Steel,Square,Silver,False,,False,kaggle_arnabchaki,"SPECIAL EDITION Zeb-Fit380CH METALLIC STRAP by Zebronics is a smartwatch. Price: INR 3,499 (MRP INR 5,999, 41.7% off). Display size: 1.7 inches (estimate based on similar watches from this brand). Battery life: 7 days (estimate based on similar watches from this brand). Touchscreen: yes. Bluetooth: yes. Strap material: Stainless Steel. Customer rating: 3.9/5.",imputed_brand_median,imputed_brand_median,1.7
770,Zebronics,Smart Time 200,smartwatch,1499.0,2999.0,50.0,3.1,24.0,,1.7,7.0,True,True,Rubber,Circle,Black,False,,False,kaggle_arnabchaki,"Smart Time 200 by Zebronics is a smartwatch. Price: INR 1,499 (MRP INR 2,999, 50% off). Display size: 1.7 inches (estimate based on similar watches from this brand). Battery life: 7 days (estimate based on similar watches from this brand). Touchscreen: yes. Bluetooth: yes. Strap material: Rubber. Customer rating: 3.1/5 from 24 ratings.",imputed_brand_median,imputed_brand_median,1.7
771,Zebronics,Smarttime 200,smartwatch,1499.0,2999.0,50.0,3.1,,TFT-LCD Display,1.7,3.0,,,Rubber,,,False,,False,kaggle_devsubhash,"Smarttime 200 by Zebronics is a smartwatch. Price: INR 1,499 (MRP INR 2,999, 50% off). Display size: 1.7 inches (estimate based on similar watches from this brand). Display type: TFT-LCD Display. Battery life: 3 days. Strap material: Rubber. Customer rating: 3.1/5.",imputed_brand_median,dataset,1.7
772,Zebronics,UNBEATABLE ZEB-FIT480CH,smartwatch,5499.0,7499.0,26.7,3.9,22.0,,1.8,7.0,True,True,Silicon,Square,Black,False,,False,kaggle_arnabchaki,"UNBEATABLE ZEB-FIT480CH by Zebronics is a smartwatch. Price: INR 5,499 (MRP INR 7,499, 26.7% off). Display size: 1.8 inches. Battery life: 7 days (estimate based on similar watches from this brand). Touchscreen: yes. Bluetooth: yes. Strap material: Silicon. Customer rating: 3.9/5 from 22 ratings.",dataset,imputed_brand_median,1.8
773,Zebronics,ZEB - COSMOS Lv1 - METALLIC BLACK,smartwatch,3599.0,10999.0,67.3,3.9,1611.0,,1.7,7.0,True,True,,,,False,,False,kaggle_arnabchaki,"ZEB - COSMOS Lv1 - METALLIC BLACK by Zebronics is a smartwatch. Price: INR 3,599 (MRP INR 10,999, 67.3% off). Display size: 1.7 inches (estimate based on similar watches from this brand). Battery life: 7 days (estimate based on similar watches from this brand). Touchscreen: yes. Bluetooth: yes. Customer rating: 3.9/5 from 1,611 ratings.",imputed_brand_median,imputed_brand_median,1.7
774,Zebronics,ZEB - COSMOS Lv1 CLASSIC BLACK,smartwatch,3599.0,10999.0,67.3,3.9,1611.0,,1.7,7.0,True,True,,,,False,,False,kaggle_arnabchaki,"ZEB - COSMOS Lv1 CLASSIC BLACK by Zebronics is a smartwatch. Price: INR 3,599 (MRP INR 10,999, 67.3% off). Display size: 1.7 inches (estimate based on similar watches from this brand). Battery life: 7 days (estimate based on similar watches from this brand). Touchscreen: yes. Bluetooth: yes. Customer rating: 3.9/5 from 1,611 ratings.",imputed_brand_median,imputed_brand_median,1.7
775,Zebronics,ZEB FIT 4 - BLACK (ICONIC ULTRA),smartwatch,3499.0,11499.0,69.6,4.2,52.0,,1.8,7.0,True,True,,,,False,,False,kaggle_arnabchaki,"ZEB FIT 4 - BLACK (ICONIC ULTRA) by Zebronics is a smartwatch. Price: INR 3,499 (MRP INR 11,499, 69.6% off). Display size: 1.8 inches. Battery life: 7 days (estimate based on similar watches from this brand). Touchscreen: yes. Bluetooth: yes. Customer rating: 4.2/5 from 52 ratings.",dataset,imputed_brand_median,1.8
776,Zebronics,ZEB FIT380CH,smartwatch,2799.0,5499.0,49.1,3.9,22.0,,1.7,7.0,True,True,Rubber,Square,Black,False,,False,kaggle_arnabchaki,"ZEB FIT380CH by Zebronics is a smartwatch. Price: INR 2,799 (MRP INR 5,499, 49.1% off). Display size: 1.7 inches. Battery life: 7 days (estimate based on similar watches from this brand). Touchscreen: yes. Bluetooth: yes. Strap material: Rubber. Customer rating: 3.9/5 from 22 ratings.",dataset,imputed_brand_median,1.7
777,Zebronics,ZEB FIT8220CH,smartwatch,1999.0,3999.0,50.0,3.9,22.0,,1.7,7.0,True,True,Silicon,Square,Rose Gold,False,,False,kaggle_arnabchaki,"ZEB FIT8220CH by Zebronics is a smartwatch. Price: INR 1,999 (MRP INR 3,999, 50% off). Display size: 1.7 inches. Battery life: 7 days (estimate based on similar watches from this brand). Touchscreen: yes. Bluetooth: yes. Strap material: Silicon. Customer rating: 3.9/5 from 22 ratings.",dataset,imputed_brand_median,1.7
778,Zebronics,ZEB-DRIP,smartwatch,1799.0,6499.0,72.3,3.8,2138.0,,1.7,7.0,True,True,,,,False,,False,kaggle_arnabchaki,"ZEB-DRIP by Zebronics is a smartwatch. Price: INR 1,799 (MRP INR 6,499, 72.3% off). Display size: 1.7 inches (estimate based on similar watches from this brand). Battery life: 7 days (estimate based on similar watches from this brand). Touchscreen: yes. Bluetooth: yes. Customer rating: 3.8/5 from 2,138 ratings.",imputed_brand_median,imputed_brand_median,1.7
779,Zebronics,ZEB-DRIP (BLUE),smartwatch,1799.0,6499.0,72.3,3.8,2138.0,,1.7,7.0,,True,,,,False,,False,kaggle_arnabchaki,"ZEB-DRIP (BLUE) by Zebronics is a smartwatch. Price: INR 1,799 (MRP INR 6,499, 72.3% off). Display size: 1.7 inches (estimate based on similar watches from this brand). Battery life: 7 days (estimate based on similar watches from this brand). Bluetooth: yes. Customer rating: 3.8/5 from 2,138 ratings.",imputed_brand_median,imputed_brand_median,1.7
780,Zebronics,ZEB-DRIP (METAL SILVER),smartwatch,1999.0,6999.0,71.4,3.8,2138.0,,1.7,7.0,True,True,,,,False,,False,kaggle_arnabchaki,"ZEB-DRIP (METAL SILVER) by Zebronics is a smartwatch. Price: INR 1,999 (MRP INR 6,999, 71.4% off). Display size: 1.7 inches (estimate based on similar watches from this brand). Battery life: 7 days (estimate based on similar watches from this brand). Touchscreen: yes. Bluetooth: yes. Customer rating: 3.8/5 from 2,138 ratings.",imputed_brand_median,imputed_brand_median,1.7
781,Zebronics,ZEB-FIT4220CH,smartwatch,3299.0,7999.0,58.8,4.2,,TFT-LCD Display,1.7,10.0,,,Silicone,,,False,,False,kaggle_devsubhash,"ZEB-FIT4220CH by Zebronics is a smartwatch. Price: INR 3,299 (MRP INR 7,999, 58.8% off). Display size: 1.7 inches (estimate based on similar watches from this brand). Display type: TFT-LCD Display. Battery life: 10 days. Strap material: Silicone. Customer rating: 4.2/5.",imputed_brand_median,dataset,1.7
782,Zebronics,ZEB-FIT5220CH,smartwatch,3299.0,4999.0,34.0,,,TFT-LCD Display,1.7,7.0,,,Rubber,,,False,,False,kaggle_devsubhash,"ZEB-FIT5220CH by Zebronics is a smartwatch. Price: INR 3,299 (MRP INR 4,999, 34% off). Display size: 1.7 inches (estimate based on similar watches from this brand). Display type: TFT-LCD Display. Battery life: 7 days. Strap material: Rubber.",imputed_brand_median,dataset,1.7
783,Zebronics,"ZEB-FIT5220CH 7-Day Data Storage, 8 Sports Mode, SpO2, BP & HR Monitor, (Metal)",smartwatch,2999.0,5999.0,50.0,3.6,55.0,,1.7,7.0,True,True,Stainless Steel,Square,Black,False,,False,kaggle_arnabchaki,"ZEB-FIT5220CH 7-Day Data Storage, 8 Sports Mode, SpO2, BP & HR Monitor, (Metal) by Zebronics is a smartwatch. Price: INR 2,999 (MRP INR 5,999, 50% off). Display size: 1.7 inches (estimate based on similar watches from this brand). Battery life: 7 days (estimate based on similar watches from this brand). Touchscreen: yes. Bluetooth: yes. Strap material: Stainless Steel. Customer rating: 3.6/5 from 55 ratings.",imputed_brand_median,imputed_brand_median,1.7
784,Zebronics,ZEB-FIT5220CH(Gold Metal),smartwatch,2399.0,5999.0,60.0,3.8,3805.0,,1.7,7.0,True,True,Other,,,False,,False,kaggle_arnabchaki,"ZEB-FIT5220CH(Gold Metal) by Zebronics is a smartwatch. Price: INR 2,399 (MRP INR 5,999, 60% off). Display size: 1.7 inches (estimate based on similar watches from this brand). Battery life: 7 days (estimate based on similar watches from this brand). Touchscreen: yes. Bluetooth: yes. Strap material: Other. Customer rating: 3.8/5 from 3,805 ratings.",imputed_brand_median,imputed_brand_median,1.7
785,Zebronics,ZEB-FIT650,smartwatch,3449.0,4199.0,17.9,2.9,17.0,,2.4,7.0,True,True,Silicon,Circle,Black,False,,False,kaggle_arnabchaki,"ZEB-FIT650 by Zebronics is a smartwatch. Price: INR 3,449 (MRP INR 4,199, 17.9% off). Display size: 2.4 inches. Battery life: 7 days (estimate based on similar watches from this brand). Touchscreen: yes. Bluetooth: yes. Strap material: Silicon. Customer rating: 2.9/5 from 17 ratings.",dataset,imputed_brand_median,2.4
786,Zebronics,ZEB-FIT650CH,smartwatch,3297.0,4199.0,21.5,2.9,,TFT-LCD Display,1.7,7.0,,,Silicone,,,False,,False,kaggle_devsubhash,"ZEB-FIT650CH by Zebronics is a smartwatch. Price: INR 3,297 (MRP INR 4,199, 21.5% off). Display size: 1.7 inches (estimate based on similar watches from this brand). Display type: TFT-LCD Display. Battery life: 7 days. Strap material: Silicone. Customer rating: 2.9/5.",imputed_brand_median,dataset,1.7
787,Zebronics,ZEB-FIT7220CH (Metallic Silver),smartwatch,2099.0,7999.0,73.8,3.8,7386.0,,1.7,7.0,True,True,Metal,,,False,,False,kaggle_arnabchaki,"ZEB-FIT7220CH (Metallic Silver) by Zebronics is a smartwatch. Price: INR 2,099 (MRP INR 7,999, 73.8% off). Display size: 1.7 inches (estimate based on similar watches from this brand). Battery life: 7 days (estimate based on similar watches from this brand). Touchscreen: yes. Bluetooth: yes. Strap material: Metal. Customer rating: 3.8/5 from 7,386 ratings.",imputed_brand_median,imputed_brand_median,1.7
788,Zebronics,ZEB-FIT8220CH,smartwatch,1799.0,3999.0,55.0,4.2,1823.0,,1.7,7.0,True,True,Silicon,Square,Rose Gold,False,,False,kaggle_arnabchaki,"ZEB-FIT8220CH by Zebronics is a smartwatch. Price: INR 1,799 (MRP INR 3,999, 55% off). Display size: 1.7 inches (estimate based on similar watches from this brand). Battery life: 7 days (estimate based on similar watches from this brand). Touchscreen: yes. Bluetooth: yes. Strap material: Silicon. Customer rating: 4.2/5 from 1,823 ratings.",imputed_brand_median,imputed_brand_median,1.7
789,Zebronics,ZEB-FIT8220CH,smartwatch,2199.0,3999.0,45.0,4.5,,TFT-LCD Display,1.7,7.0,,,Silicone,,,False,,False,kaggle_devsubhash,"ZEB-FIT8220CH by Zebronics is a smartwatch. Price: INR 2,199 (MRP INR 3,999, 45% off). Display size: 1.7 inches (estimate based on similar watches from this brand). Display type: TFT-LCD Display. Battery life: 7 days. Strap material: Silicone. Customer rating: 4.5/5.",imputed_brand_median,dataset,1.7
790,Zebronics,ZEB-FIT920CH,smartwatch,1399.0,4499.0,68.9,4.0,469.0,,1.7,7.0,True,True,Thermo Plastic Polyurethene,Square,Red,False,,False,kaggle_arnabchaki,"ZEB-FIT920CH by Zebronics is a smartwatch. Price: INR 1,399 (MRP INR 4,499, 68.9% off). Display size: 1.7 inches (estimate based on similar watches from this brand). Battery life: 7 days (estimate based on similar watches from this brand). Touchscreen: yes. Bluetooth: yes. Strap material: Thermo Plastic Polyurethene. Customer rating: 4.0/5 from 469 ratings.",imputed_brand_median,imputed_brand_median,1.7
791,Zebronics,ZEB-FIT920CH,smartwatch,2499.0,4499.0,44.5,4.6,,TFT-LCD Display,1.7,7.0,,,Thermoplastic polyurethane,,,False,,False,kaggle_devsubhash,"ZEB-FIT920CH by Zebronics is a smartwatch. Price: INR 2,499 (MRP INR 4,499, 44.5% off). Display size: 1.7 inches (estimate based on similar watches from this brand). Display type: TFT-LCD Display. Battery life: 7 days. Strap material: Thermoplastic polyurethane. Customer rating: 4.6/5.",imputed_brand_median,dataset,1.7
792,Zebronics,ZEB-FITME,smartwatch,2199.0,4999.0,56.0,3.9,22.0,,1.3,7.0,True,True,Silicon,Square,Black,False,,False,kaggle_arnabchaki,"ZEB-FITME by Zebronics is a smartwatch. Price: INR 2,199 (MRP INR 4,999, 56% off). Display size: 1.3 inches. Battery life: 7 days (estimate based on similar watches from this brand). Touchscreen: yes. Bluetooth: yes. Strap material: Silicon. Customer rating: 3.9/5 from 22 ratings.",dataset,imputed_brand_median,1.3
793,Zebronics,ZEB-FITMe,smartwatch,2799.0,4999.0,44.0,4.5,,TFT-LCD Display,1.7,7.0,,,Thermoplastic polyurethane,,,False,,False,kaggle_devsubhash,"ZEB-FITMe by Zebronics is a smartwatch. Price: INR 2,799 (MRP INR 4,999, 44% off). Display size: 1.7 inches (estimate based on similar watches from this brand). Display type: TFT-LCD Display. Battery life: 7 days. Strap material: Thermoplastic polyurethane. Customer rating: 4.5/5.",imputed_brand_median,dataset,1.7
794,Zebronics,Zeb Fit 4220 CH,smartwatch,3499.0,7999.0,56.3,1.0,1.0,,1.3,7.0,True,True,Silicon,Circle,Black,False,,False,kaggle_arnabchaki,"Zeb Fit 4220 CH by Zebronics is a smartwatch. Price: INR 3,499 (MRP INR 7,999, 56.3% off). Display size: 1.3 inches. Battery life: 7 days (estimate based on similar watches from this brand). Touchscreen: yes. Bluetooth: yes. Strap material: Silicon. Customer rating: 1.0/5 from 1 ratings.",dataset,imputed_brand_median,1.3
795,Zebronics,Zeb Fit 7220 CH,smartwatch,4499.0,7499.0,40.0,3.7,3.0,,1.7,7.0,True,True,Silicon,Rectangle,Black,False,,False,kaggle_arnabchaki,"Zeb Fit 7220 CH by Zebronics is a smartwatch. Price: INR 4,499 (MRP INR 7,499, 40% off). Display size: 1.7 inches. Battery life: 7 days (estimate based on similar watches from this brand). Touchscreen: yes. Bluetooth: yes. Strap material: Silicon. Customer rating: 3.7/5 from 3 ratings.",dataset,imputed_brand_median,1.7
796,Zebronics,Zeb-Fit Me,smartwatch,2199.0,4999.0,56.0,3.9,272.0,,1.7,7.0,True,True,Thermo Plastic Polyurethene,Square,Green,False,,False,kaggle_arnabchaki,"Zeb-Fit Me by Zebronics is a smartwatch. Price: INR 2,199 (MRP INR 4,999, 56% off). Display size: 1.7 inches (estimate based on similar watches from this brand). Battery life: 7 days (estimate based on similar watches from this brand). Touchscreen: yes. Bluetooth: yes. Strap material: Thermo Plastic Polyurethene. Customer rating: 3.9/5 from 272 ratings.",imputed_brand_median,imputed_brand_median,1.7
797,Zebronics,Zeb-Fit1220CH,smartwatch,3499.0,3999.0,12.5,3.9,,,1.5,7.0,True,True,Silicon,Square,Gold,False,,False,kaggle_arnabchaki,"Zeb-Fit1220CH by Zebronics is a smartwatch. Price: INR 3,499 (MRP INR 3,999, 12.5% off). Display size: 1.5 inches. Battery life: 7 days (estimate based on similar watches from this brand). Touchscreen: yes. Bluetooth: yes. Strap material: Silicon. Customer rating: 3.9/5.",dataset,imputed_brand_median,1.5
798,Zebronics,Zeb-Fit280CH(Blue),smartwatch,1999.0,3999.0,50.0,3.8,2452.0,,1.7,7.0,True,True,Other,,,False,,False,kaggle_arnabchaki,"Zeb-Fit280CH(Blue) by Zebronics is a smartwatch. Price: INR 1,999 (MRP INR 3,999, 50% off). Display size: 1.7 inches (estimate based on similar watches from this brand). Battery life: 7 days (estimate based on similar watches from this brand). Touchscreen: yes. Bluetooth: yes. Strap material: Other. Customer rating: 3.8/5 from 2,452 ratings.",imputed_brand_median,imputed_brand_median,1.7
799,Zebronics,Zeb-Fit4220CH,smartwatch,2399.0,7999.0,70.0,3.9,1328.0,,1.7,7.0,True,True,Silicon,Circle,Silver,False,,False,kaggle_arnabchaki,"Zeb-Fit4220CH by Zebronics is a smartwatch. Price: INR 2,399 (MRP INR 7,999, 70% off). Display size: 1.7 inches (estimate based on similar watches from this brand). Battery life: 7 days (estimate based on similar watches from this brand). Touchscreen: yes. Bluetooth: yes. Strap material: Silicon. Customer rating: 3.9/5 from 1,328 ratings.",imputed_brand_median,imputed_brand_median,1.7
800,Zebronics,Zeb-Fit7220CH,smartwatch,2999.0,7999.0,62.5,3.5,22.0,,1.7,7.0,True,True,Silicon,Rectangle,Black,False,,False,kaggle_arnabchaki,"Zeb-Fit7220CH by Zebronics is a smartwatch. Price: INR 2,999 (MRP INR 7,999, 62.5% off). Display size: 1.7 inches (estimate based on similar watches from this brand). Battery life: 7 days (estimate based on similar watches from this brand). Touchscreen: yes. Bluetooth: yes. Strap material: Silicon. Customer rating: 3.5/5 from 22 ratings.",imputed_brand_median,imputed_brand_median,1.7
801,boAt,BoAt Wave Call Plus,smartwatch,2199.0,7999.0,72.5,,,,1.8,,True,True,,,,False,,False,kaggle_arnabchaki,"BoAt Wave Call Plus by boAt is a smartwatch. Price: INR 2,199 (MRP INR 7,999, 72.5% off). Display size: 1.8 inches. Battery life: not listed. Touchscreen: yes. Bluetooth: yes.",dataset,missing,1.8
802,boAt,Delta,smartwatch,2499.0,5990.0,58.3,3.6,,LCD Display,1.7,7.0,,,Silicone,,,False,,False,kaggle_devsubhash,"Delta by boAt is a smartwatch. Price: INR 2,499 (MRP INR 5,990, 58.3% off). Display size: 1.7 inches (estimate based on similar watches from this brand). Display type: LCD Display. Battery life: 7 days. Strap material: Silicone. Customer rating: 3.6/5.",imputed_brand_median,dataset,1.7
803,boAt,O2,smartwatch,7990.0,7990.0,0.0,4.1,,LCD Display,1.7,10.0,,,Thermoplastic polyurethane,,,False,,False,kaggle_devsubhash,"O2 by boAt is a smartwatch. Price: INR 7,990. Display size: 1.7 inches (estimate based on similar watches from this brand). Display type: LCD Display. Battery life: 10 days. Strap material: Thermoplastic polyurethane. Customer rating: 4.1/5.",imputed_brand_median,dataset,1.7
804,boAt,Storm,smartwatch,2999.0,5990.0,49.9,4.1,,LCD Display,1.7,7.0,,,Thermoplastic polyurethane,,,False,,False,kaggle_devsubhash,"Storm by boAt is a smartwatch. Price: INR 2,999 (MRP INR 5,990, 49.9% off). Display size: 1.7 inches (estimate based on similar watches from this brand). Display type: LCD Display. Battery life: 7 days. Strap material: Thermoplastic polyurethane. Customer rating: 4.1/5.",imputed_brand_median,dataset,1.7
805,boAt,"Storm 1.3"" CurvedDisplay",smartwatch,1299.0,5990.0,78.3,4.1,619130.0,,1.3,,True,True,Thermo Plastic Polyurethene,Square,Blue,False,,False,kaggle_arnabchaki,"Storm 1.3"" CurvedDisplay by boAt is a smartwatch. Price: INR 1,299 (MRP INR 5,990, 78.3% off). Display size: 1.3 inches. Battery life: not listed. Touchscreen: yes. Bluetooth: yes. Strap material: Thermo Plastic Polyurethene. Customer rating: 4.1/5 from 619,130 ratings.",dataset,missing,1.3
806,boAt,"Storm Pro Call with Bluetooth Calling, 1.78'' AMOLED Display and ASAP Charge",smartwatch,3299.0,9799.0,66.3,4.1,13261.0,,1.8,,True,True,Silicon,Rectangle,Red,False,,False,kaggle_arnabchaki,"Storm Pro Call with Bluetooth Calling, 1.78'' AMOLED Display and ASAP Charge by boAt is a smartwatch. Price: INR 3,299 (MRP INR 9,799, 66.3% off). Display size: 1.8 inches. Battery life: not listed. Touchscreen: yes. Bluetooth: yes. Strap material: Silicon. Customer rating: 4.1/5 from 13,261 ratings.",dataset,missing,1.8
807,boAt,"Storm Pro with 1.78"" AMOLED Display, 700+ Active Modes",smartwatch,1999.0,8999.0,77.8,3.9,6469.0,,1.8,,True,True,Silicon,Rectangle,Black,False,,False,kaggle_arnabchaki,"Storm Pro with 1.78"" AMOLED Display, 700+ Active Modes by boAt is a smartwatch. Price: INR 1,999 (MRP INR 8,999, 77.8% off). Display size: 1.8 inches. Battery life: not listed. Touchscreen: yes. Bluetooth: yes. Strap material: Silicon. Customer rating: 3.9/5 from 6,469 ratings.",dataset,missing,1.8
808,boAt,Storm call 1.69 inch HD display with bluetooth calling and 550 nits brightness,smartwatch,1799.0,7990.0,77.5,4.1,125524.0,,1.7,,True,True,Silicon,Rectangle,Blue,False,,False,kaggle_arnabchaki,"Storm call 1.69 inch HD display with bluetooth calling and 550 nits brightness by boAt is a smartwatch. Price: INR 1,799 (MRP INR 7,990, 77.5% off). Display size: 1.7 inches. Battery life: not listed. Touchscreen: yes. Bluetooth: yes. Strap material: Silicon. Customer rating: 4.1/5 from 125,524 ratings.",dataset,missing,1.7
809,boAt,Vertex,smartwatch,2499.0,6990.0,64.2,3.9,,AMOLED Display,1.7,7.0,,,Silicone,,,False,,False,kaggle_devsubhash,"Vertex by boAt is a smartwatch. Price: INR 2,499 (MRP INR 6,990, 64.2% off). Display size: 1.7 inches (estimate based on similar watches from this brand). Display type: AMOLED Display. Battery life: 7 days. Strap material: Silicone. Customer rating: 3.9/5.",imputed_brand_median,dataset,1.7
810,boAt,"Vertex 1.69"" HealthEcosystem",smartwatch,2299.0,6990.0,67.1,3.9,16676.0,,1.7,,True,True,Silicon,Square,Black,False,,False,kaggle_arnabchaki,"Vertex 1.69"" HealthEcosystem by boAt is a smartwatch. Price: INR 2,299 (MRP INR 6,990, 67.1% off). Display size: 1.7 inches. Battery life: not listed. Touchscreen: yes. Bluetooth: yes. Strap material: Silicon. Customer rating: 3.9/5 from 16,676 ratings.",dataset,missing,1.7
811,boAt,Watch Blaze,smartwatch,1799.0,6990.0,74.3,3.9,2931.0,,1.8,,True,True,Metal,,,False,,False,kaggle_arnabchaki,"Watch Blaze by boAt is a smartwatch. Price: INR 1,799 (MRP INR 6,990, 74.3% off). Display size: 1.8 inches. Battery life: not listed. Touchscreen: yes. Bluetooth: yes. Strap material: Metal. Customer rating: 3.9/5 from 2,931 ratings.",dataset,missing,1.8
812,boAt,Watch Flash,smartwatch,1199.0,6990.0,82.8,4.0,27771.0,,1.3,,True,True,Silicon,,,False,,False,kaggle_arnabchaki,"Watch Flash by boAt is a smartwatch. Price: INR 1,199 (MRP INR 6,990, 82.8% off). Display size: 1.3 inches. Battery life: not listed. Touchscreen: yes. Bluetooth: yes. Strap material: Silicon. Customer rating: 4.0/5 from 27,771 ratings.",dataset,missing,1.3
813,boAt,"Watch Mercury 1.54"" TFTDisplay",smartwatch,1999.0,6990.0,71.4,3.9,12026.0,,1.5,,True,True,Silicon,Rectangle,Blue,False,,False,kaggle_arnabchaki,"Watch Mercury 1.54"" TFTDisplay by boAt is a smartwatch. Price: INR 1,999 (MRP INR 6,990, 71.4% off). Display size: 1.5 inches. Battery life: not listed. Touchscreen: yes. Bluetooth: yes. Strap material: Silicon. Customer rating: 3.9/5 from 12,026 ratings.",dataset,missing,1.5
814,boAt,Wave Arcade with 1.81 inch HD Display and Bluetooth Calling,smartwatch,2499.0,7990.0,68.7,4.0,8179.0,,1.8,,True,True,Silicon,Rectangle,Green,False,,False,kaggle_arnabchaki,"Wave Arcade with 1.81 inch HD Display and Bluetooth Calling by boAt is a smartwatch. Price: INR 2,499 (MRP INR 7,990, 68.7% off). Display size: 1.8 inches. Battery life: not listed. Touchscreen: yes. Bluetooth: yes. Strap material: Silicon. Customer rating: 4.0/5 from 8,179 ratings.",dataset,missing,1.8
815,boAt,Wave Call,smartwatch,1999.0,7990.0,75.0,3.8,21724.0,,1.7,,True,True,Silicon,,,False,,False,kaggle_arnabchaki,"Wave Call by boAt is a smartwatch. Price: INR 1,999 (MRP INR 7,990, 75% off). Display size: 1.7 inches. Battery life: not listed. Touchscreen: yes. Bluetooth: yes. Strap material: Silicon. Customer rating: 3.8/5 from 21,724 ratings.",dataset,missing,1.7
816,boAt,"Wave Connect with Bluetooth Calling, Voice Assistant and 1.69"" HD Display",smartwatch,2499.0,5990.0,58.3,4.2,39734.0,,1.7,,True,True,Silicon,Rectangle,Grey,False,,False,kaggle_arnabchaki,"Wave Connect with Bluetooth Calling, Voice Assistant and 1.69"" HD Display by boAt is a smartwatch. Price: INR 2,499 (MRP INR 5,990, 58.3% off). Display size: 1.7 inches. Battery life: not listed. Touchscreen: yes. Bluetooth: yes. Strap material: Silicon. Customer rating: 4.2/5 from 39,734 ratings.",dataset,missing,1.7
817,boAt,"Wave Infinity with 1.85"" HD Screen, Functional Crown and Bluetooth Calling",smartwatch,2499.0,8990.0,72.2,4.2,2893.0,,1.9,,True,True,Silicon,Rectangle,Black,False,,False,kaggle_arnabchaki,"Wave Infinity with 1.85"" HD Screen, Functional Crown and Bluetooth Calling by boAt is a smartwatch. Price: INR 2,499 (MRP INR 8,990, 72.2% off). Display size: 1.9 inches. Battery life: not listed. Touchscreen: yes. Bluetooth: yes. Strap material: Silicon. Customer rating: 4.2/5 from 2,893 ratings.",dataset,missing,1.9
818,boAt,Wave Lite,smartwatch,1699.0,6990.0,75.7,3.9,23498.0,,1.7,,True,True,Stainless Steel,,,False,,False,kaggle_arnabchaki,"Wave Lite by boAt is a smartwatch. Price: INR 1,699 (MRP INR 6,990, 75.7% off). Display size: 1.7 inches. Battery life: not listed. Touchscreen: yes. Bluetooth: yes. Strap material: Stainless Steel. Customer rating: 3.9/5 from 23,498 ratings.",dataset,missing,1.7
819,boAt,"Wave Neo with 1.69 inch , 2.5D Curved Display & Multiple Sports Modes",smartwatch,1699.0,5990.0,71.6,4.0,98388.0,,1.7,,True,True,Silicon,Rectangle,Black,False,,False,kaggle_arnabchaki,"Wave Neo with 1.69 inch , 2.5D Curved Display & Multiple Sports Modes by boAt is a smartwatch. Price: INR 1,699 (MRP INR 5,990, 71.6% off). Display size: 1.7 inches. Battery life: not listed. Touchscreen: yes. Bluetooth: yes. Strap material: Silicon. Customer rating: 4.0/5 from 98,388 ratings.",dataset,missing,1.7
820,boAt,"Wave Select with 1.69"" HD Display, upto 10 Days Battery, HR & SpO2 Monitoring",smartwatch,2799.0,5990.0,53.3,3.9,2406.0,,1.6,10.0,True,True,Silicon,Square,Green,False,,False,kaggle_arnabchaki,"Wave Select with 1.69"" HD Display, upto 10 Days Battery, HR & SpO2 Monitoring by boAt is a smartwatch. Price: INR 2,799 (MRP INR 5,990, 53.3% off). Display size: 1.6 inches. Battery life: 10 days (from the product title). Touchscreen: yes. Bluetooth: yes. Strap material: Silicon. Customer rating: 3.9/5 from 2,406 ratings.",dataset,extracted_from_title,1.6
821,boAt,"Wave Ultima with 1.8 inch Curve Arc HD Display, Bluetooth Calling with BT v5.3",smartwatch,3999.0,6990.0,42.8,4.2,628.0,,1.8,,True,True,Silicon,Rectangle,Red,False,,False,kaggle_arnabchaki,"Wave Ultima with 1.8 inch Curve Arc HD Display, Bluetooth Calling with BT v5.3 by boAt is a smartwatch. Price: INR 3,999 (MRP INR 6,990, 42.8% off). Display size: 1.8 inches. Battery life: not listed. Touchscreen: yes. Bluetooth: yes. Strap material: Silicon. Customer rating: 4.2/5 from 628 ratings.",dataset,missing,1.8
822,boAt,Wave beat 1.69Inch HD display with complete health monitoring,smartwatch,1499.0,5990.0,75.0,4.1,45492.0,,1.6,,True,True,Silicon,Rectangle,Red,False,,False,kaggle_arnabchaki,"Wave beat 1.69Inch HD display with complete health monitoring by boAt is a smartwatch. Price: INR 1,499 (MRP INR 5,990, 75% off). Display size: 1.6 inches. Battery life: not listed. Touchscreen: yes. Bluetooth: yes. Strap material: Silicon. Customer rating: 4.1/5 from 45,492 ratings.",dataset,missing,1.6
823,boAt,Wave pro 1.69inch HD display withTemperature Sensor and live cricket updates,smartwatch,1299.0,6990.0,81.4,3.9,17456.0,,1.7,,True,True,Silicon,Rectangle,Purple,False,,False,kaggle_arnabchaki,"Wave pro 1.69inch HD display withTemperature Sensor and live cricket updates by boAt is a smartwatch. Price: INR 1,299 (MRP INR 6,990, 81.4% off). Display size: 1.7 inches. Battery life: not listed. Touchscreen: yes. Bluetooth: yes. Strap material: Silicon. Customer rating: 3.9/5 from 17,456 ratings.",dataset,missing,1.7
824,boAt,Xplorer,smartwatch,2999.0,7990.0,62.5,3.8,11340.0,,1.3,,True,True,Silicon,Square,Black,False,,False,kaggle_arnabchaki,"Xplorer by boAt is a smartwatch. Price: INR 2,999 (MRP INR 7,990, 62.5% off). Display size: 1.3 inches. Battery life: not listed. Touchscreen: yes. Bluetooth: yes. Strap material: Silicon. Customer rating: 3.8/5 from 11,340 ratings.",dataset,missing,1.3
825,boAt,Xplorer,smartwatch,3499.0,7990.0,56.2,3.8,,LCD Display,1.7,10.0,,,Thermoplastic polyurethane,,,False,,False,kaggle_devsubhash,"Xplorer by boAt is a smartwatch. Price: INR 3,499 (MRP INR 7,990, 56.2% off). Display size: 1.7 inches (estimate based on similar watches from this brand). Display type: LCD Display. Battery life: 10 days. Strap material: Thermoplastic polyurethane. Customer rating: 3.8/5.",imputed_brand_median,dataset,1.7
826,pTron,Pulsefit,smartwatch,799.0,3199.0,75.0,2.5,,TFT-LCD Display,,3.0,,,Silicone,,,False,,False,kaggle_devsubhash,"Pulsefit by pTron is a smartwatch. Price: INR 799 (MRP INR 3,199, 75% off). Display size: not listed. Display type: TFT-LCD Display. Battery life: 3 days. Strap material: Silicone. Customer rating: 2.5/5.",missing,dataset,
827,pTron,Pulsefit P261,smartwatch,1299.0,2999.0,56.7,3.1,,TFT-LCD Display,,3.0,,,Silicone,,,False,,False,kaggle_devsubhash,"Pulsefit P261 by pTron is a smartwatch. Price: INR 1,299 (MRP INR 2,999, 56.7% off). Display size: not listed. Display type: TFT-LCD Display. Battery life: 3 days. Strap material: Silicone. Customer rating: 3.1/5.",missing,dataset,
828,pTron,Pulsefit P461,smartwatch,1399.0,2999.0,53.4,3.3,,TFT-LCD Display,,3.0,,,Silicone,,,False,,False,kaggle_devsubhash,"Pulsefit P461 by pTron is a smartwatch. Price: INR 1,399 (MRP INR 2,999, 53.4% off). Display size: not listed. Display type: TFT-LCD Display. Battery life: 3 days. Strap material: Silicone. Customer rating: 3.3/5.",missing,dataset,
829,pTron,Rhythm,smartwatch,1099.0,3000.0,63.4,3.4,,LCD Display,,7.0,,,Silicone,,,False,,False,kaggle_devsubhash,"Rhythm by pTron is a smartwatch. Price: INR 1,099 (MRP INR 3,000, 63.4% off). Display size: not listed. Display type: LCD Display. Battery life: 7 days. Strap material: Silicone. Customer rating: 3.4/5.",missing,dataset,
830,pTron,Tronite,smartwatch,949.0,2000.0,52.6,3.7,,LCD Display,,3.0,,,Silicone,,,False,,False,kaggle_devsubhash,"Tronite by pTron is a smartwatch. Price: INR 949 (MRP INR 2,000, 52.6% off). Display size: not listed. Display type: LCD Display. Battery life: 3 days. Strap material: Silicone. Customer rating: 3.7/5.",missing,dataset,
